L 7076.3838, -2039.4154, -63.2177,  7076.7861, -2000.4374, -63.2177,  150, 0, 200
L 3879.2505, -4256.9805, -100.8740,  3883.9163, -4260.3135, -97.7490,  0, 0, 0
L 3871.6238, -4251.5337, -100.8740,  3879.2505, -4256.9805, -100.8740,  0, 0, 0
L 3870.7786, -4250.8770, -100.8740,  3871.6238, -4251.5337, -100.8740,  0, 0, 0
L 3869.8396, -4250.5215, -100.8740,  3870.7786, -4250.8770, -100.8740,  0, 0, 0
L 3757.5750, -4270.8906, -100.8740,  3869.8396, -4250.5215, -100.8740,  0, 0, 0
L 3756.3455, -4271.1143, -100.8740,  3757.5750, -4270.8906, -100.8740,  0, 0, 0
L 3658.1824, -4258.3936, -100.8740,  3756.3455, -4271.1143, -100.8740,  0, 0, 0
L 3638.6636, -4255.8452, -100.8740,  3658.1824, -4258.3936, -100.8740,  0, 0, 0
L 3637.2771, -4255.6768, -100.8740,  3638.6636, -4255.8452, -100.8740,  0, 0, 0
L 3519.1990, -4280.0894, -100.8740,  3637.2771, -4255.6768, -100.8740,  0, 0, 0
L 3490.3411, -4286.0732, -100.8740,  3519.1990, -4280.0894, -100.8740,  0, 0, 0
L 3488.9751, -4286.3608, -100.8740,  3490.3411, -4286.0732, -100.8740,  0, 0, 0
L 3487.6436, -4286.5518, -100.8740,  3488.9751, -4286.3608, -100.8740,  0, 0, 0
L 3486.4351, -4287.1934, -100.8740,  3487.6436, -4286.5518, -100.8740,  0, 0, 0
L 3431.5347, -4357.0811, -100.8740,  3486.4351, -4287.1934, -100.8740,  0, 0, 0
L 3430.7073, -4358.1343, -100.8740,  3431.5347, -4357.0811, -100.8740,  0, 0, 0
L 3429.7727, -4359.1318, -100.8740,  3430.7073, -4358.1343, -100.8740,  0, 0, 0
L 3429.3489, -4361.8477, -100.8740,  3429.7727, -4359.1318, -100.8740,  0, 0, 0
L 3429.4314, -4362.8892, -100.8740,  3429.3489, -4361.8477, -100.8740,  0, 0, 0
L 3429.9080, -4368.8906, -100.8740,  3429.4314, -4362.8892, -100.8740,  0, 0, 0
L 3429.9961, -4370.0044, -100.8740,  3429.9080, -4368.8906, -100.8740,  0, 0, 0
L 3430.4612, -4375.8584, -100.8740,  3429.9961, -4370.0044, -100.8740,  0, 0, 0
L 3430.5520, -4377.0054, -100.8740,  3430.4612, -4375.8584, -100.8740,  0, 0, 0
L 3431.0137, -4382.8257, -100.8740,  3430.5520, -4377.0054, -100.8740,  0, 0, 0
L 3431.0918, -4383.8032, -100.8740,  3431.0137, -4382.8257, -100.8740,  0, 0, 0
L 3431.5242, -4389.2349, -100.8740,  3431.0918, -4383.8032, -100.8740,  0, 0, 0
L 3431.6216, -4390.4487, -100.8740,  3431.5242, -4389.2349, -100.8740,  0, 0, 0
L 3432.0911, -4396.3169, -100.8740,  3431.6216, -4390.4487, -100.8740,  0, 0, 0
L 3432.1758, -4397.3784, -100.8740,  3432.0911, -4396.3169, -100.8740,  0, 0, 0
L 3432.6580, -4403.4004, -100.8740,  3432.1758, -4397.3784, -100.8740,  0, 0, 0
L 3432.7427, -4404.4629, -100.8740,  3432.6580, -4403.4004, -100.8740,  0, 0, 0
L 3433.2151, -4410.3643, -100.8740,  3432.7427, -4404.4629, -100.8740,  0, 0, 0
L 3433.2986, -4411.4097, -100.8740,  3433.2151, -4410.3643, -100.8740,  0, 0, 0
L 3433.7693, -4417.2944, -100.8740,  3433.2986, -4411.4097, -100.8740,  0, 0, 0
L 3433.8545, -4418.3564, -100.8740,  3433.7693, -4417.2944, -100.8740,  0, 0, 0
L 3434.3318, -4424.3252, -100.8740,  3433.8545, -4418.3564, -100.8740,  0, 0, 0
L 3434.4153, -4425.3696, -100.8740,  3434.3318, -4424.3252, -100.8740,  0, 0, 0
L 3434.8853, -4431.2388, -100.8740,  3434.4153, -4425.3696, -100.8740,  0, 0, 0
L 3434.9717, -4432.3184, -100.8740,  3434.8853, -4431.2388, -100.8740,  0, 0, 0
L 3435.4478, -4438.2695, -100.8740,  3434.9717, -4432.3184, -100.8740,  0, 0, 0
L 3435.5325, -4439.3315, -100.8740,  3435.4478, -4438.2695, -100.8740,  0, 0, 0
L 3436.0010, -4445.1812, -100.8740,  3435.5325, -4439.3315, -100.8740,  0, 0, 0
L 3436.0872, -4446.2607, -100.8740,  3436.0010, -4445.1812, -100.8740,  0, 0, 0
L 3436.5603, -4452.1797, -100.8740,  3436.0872, -4446.2607, -100.8740,  0, 0, 0
L 3436.6482, -4453.2754, -100.8740,  3436.5603, -4452.1797, -100.8740,  0, 0, 0
L 3437.1270, -4459.2593, -100.8740,  3436.6482, -4453.2754, -100.8740,  0, 0, 0
L 3437.2212, -4460.4390, -100.8740,  3437.1270, -4459.2593, -100.8740,  0, 0, 0
L 3437.6814, -4466.1895, -100.8740,  3437.2212, -4460.4390, -100.8740,  0, 0, 0
L 3437.7786, -4467.4043, -100.8740,  3437.6814, -4466.1895, -100.8740,  0, 0, 0
L 3438.2522, -4473.3218, -100.8740,  3437.7786, -4467.4043, -100.8740,  0, 0, 0
L 3438.3628, -4474.7046, -100.8740,  3438.2522, -4473.3218, -100.8740,  0, 0, 0
L 3438.8455, -4480.7363, -100.8740,  3438.3628, -4474.7046, -100.8740,  0, 0, 0
L 3438.9368, -4481.8770, -100.8740,  3438.8455, -4480.7363, -100.8740,  0, 0, 0
L 3439.4231, -4489.2051, -100.8740,  3438.9368, -4481.8770, -100.8740,  0, 0, 0
L 3439.9363, -4491.4253, -100.8740,  3439.4231, -4489.2051, -100.8740,  0, 0, 0
L 3440.3555, -4493.2422, -100.8740,  3439.9363, -4491.4253, -100.8740,  0, 0, 0
L 3440.6311, -4494.4351, -100.8740,  3440.3555, -4493.2422, -100.8740,  0, 0, 0
L 3441.1182, -4496.5449, -100.8740,  3440.6311, -4494.4351, -100.8740,  0, 0, 0
L 3441.4065, -4497.7935, -100.8740,  3441.1182, -4496.5449, -100.8740,  0, 0, 0
L 3441.8096, -4499.5376, -100.8740,  3441.4065, -4497.7935, -100.8740,  0, 0, 0
L 3442.1060, -4500.8228, -100.8740,  3441.8096, -4499.5376, -100.8740,  0, 0, 0
L 3442.4622, -4502.3643, -100.8740,  3442.1060, -4500.8228, -100.8740,  0, 0, 0
L 3442.7334, -4503.5396, -100.8740,  3442.4622, -4502.3643, -100.8740,  0, 0, 0
L 3443.1531, -4505.3564, -100.8740,  3442.7334, -4503.5396, -100.8740,  0, 0, 0
L 3443.4285, -4506.5493, -100.8740,  3443.1531, -4505.3564, -100.8740,  0, 0, 0
L 3443.8948, -4508.5684, -100.8740,  3443.4285, -4506.5493, -100.8740,  0, 0, 0
L 3444.0259, -4509.1367, -100.8740,  3443.8948, -4508.5684, -100.8740,  0, 0, 0
L 3444.5220, -4511.2847, -100.8740,  3444.0259, -4509.1367, -100.8740,  0, 0, 0
L 3444.8103, -4512.5327, -100.8740,  3444.5220, -4511.2847, -100.8740,  0, 0, 0
L 3445.2085, -4514.2588, -100.8740,  3444.8103, -4512.5327, -100.8740,  0, 0, 0
L 3445.4971, -4515.5068, -100.8740,  3445.2085, -4514.2588, -100.8740,  0, 0, 0
L 3445.9209, -4517.3428, -100.8740,  3445.4971, -4515.5068, -100.8740,  0, 0, 0
L 3446.2129, -4518.6094, -100.8740,  3445.9209, -4517.3428, -100.8740,  0, 0, 0
L 3446.5647, -4520.1313, -100.8740,  3446.2129, -4518.6094, -100.8740,  0, 0, 0
L 3446.8318, -4521.2886, -100.8740,  3446.5647, -4520.1313, -100.8740,  0, 0, 0
L 3447.2222, -4522.9771, -100.8740,  3446.8318, -4521.2886, -100.8740,  0, 0, 0
L 3447.4722, -4524.0605, -100.8740,  3447.2222, -4522.9771, -100.8740,  0, 0, 0
L 3447.9429, -4526.0981, -100.8740,  3447.4722, -4524.0605, -100.8740,  0, 0, 0
L 3448.2266, -4527.3276, -100.8740,  3447.9429, -4526.0981, -100.8740,  0, 0, 0
L 3448.5762, -4536.9463, -100.8740,  3448.2266, -4527.3276, -100.8740,  0, 0, 0
L 3448.6060, -4538.1221, -100.8740,  3448.5762, -4536.9463, -100.8740,  0, 0, 0
L 3449.0962, -4542.0356, -100.8740,  3448.6060, -4538.1221, -100.8740,  0, 0, 0
L 3449.1824, -4542.6187, -100.8740,  3449.0962, -4542.0356, -100.8740,  0, 0, 0
L 3449.6321, -4545.6475, -100.8740,  3449.1824, -4542.6187, -100.8740,  0, 0, 0
L 3449.8252, -4546.9478, -100.8740,  3449.6321, -4545.6475, -100.8740,  0, 0, 0
L 3450.2566, -4549.8550, -100.8740,  3449.8252, -4546.9478, -100.8740,  0, 0, 0
L 3450.4258, -4550.9922, -100.8740,  3450.2566, -4549.8550, -100.8740,  0, 0, 0
L 3450.9124, -4554.2720, -100.8740,  3450.4258, -4550.9922, -100.8740,  0, 0, 0
L 3451.0635, -4555.2905, -100.8740,  3450.9124, -4554.2720, -100.8740,  0, 0, 0
L 3454.1309, -4557.2090, -100.8740,  3451.0635, -4555.2905, -100.8740,  0, 0, 0
L 3455.1814, -4557.8213, -100.8740,  3454.1309, -4557.2090, -100.8740,  0, 0, 0
L 3456.4375, -4558.3755, -100.8740,  3455.1814, -4557.8213, -100.8740,  0, 0, 0
L 3528.5940, -4544.8354, -100.8740,  3456.4375, -4558.3755, -100.8740,  0, 0, 0
L 3538.2000, -4543.0356, -100.8740,  3528.5940, -4544.8354, -100.8740,  0, 0, 0
L 3539.3013, -4542.8667, -100.8740,  3538.2000, -4543.0356, -100.8740,  0, 0, 0
L 3540.4656, -4542.2310, -100.8740,  3539.3013, -4542.8667, -100.8740,  0, 0, 0
L 3580.4744, -4492.1978, -100.8740,  3540.4656, -4542.2310, -100.8740,  0, 0, 0
L 3581.2095, -4491.2773, -100.8740,  3580.4744, -4492.1978, -100.8740,  0, 0, 0
L 3665.4534, -4501.1753, -100.8740,  3581.2095, -4491.2773, -100.8740,  0, 0, 0
L 3666.8533, -4501.3389, -100.8740,  3665.4534, -4501.1753, -100.8740,  0, 0, 0
L 3667.2583, -4506.5884, -100.8740,  3666.8533, -4501.3389, -100.8740,  0, 0, 0
L 3667.3457, -4507.7192, -100.8740,  3667.2583, -4506.5884, -100.8740,  0, 0, 0
L 3667.8313, -4513.9980, -100.8740,  3667.3457, -4507.7192, -100.8740,  0, 0, 0
L 3667.8821, -4514.6553, -100.8740,  3667.8313, -4513.9980, -100.8740,  0, 0, 0
L 3668.3555, -4520.7881, -100.8740,  3667.8821, -4514.6553, -100.8740,  0, 0, 0
L 3668.4490, -4521.9927, -100.8740,  3668.3555, -4520.7881, -100.8740,  0, 0, 0
L 3668.9131, -4528.0015, -100.8740,  3668.4490, -4521.9927, -100.8740,  0, 0, 0
L 3669.0081, -4529.2275, -100.8740,  3668.9131, -4528.0015, -100.8740,  0, 0, 0
L 3669.5005, -4535.6055, -100.8740,  3669.0081, -4529.2275, -100.8740,  0, 0, 0
L 3669.6077, -4536.9863, -100.8740,  3669.5005, -4535.6055, -100.8740,  0, 0, 0
L 3670.0525, -4542.7427, -100.8740,  3669.6077, -4536.9863, -100.8740,  0, 0, 0
L 3670.1504, -4544.0103, -100.8740,  3670.0525, -4542.7427, -100.8740,  0, 0, 0
L 3670.6436, -4550.3882, -100.8740,  3670.1504, -4544.0103, -100.8740,  0, 0, 0
L 3670.7339, -4551.5601, -100.8740,  3670.6436, -4550.3882, -100.8740,  0, 0, 0
L 3671.1985, -4560.8135, -100.8740,  3670.7339, -4551.5601, -100.8740,  0, 0, 0
L 3671.3240, -4561.9448, -100.8740,  3671.1985, -4560.8135, -100.8740,  0, 0, 0
L 3671.7781, -4566.0337, -100.8740,  3671.3240, -4561.9448, -100.8740,  0, 0, 0
L 3671.9219, -4567.3262, -100.8740,  3671.7781, -4566.0337, -100.8740,  0, 0, 0
L 3673.4507, -4571.1475, -97.7490,  3671.9219, -4567.3262, -100.8740,  0, 0, 0
L 3693.0061, -4620.0571, -100.8740,  3673.4507, -4571.1475, -97.7490,  0, 0, 0
L 3759.8174, -4635.4531, -100.8740,  3693.0061, -4620.0571, -100.8740,  0, 0, 0
L 3760.8003, -4635.6797, -100.8740,  3759.8174, -4635.4531, -100.8740,  0, 0, 0
L 3812.6006, -4657.2690, -100.8740,  3760.8003, -4635.6797, -100.8740,  0, 0, 0
L 3821.4761, -4660.9673, -100.8740,  3812.6006, -4657.2690, -100.8740,  0, 0, 0
L 3822.2754, -4661.3423, -100.8740,  3821.4761, -4660.9673, -100.8740,  0, 0, 0
L 3851.4280, -4665.6143, -97.7490,  3822.2754, -4661.3423, -100.8740,  0, 0, 0
L 3896.0840, -4672.0010, -100.8740,  3851.4280, -4665.6143, -97.7490,  0, 0, 0
L 3941.3694, -4626.7153, -100.8740,  3896.0840, -4672.0010, -100.8740,  0, 0, 0
L 3942.0647, -4626.0190, -100.8740,  3941.3694, -4626.7153, -100.8740,  0, 0, 0
L 3942.8809, -4625.4302, -100.8740,  3942.0647, -4626.0190, -100.8740,  0, 0, 0
L 3943.7720, -4624.7861, -100.8740,  3942.8809, -4625.4302, -100.8740,  0, 0, 0
L 3943.8958, -4623.4009, -100.8740,  3943.7720, -4624.7861, -100.8740,  0, 0, 0
L 3942.9944, -4622.5845, -100.8740,  3943.8958, -4623.4009, -100.8740,  0, 0, 0
L 3850.6768, -4586.6689, -100.8740,  3942.9944, -4622.5845, -100.8740,  0, 0, 0
L 3849.8079, -4586.3315, -100.8740,  3850.6768, -4586.6689, -100.8740,  0, 0, 0
L 3764.0728, -4525.8076, -100.8740,  3849.8079, -4586.3315, -100.8740,  0, 0, 0
L 3762.9678, -4525.0273, -100.8740,  3764.0728, -4525.8076, -100.8740,  0, 0, 0
L 3762.4236, -4523.8770, -100.8740,  3762.9678, -4525.0273, -100.8740,  0, 0, 0
L 3762.0398, -4522.3438, -100.8740,  3762.4236, -4523.8770, -100.8740,  0, 0, 0
L 3761.7869, -4521.3320, -100.8740,  3762.0398, -4522.3438, -100.8740,  0, 0, 0
L 3761.3948, -4519.7661, -100.8740,  3761.7869, -4521.3320, -100.8740,  0, 0, 0
L 3761.1050, -4518.6084, -100.8740,  3761.3948, -4519.7661, -100.8740,  0, 0, 0
L 3760.6077, -4516.6196, -100.8740,  3761.1050, -4518.6084, -100.8740,  0, 0, 0
L 3760.3462, -4515.5767, -100.8740,  3760.6077, -4516.6196, -100.8740,  0, 0, 0
L 3759.9585, -4514.0269, -100.8740,  3760.3462, -4515.5767, -100.8740,  0, 0, 0
L 3759.7017, -4513.0000, -100.8740,  3759.9585, -4514.0269, -100.8740,  0, 0, 0
L 3759.3262, -4511.4990, -100.8740,  3759.7017, -4513.0000, -100.8740,  0, 0, 0
L 3759.0813, -4510.5215, -100.8740,  3759.3262, -4511.4990, -100.8740,  0, 0, 0
L 3758.7019, -4509.0059, -100.8740,  3759.0813, -4510.5215, -100.8740,  0, 0, 0
L 3758.4490, -4507.9946, -100.8740,  3758.7019, -4509.0059, -100.8740,  0, 0, 0
L 3757.9551, -4506.0225, -100.8740,  3758.4490, -4507.9946, -100.8740,  0, 0, 0
L 3757.7068, -4505.0278, -100.8740,  3757.9551, -4506.0225, -100.8740,  0, 0, 0
L 3757.2493, -4503.2017, -100.8740,  3757.7068, -4505.0278, -100.8740,  0, 0, 0
L 3756.9634, -4502.0596, -100.8740,  3757.2493, -4503.2017, -100.8740,  0, 0, 0
L 3756.4700, -4500.0869, -100.8740,  3756.9634, -4502.0596, -100.8740,  0, 0, 0
L 3756.1436, -4498.7822, -100.8740,  3756.4700, -4500.0869, -100.8740,  0, 0, 0
L 3755.6460, -4496.7935, -100.8740,  3756.1436, -4498.7822, -100.8740,  0, 0, 0
L 3755.4009, -4495.8154, -100.8740,  3755.6460, -4496.7935, -100.8740,  0, 0, 0
L 3755.0264, -4494.3159, -100.8740,  3755.4009, -4495.8154, -100.8740,  0, 0, 0
L 3754.6951, -4492.9951, -100.8740,  3755.0264, -4494.3159, -100.8740,  0, 0, 0
L 3754.2017, -4491.0225, -100.8740,  3754.6951, -4492.9951, -100.8740,  0, 0, 0
L 3753.9490, -4490.0117, -100.8740,  3754.2017, -4491.0225, -100.8740,  0, 0, 0
L 3753.5247, -4488.3169, -100.8740,  3753.9490, -4490.0117, -100.8740,  0, 0, 0
L 3753.2554, -4487.2402, -100.8740,  3753.5247, -4488.3169, -100.8740,  0, 0, 0
L 3752.8511, -4485.6255, -100.8740,  3753.2554, -4487.2402, -100.8740,  0, 0, 0
L 3752.6021, -4484.6309, -100.8740,  3752.8511, -4485.6255, -100.8740,  0, 0, 0
L 3752.1084, -4482.6572, -100.8740,  3752.6021, -4484.6309, -100.8740,  0, 0, 0
L 3751.8594, -4481.6631, -100.8740,  3752.1084, -4482.6572, -100.8740,  0, 0, 0
L 3751.4185, -4479.9019, -100.8740,  3751.8594, -4481.6631, -100.8740,  0, 0, 0
L 3751.1619, -4478.8755, -100.8740,  3751.4185, -4479.9019, -100.8740,  0, 0, 0
L 3750.6680, -4476.9019, -100.8740,  3751.1619, -4478.8755, -100.8740,  0, 0, 0
L 3750.4231, -4475.9229, -100.8740,  3750.6680, -4476.9019, -100.8740,  0, 0, 0
L 3750.0474, -4474.4219, -100.8740,  3750.4231, -4475.9229, -100.8740,  0, 0, 0
L 3749.7981, -4473.4258, -100.8740,  3750.0474, -4474.4219, -100.8740,  0, 0, 0
L 3749.3306, -4471.5586, -100.8740,  3749.7981, -4473.4258, -100.8740,  0, 0, 0
L 3749.0784, -4470.5513, -100.8740,  3749.3306, -4471.5586, -100.8740,  0, 0, 0
L 3748.6465, -4466.7026, -100.8740,  3749.0784, -4470.5513, -100.8740,  0, 0, 0
L 3748.3567, -4465.6494, -100.8740,  3748.6465, -4466.7026, -100.8740,  0, 0, 0
L 3747.9292, -4464.5571, -100.8740,  3748.3567, -4465.6494, -100.8740,  0, 0, 0
L 3747.4031, -4463.4844, -100.8740,  3747.9292, -4464.5571, -100.8740,  0, 0, 0
L 3746.7847, -4462.4985, -100.8740,  3747.4031, -4463.4844, -100.8740,  0, 0, 0
L 3647.8733, -4429.5190, -100.8740,  3746.7847, -4462.4985, -100.8740,  0, 0, 0
L 3646.5779, -4429.0879, -100.8740,  3647.8733, -4429.5190, -100.8740,  0, 0, 0
L 3645.7571, -4428.4639, -100.8740,  3646.5779, -4429.0879, -100.8740,  0, 0, 0
L 3644.8350, -4427.8198, -100.8740,  3645.7571, -4428.4639, -100.8740,  0, 0, 0
L 3643.8223, -4427.3213, -100.8740,  3644.8350, -4427.8198, -100.8740,  0, 0, 0
L 3642.4329, -4426.8569, -100.8740,  3643.8223, -4427.3213, -100.8740,  0, 0, 0
L 3641.9197, -4426.7285, -100.8740,  3642.4329, -4426.8569, -100.8740,  0, 0, 0
L 3638.1792, -4426.1611, -100.8740,  3641.9197, -4426.7285, -100.8740,  0, 0, 0
L 3637.1077, -4426.0625, -100.8740,  3638.1792, -4426.1611, -100.8740,  0, 0, 0
L 3550.8633, -4461.5854, -100.8740,  3637.1077, -4426.0625, -100.8740,  0, 0, 0
L 3549.6575, -4462.0825, -100.8740,  3550.8633, -4461.5854, -100.8740,  0, 0, 0
L 3521.8323, -4446.8940, -100.8740,  3549.6575, -4462.0825, -100.8740,  0, 0, 0
L 3495.7456, -4432.6548, -100.8740,  3521.8323, -4446.8940, -100.8740,  0, 0, 0
L 3494.7488, -4432.1147, -100.8740,  3495.7456, -4432.6548, -100.8740,  0, 0, 0
L 3494.8877, -4430.7339, -100.8740,  3494.7488, -4432.1147, -100.8740,  0, 0, 0
L 3495.2793, -4429.1855, -100.8740,  3494.8877, -4430.7339, -100.8740,  0, 0, 0
L 3495.5342, -4428.1782, -100.8740,  3495.2793, -4429.1855, -100.8740,  0, 0, 0
L 3496.0076, -4426.3076, -100.8740,  3495.5342, -4428.1782, -100.8740,  0, 0, 0
L 3496.2620, -4425.3013, -100.8740,  3496.0076, -4426.3076, -100.8740,  0, 0, 0
L 3496.6399, -4423.7900, -100.8740,  3496.2620, -4425.3013, -100.8740,  0, 0, 0
L 3496.9004, -4422.7476, -100.8740,  3496.6399, -4423.7900, -100.8740,  0, 0, 0
L 3497.2913, -4421.1826, -100.8740,  3496.9004, -4422.7476, -100.8740,  0, 0, 0
L 3497.5840, -4420.0137, -100.8740,  3497.2913, -4421.1826, -100.8740,  0, 0, 0
L 3498.0518, -4418.1411, -100.8740,  3497.5840, -4420.0137, -100.8740,  0, 0, 0
L 3498.2996, -4417.1504, -100.8740,  3498.0518, -4418.1411, -100.8740,  0, 0, 0
L 3498.7029, -4415.5381, -100.8740,  3498.2996, -4417.1504, -100.8740,  0, 0, 0
L 3498.9502, -4414.5479, -100.8740,  3498.7029, -4415.5381, -100.8740,  0, 0, 0
L 3499.3428, -4412.9775, -100.8740,  3498.9502, -4414.5479, -100.8740,  0, 0, 0
L 3499.6062, -4411.9233, -100.8740,  3499.3428, -4412.9775, -100.8740,  0, 0, 0
L 3499.9993, -4410.3521, -100.8740,  3499.6062, -4411.9233, -100.8740,  0, 0, 0
L 3500.2493, -4409.3525, -100.8740,  3499.9993, -4410.3521, -100.8740,  0, 0, 0
L 3500.7207, -4407.4653, -100.8740,  3500.2493, -4409.3525, -100.8740,  0, 0, 0
L 3500.9844, -4406.4111, -100.8740,  3500.7207, -4407.4653, -100.8740,  0, 0, 0
L 3501.3777, -4404.8394, -100.8740,  3500.9844, -4406.4111, -100.8740,  0, 0, 0
L 3501.6365, -4403.8032, -100.8740,  3501.3777, -4404.8394, -100.8740,  0, 0, 0
L 3502.0994, -4401.9526, -100.8740,  3501.6365, -4403.8032, -100.8740,  0, 0, 0
L 3502.2886, -4401.1938, -100.8740,  3502.0994, -4401.9526, -100.8740,  0, 0, 0
L 3502.6770, -4399.6401, -100.8740,  3502.2886, -4401.1938, -100.8740,  0, 0, 0
L 3502.9502, -4398.5483, -100.8740,  3502.6770, -4399.6401, -100.8740,  0, 0, 0
L 3503.3440, -4396.9756, -100.8740,  3502.9502, -4398.5483, -100.8740,  0, 0, 0
L 3503.5801, -4396.0298, -100.8740,  3503.3440, -4396.9756, -100.8740,  0, 0, 0
L 3503.8445, -4394.9702, -100.8740,  3503.5801, -4396.0298, -100.8740,  0, 0, 0
L 3504.1062, -4393.9229, -100.8740,  3503.8445, -4394.9702, -100.8740,  0, 0, 0
L 3504.5066, -4392.3228, -100.8740,  3504.1062, -4393.9229, -100.8740,  0, 0, 0
L 3504.7749, -4391.2480, -100.8740,  3504.5066, -4392.3228, -100.8740,  0, 0, 0
L 3505.2742, -4389.2515, -100.8740,  3504.7749, -4391.2480, -100.8740,  0, 0, 0
L 3505.5381, -4388.1963, -100.8740,  3505.2742, -4389.2515, -100.8740,  0, 0, 0
L 3505.9329, -4386.6133, -100.8740,  3505.5381, -4388.1963, -100.8740,  0, 0, 0
L 3506.1958, -4385.5586, -100.8740,  3505.9329, -4386.6133, -100.8740,  0, 0, 0
L 3506.5901, -4383.9771, -100.8740,  3506.1958, -4385.5586, -100.8740,  0, 0, 0
L 3506.8521, -4382.9243, -100.8740,  3506.5901, -4383.9771, -100.8740,  0, 0, 0
L 3507.2476, -4381.3350, -100.8740,  3506.8521, -4382.9243, -100.8740,  0, 0, 0
L 3507.5144, -4380.2637, -100.8740,  3507.2476, -4381.3350, -100.8740,  0, 0, 0
L 3507.8838, -4378.7808, -100.8740,  3507.5144, -4380.2637, -100.8740,  0, 0, 0
L 3508.2227, -4377.4189, -100.8740,  3507.8838, -4378.7808, -100.8740,  0, 0, 0
L 3508.6563, -4375.6792, -100.8740,  3508.2227, -4377.4189, -100.8740,  0, 0, 0
L 3508.9175, -4374.6299, -100.8740,  3508.6563, -4375.6792, -100.8740,  0, 0, 0
L 3509.3787, -4372.7769, -100.8740,  3508.9175, -4374.6299, -100.8740,  0, 0, 0
L 3509.6536, -4371.6724, -100.8740,  3509.3787, -4372.7769, -100.8740,  0, 0, 0
L 3580.1597, -4306.1963, -100.8740,  3509.6536, -4371.6724, -100.8740,  0, 0, 0
L 3581.0242, -4305.3926, -100.8740,  3580.1597, -4306.1963, -100.8740,  0, 0, 0
L 3702.6333, -4310.3618, -100.8740,  3581.0242, -4305.3926, -100.8740,  0, 0, 0
L 3704.0293, -4310.4199, -100.8740,  3702.6333, -4310.3618, -100.8740,  0, 0, 0
L 3784.7288, -4355.8369, -100.8740,  3704.0293, -4310.4199, -100.8740,  0, 0, 0
L 3785.9324, -4356.5142, -100.8740,  3784.7288, -4355.8369, -100.8740,  0, 0, 0
L 3853.1016, -4481.2720, -100.8740,  3785.9324, -4356.5142, -100.8740,  0, 0, 0
L 3857.5667, -4489.5630, -100.8740,  3853.1016, -4481.2720, -100.8740,  0, 0, 0
L 3858.1731, -4490.6758, -100.8740,  3857.5667, -4489.5630, -100.8740,  0, 0, 0
L 3945.6189, -4539.3193, -100.8740,  3858.1731, -4490.6758, -100.8740,  0, 0, 0
L 3946.6675, -4539.9019, -100.8740,  3945.6189, -4539.3193, -100.8740,  0, 0, 0
L 3947.8362, -4540.6890, -100.8740,  3946.6675, -4539.9019, -100.8740,  0, 0, 0
L 3950.8611, -4542.3018, -100.8740,  3947.8362, -4540.6890, -100.8740,  0, 0, 0
L 3951.9307, -4542.8408, -100.8740,  3950.8611, -4542.3018, -100.8740,  0, 0, 0
L 4029.6619, -4533.7358, -100.8740,  3951.9307, -4542.8408, -100.8740,  0, 0, 0
L 4039.2493, -4532.6099, -100.8740,  4029.6619, -4533.7358, -100.8740,  0, 0, 0
L 4040.4788, -4532.5020, -100.8740,  4039.2493, -4532.6099, -100.8740,  0, 0, 0
L 4052.3975, -4526.0884, -100.8740,  4040.4788, -4532.5020, -100.8740,  0, 0, 0
L 4078.3755, -4512.1025, -97.7490,  4052.3975, -4526.0884, -100.8740,  0, 0, 0
L 4110.1475, -4494.9780, -100.8740,  4078.3755, -4512.1025, -97.7490,  0, 0, 0
L 3995.9976, -4411.9487, -100.8740,  4110.1475, -4494.9780, -100.8740,  0, 0, 0
L 3995.0999, -4411.2964, -100.8740,  3995.9976, -4411.9487, -100.8740,  0, 0, 0
L 3904.0247, -4355.5820, -100.8740,  3995.0999, -4411.2964, -100.8740,  0, 0, 0
L 3903.0210, -4354.9692, -100.8740,  3904.0247, -4355.5820, -100.8740,  0, 0, 0
L 3925.5608, -4326.7754, -97.7490,  3903.0210, -4354.9692, -100.8740,  0, 0, 0
L 3944.2515, -4303.4058, -100.8740,  3925.5608, -4326.7754, -97.7490,  0, 0, 0
L 3880.4634, -4257.8472, -100.8740,  3944.2515, -4303.4058, -100.8740,  0, 0, 0
L 3879.6111, -4257.2383, -97.7490,  3880.4634, -4257.8472, -100.8740,  0, 0, 0
L 3797.0325, -3707.8921, -100.8740,  3796.8523, -3708.9788, -97.7490,  0, 0, 0
L 3797.4778, -3705.2227, -100.8740,  3797.0325, -3707.8921, -100.8740,  0, 0, 0
L 3797.6724, -3704.0525, -100.8740,  3797.4778, -3705.2227, -100.8740,  0, 0, 0
L 3798.1233, -3701.3467, -100.8740,  3797.6724, -3704.0525, -100.8740,  0, 0, 0
L 3798.3445, -3700.0181, -100.8740,  3798.1233, -3701.3467, -100.8740,  0, 0, 0
L 3798.7703, -3697.4622, -100.8740,  3798.3445, -3700.0181, -100.8740,  0, 0, 0
L 3798.9236, -3696.5425, -100.8740,  3798.7703, -3697.4622, -100.8740,  0, 0, 0
L 3799.3667, -3693.8843, -100.8740,  3798.9236, -3696.5425, -100.8740,  0, 0, 0
L 3799.5564, -3692.7454, -100.8740,  3799.3667, -3693.8843, -100.8740,  0, 0, 0
L 3800.0369, -3689.8621, -100.8740,  3799.5564, -3692.7454, -100.8740,  0, 0, 0
L 3800.2515, -3688.5728, -100.8740,  3800.0369, -3689.8621, -100.8740,  0, 0, 0
L 3800.7454, -3685.6094, -100.8740,  3800.2515, -3688.5728, -100.8740,  0, 0, 0
L 3800.9751, -3684.2283, -100.8740,  3800.7454, -3685.6094, -100.8740,  0, 0, 0
L 3801.4573, -3681.3350, -100.8740,  3800.9751, -3684.2283, -100.8740,  0, 0, 0
L 3801.6753, -3680.0271, -100.8740,  3801.4573, -3681.3350, -100.8740,  0, 0, 0
L 3802.1580, -3677.1316, -100.8740,  3801.6753, -3680.0271, -100.8740,  0, 0, 0
L 3810.6038, -3626.4175, -100.8740,  3802.1580, -3677.1316, -100.8740,  0, 0, 0
L 3801.8726, -3678.8423, -100.8740,  3802.3721, -3675.8445, -100.8740,  0, 0, 0
L 3801.6458, -3680.2063, -97.7490,  3801.8726, -3678.8423, -100.8740,  0, 0, 0
L 3798.1089, -3701.4319, -100.8740,  3798.2205, -3700.7610, -100.8740,  0, 0, 0
L 3797.7085, -3703.8350, -100.8740,  3798.1089, -3701.4319, -100.8740,  0, 0, 0
L 3797.5005, -3705.0835, -100.8740,  3797.7085, -3703.8350, -100.8740,  0, 0, 0
L 3797.0103, -3708.0271, -100.8740,  3797.5005, -3705.0835, -100.8740,  0, 0, 0
L 3796.7803, -3709.4058, -100.8740,  3797.0103, -3708.0271, -100.8740,  0, 0, 0
L 3796.3677, -3711.8838, -100.8740,  3796.7803, -3709.4058, -100.8740,  0, 0, 0
L 3796.1626, -3713.1133, -100.8740,  3796.3677, -3711.8838, -100.8740,  0, 0, 0
L 3795.6631, -3716.1133, -100.8740,  3796.1626, -3713.1133, -100.8740,  0, 0, 0
L 3795.4646, -3717.3057, -100.8740,  3795.6631, -3716.1133, -100.8740,  0, 0, 0
L 3795.0481, -3719.8025, -100.8740,  3795.4646, -3717.3057, -100.8740,  0, 0, 0
L 3794.8218, -3721.1626, -100.8740,  3795.0481, -3719.8025, -100.8740,  0, 0, 0
L 3794.3252, -3724.1438, -100.8740,  3794.8218, -3721.1626, -100.8740,  0, 0, 0
L 3794.0955, -3725.5225, -100.8740,  3794.3252, -3724.1438, -100.8740,  0, 0, 0
L 3793.6702, -3728.0750, -100.8740,  3794.0955, -3725.5225, -100.8740,  0, 0, 0
L 3793.4595, -3729.3418, -100.8740,  3793.6702, -3728.0750, -100.8740,  0, 0, 0
L 3793.0215, -3731.9690, -100.8740,  3793.4595, -3729.3418, -100.8740,  0, 0, 0
L 3792.8167, -3733.1990, -100.8740,  3793.0215, -3731.9690, -100.8740,  0, 0, 0
L 3792.4131, -3735.6216, -100.8740,  3792.8167, -3733.1990, -100.8740,  0, 0, 0
L 3792.2083, -3736.8511, -100.8740,  3792.4131, -3735.6216, -100.8740,  0, 0, 0
L 3791.7581, -3739.5525, -100.8740,  3792.2083, -3736.8511, -100.8740,  0, 0, 0
L 3791.5564, -3740.7637, -100.8740,  3791.7581, -3739.5525, -100.8740,  0, 0, 0
L 3791.0662, -3743.7073, -100.8740,  3791.5564, -3740.7637, -100.8740,  0, 0, 0
L 3790.8545, -3744.9739, -100.8740,  3791.0662, -3743.7073, -100.8740,  0, 0, 0
L 3790.3894, -3747.7688, -100.8740,  3790.8545, -3744.9739, -100.8740,  0, 0, 0
L 3790.1875, -3748.9795, -100.8740,  3790.3894, -3747.7688, -100.8740,  0, 0, 0
L 3789.7593, -3751.5508, -100.8740,  3790.1875, -3748.9795, -100.8740,  0, 0, 0
L 3789.5696, -3752.6873, -100.8740,  3789.7593, -3751.5508, -100.8740,  0, 0, 0
L 3789.1543, -3755.1836, -100.8740,  3789.5696, -3752.6873, -100.8740,  0, 0, 0
L 3788.9646, -3756.3201, -100.8740,  3789.1543, -3755.1836, -100.8740,  0, 0, 0
L 3788.4712, -3759.2830, -100.8740,  3788.9646, -3756.3201, -100.8740,  0, 0, 0
L 3788.2847, -3760.4009, -100.8740,  3788.4712, -3759.2830, -100.8740,  0, 0, 0
L 3787.7942, -3763.3450, -100.8740,  3788.2847, -3760.4009, -100.8740,  0, 0, 0
L 3787.5896, -3764.5750, -100.8740,  3787.7942, -3763.3450, -100.8740,  0, 0, 0
L 3787.0928, -3767.5562, -100.8740,  3787.5896, -3764.5750, -100.8740,  0, 0, 0
L 3786.8821, -3768.8228, -100.8740,  3787.0928, -3767.5562, -100.8740,  0, 0, 0
L 3786.4900, -3771.1702, -100.8740,  3786.8821, -3768.8228, -100.8740,  0, 0, 0
L 3786.2598, -3772.5491, -100.8740,  3786.4900, -3771.1702, -100.8740,  0, 0, 0
L 3785.8296, -3775.1211, -100.8740,  3786.2598, -3772.5491, -100.8740,  0, 0, 0
L 3785.6206, -3776.3694, -100.8740,  3785.8296, -3775.1211, -100.8740,  0, 0, 0
L 3785.1780, -3779.0144, -100.8740,  3785.6206, -3776.3694, -100.8740,  0, 0, 0
L 3784.9756, -3780.2256, -100.8740,  3785.1780, -3779.0144, -100.8740,  0, 0, 0
L 3784.5144, -3782.9839, -100.8740,  3784.9756, -3780.2256, -100.8740,  0, 0, 0
L 3784.3147, -3784.1768, -100.8740,  3784.5144, -3782.9839, -100.8740,  0, 0, 0
L 3783.8345, -3787.0496, -100.8740,  3784.3147, -3784.1768, -100.8740,  0, 0, 0
L 3783.6211, -3788.3240, -100.8740,  3783.8345, -3787.0496, -100.8740,  0, 0, 0
L 3783.1709, -3791.0154, -100.8740,  3783.6211, -3788.3240, -100.8740,  0, 0, 0
L 3782.9480, -3792.3494, -100.8740,  3783.1709, -3791.0154, -100.8740,  0, 0, 0
L 3782.5049, -3794.9988, -100.8740,  3782.9480, -3792.3494, -100.8740,  0, 0, 0
L 3782.2703, -3796.3899, -100.8740,  3782.5049, -3794.9988, -100.8740,  0, 0, 0
L 3781.8340, -3799.0391, -100.8740,  3782.2703, -3796.3899, -100.8740,  0, 0, 0
L 3781.6453, -3800.1829, -100.8740,  3781.8340, -3799.0391, -100.8740,  0, 0, 0
L 3781.1497, -3803.1941, -100.8740,  3781.6453, -3800.1829, -100.8740,  0, 0, 0
L 3780.9390, -3804.4712, -100.8740,  3781.1497, -3803.1941, -100.8740,  0, 0, 0
L 3780.4783, -3807.2725, -100.8740,  3780.9390, -3804.4712, -100.8740,  0, 0, 0
L 3780.4202, -3808.4751, -100.8740,  3780.4783, -3807.2725, -100.8740,  0, 0, 0
L 3780.8860, -3811.8943, -100.8740,  3780.4202, -3808.4751, -100.8740,  0, 0, 0
L 3781.0320, -3812.9656, -100.8740,  3780.8860, -3811.8943, -100.8740,  0, 0, 0
L 3781.5188, -3816.5398, -100.8740,  3781.0320, -3812.9656, -100.8740,  0, 0, 0
L 3781.6648, -3817.6099, -100.8740,  3781.5188, -3816.5398, -100.8740,  0, 0, 0
L 3782.1045, -3820.8372, -100.8740,  3781.6648, -3817.6099, -100.8740,  0, 0, 0
L 3782.2571, -3821.9585, -100.8740,  3782.1045, -3820.8372, -100.8740,  0, 0, 0
L 3782.7322, -3825.4446, -100.8740,  3782.2571, -3821.9585, -100.8740,  0, 0, 0
L 3782.9224, -3826.8438, -100.8740,  3782.7322, -3825.4446, -100.8740,  0, 0, 0
L 3783.3860, -3830.2461, -100.8740,  3782.9224, -3826.8438, -100.8740,  0, 0, 0
L 3783.5413, -3831.3855, -100.8740,  3783.3860, -3830.2461, -100.8740,  0, 0, 0
L 3783.9744, -3834.5635, -100.8740,  3783.5413, -3831.3855, -100.8740,  0, 0, 0
L 3784.1228, -3835.6519, -100.8740,  3783.9744, -3834.5635, -100.8740,  0, 0, 0
L 3784.5745, -3838.9678, -100.8740,  3784.1228, -3835.6519, -100.8740,  0, 0, 0
L 3784.6687, -3839.6582, -100.8740,  3784.5745, -3838.9678, -100.8740,  0, 0, 0
L 3785.1580, -3843.2515, -100.8740,  3784.6687, -3839.6582, -100.8740,  0, 0, 0
L 3785.3064, -3844.3396, -100.8740,  3785.1580, -3843.2515, -100.8740,  0, 0, 0
L 3785.7581, -3847.6558, -100.8740,  3785.3064, -3844.3396, -100.8740,  0, 0, 0
L 3785.9065, -3848.7439, -100.8740,  3785.7581, -3847.6558, -100.8740,  0, 0, 0
L 3786.3623, -3852.0950, -100.8740,  3785.9065, -3848.7439, -100.8740,  0, 0, 0
L 3786.4878, -3853.0098, -100.8740,  3786.3623, -3852.0950, -100.8740,  0, 0, 0
L 3786.9209, -3856.1880, -100.8740,  3786.4878, -3853.0098, -100.8740,  0, 0, 0
L 3787.0669, -3857.2588, -100.8740,  3786.9209, -3856.1880, -100.8740,  0, 0, 0
L 3787.5308, -3860.6614, -100.8740,  3787.0669, -3857.2588, -100.8740,  0, 0, 0
L 3787.6792, -3861.7493, -100.8740,  3787.5308, -3860.6614, -100.8740,  0, 0, 0
L 3788.1709, -3865.3589, -100.8740,  3787.6792, -3861.7493, -100.8740,  0, 0, 0
L 3788.3096, -3866.3777, -100.8740,  3788.1709, -3865.3589, -100.8740,  0, 0, 0
L 3788.8020, -3869.9873, -100.8740,  3788.3096, -3866.3777, -100.8740,  0, 0, 0
L 3788.9434, -3871.0237, -100.8740,  3788.8020, -3869.9873, -100.8740,  0, 0, 0
L 3789.4236, -3874.5469, -100.8740,  3788.9434, -3871.0237, -100.8740,  0, 0, 0
L 3789.5625, -3875.5657, -100.8740,  3789.4236, -3874.5469, -100.8740,  0, 0, 0
L 3789.9983, -3878.7610, -100.8740,  3789.5625, -3875.5657, -100.8740,  0, 0, 0
L 3790.1536, -3879.9009, -100.8740,  3789.9983, -3878.7610, -100.8740,  0, 0, 0
L 3790.5801, -3883.0271, -100.8740,  3790.1536, -3879.9009, -100.8740,  0, 0, 0
L 3790.7283, -3884.1150, -100.8740,  3790.5801, -3883.0271, -100.8740,  0, 0, 0
L 3791.1851, -3887.4656, -100.8740,  3790.7283, -3884.1150, -100.8740,  0, 0, 0
L 3791.3262, -3888.5022, -100.8740,  3791.1851, -3887.4656, -100.8740,  0, 0, 0
L 3791.8252, -3892.1636, -100.8740,  3791.3262, -3888.5022, -100.8740,  0, 0, 0
L 3791.9644, -3893.1824, -100.8740,  3791.8252, -3892.1636, -100.8740,  0, 0, 0
L 3792.4607, -3896.8267, -100.8740,  3791.9644, -3893.1824, -100.8740,  0, 0, 0
L 3792.6426, -3898.1563, -100.8740,  3792.4607, -3896.8267, -100.8740,  0, 0, 0
L 3793.0662, -3901.2649, -100.8740,  3792.6426, -3898.1563, -100.8740,  0, 0, 0
L 3793.2117, -3902.3357, -100.8740,  3793.0662, -3901.2649, -100.8740,  0, 0, 0
L 3793.6902, -3905.8411, -100.8740,  3793.2117, -3902.3357, -100.8740,  0, 0, 0
L 3793.8411, -3906.9463, -100.8740,  3793.6902, -3905.8411, -100.8740,  0, 0, 0
L 3794.3167, -3910.4346, -100.8740,  3793.8411, -3906.9463, -100.8740,  0, 0, 0
L 3794.4556, -3911.4539, -100.8740,  3794.3167, -3910.4346, -100.8740,  0, 0, 0
L 3794.9473, -3915.0635, -100.8740,  3794.4556, -3911.4539, -100.8740,  0, 0, 0
L 3795.1355, -3916.4446, -100.8740,  3794.9473, -3915.0635, -100.8740,  0, 0, 0
L 3795.5618, -3919.5706, -100.8740,  3795.1355, -3916.4446, -100.8740,  0, 0, 0
L 3795.7312, -3920.8140, -100.8740,  3795.5618, -3919.5706, -100.8740,  0, 0, 0
L 3796.2095, -3924.3201, -100.8740,  3795.7312, -3920.8140, -100.8740,  0, 0, 0
L 3796.3506, -3925.3567, -100.8740,  3796.2095, -3924.3201, -100.8740,  0, 0, 0
L 3796.8269, -3928.8523, -100.8740,  3796.3506, -3925.3567, -100.8740,  0, 0, 0
L 3796.9031, -3929.4087, -100.8740,  3796.8269, -3928.8523, -100.8740,  0, 0, 0
L 3797.3792, -3932.8999, -100.8740,  3796.9031, -3929.4087, -100.8740,  0, 0, 0
L 3797.5381, -3934.0674, -100.8740,  3797.3792, -3932.8999, -100.8740,  0, 0, 0
L 3797.9795, -3937.3042, -100.8740,  3797.5381, -3934.0674, -100.8740,  0, 0, 0
L 3798.1438, -3938.5071, -100.8740,  3797.9795, -3937.3042, -100.8740,  0, 0, 0
L 3798.5557, -3941.5315, -100.8740,  3798.1438, -3938.5071, -100.8740,  0, 0, 0
L 3798.6980, -3942.5750, -100.8740,  3798.5557, -3941.5315, -100.8740,  0, 0, 0
L 3799.1421, -3945.8296, -100.8740,  3798.6980, -3942.5750, -100.8740,  0, 0, 0
L 3799.2913, -3946.9263, -100.8740,  3799.1421, -3945.8296, -100.8740,  0, 0, 0
L 3799.7737, -3950.4661, -100.8740,  3799.2913, -3946.9263, -100.8740,  0, 0, 0
L 3799.9141, -3951.4949, -100.8740,  3799.7737, -3950.4661, -100.8740,  0, 0, 0
L 3800.3677, -3954.8201, -100.8740,  3799.9141, -3951.4949, -100.8740,  0, 0, 0
L 3800.5171, -3955.9207, -100.8740,  3800.3677, -3954.8201, -100.8740,  0, 0, 0
L 3800.9751, -3959.2759, -100.8740,  3800.5171, -3955.9207, -100.8740,  0, 0, 0
L 3801.1255, -3960.3826, -100.8740,  3800.9751, -3959.2759, -100.8740,  0, 0, 0
L 3801.5889, -3963.7771, -100.8740,  3801.1255, -3960.3826, -100.8740,  0, 0, 0
L 3801.7393, -3964.8838, -100.8740,  3801.5889, -3963.7771, -100.8740,  0, 0, 0
L 3802.1819, -3968.1287, -100.8740,  3801.7393, -3964.8838, -100.8740,  0, 0, 0
L 3802.3328, -3969.2354, -100.8740,  3802.1819, -3968.1287, -100.8740,  0, 0, 0
L 3802.7725, -3972.4607, -100.8740,  3802.3328, -3969.2354, -100.8740,  0, 0, 0
L 3802.9258, -3973.5862, -100.8740,  3802.7725, -3972.4607, -100.8740,  0, 0, 0
L 3803.3833, -3976.9424, -100.8740,  3802.9258, -3973.5862, -100.8740,  0, 0, 0
L 3803.5420, -3978.1050, -100.8740,  3803.3833, -3976.9424, -100.8740,  0, 0, 0
L 3804.0066, -3981.5181, -100.8740,  3803.5420, -3978.1050, -100.8740,  0, 0, 0
L 3804.1299, -3982.4180, -100.8740,  3804.0066, -3981.5181, -100.8740,  0, 0, 0
L 3804.5237, -3985.3064, -100.8740,  3804.1299, -3982.4180, -100.8740,  0, 0, 0
L 3804.6924, -3986.5435, -100.8740,  3804.5237, -3985.3064, -100.8740,  0, 0, 0
L 3805.1348, -3989.7881, -100.8740,  3804.6924, -3986.5435, -100.8740,  0, 0, 0
L 3805.2854, -3990.8943, -100.8740,  3805.1348, -3989.7881, -100.8740,  0, 0, 0
L 3805.7759, -3994.4949, -100.8740,  3805.2854, -3990.8943, -100.8740,  0, 0, 0
L 3805.9019, -3995.4136, -100.8740,  3805.7759, -3994.4949, -100.8740,  0, 0, 0
L 3806.3721, -3998.8643, -100.8740,  3805.9019, -3995.4136, -100.8740,  0, 0, 0
L 3806.5254, -3999.9893, -100.8740,  3806.3721, -3998.8643, -100.8740,  0, 0, 0
L 3806.9705, -4003.2522, -100.8740,  3806.5254, -3999.9893, -100.8740,  0, 0, 0
L 3807.1189, -4004.3401, -100.8740,  3806.9705, -4003.2522, -100.8740,  0, 0, 0
L 3807.5840, -4007.7537, -100.8740,  3807.1189, -4004.3401, -100.8740,  0, 0, 0
L 3807.7322, -4008.8418, -100.8740,  3807.5840, -4007.7537, -100.8740,  0, 0, 0
L 3808.1719, -4012.0669, -100.8740,  3807.7322, -4008.8418, -100.8740,  0, 0, 0
L 3808.3406, -4013.3047, -100.8740,  3808.1719, -4012.0669, -100.8740,  0, 0, 0
L 3808.8389, -4016.9612, -100.8740,  3808.3406, -4013.3047, -100.8740,  0, 0, 0
L 3809.0210, -4018.2925, -100.8740,  3808.8389, -4016.9612, -100.8740,  0, 0, 0
L 3809.4883, -4021.7249, -100.8740,  3809.0210, -4018.2925, -100.8740,  0, 0, 0
L 3809.6116, -4022.6243, -100.8740,  3809.4883, -4021.7249, -100.8740,  0, 0, 0
L 3810.0740, -4026.0188, -100.8740,  3809.6116, -4022.6243, -100.8740,  0, 0, 0
L 3810.2354, -4027.2007, -100.8740,  3810.0740, -4026.0188, -100.8740,  0, 0, 0
L 3810.6724, -4030.4080, -100.8740,  3810.2354, -4027.2007, -100.8740,  0, 0, 0
L 3810.8262, -4031.5342, -100.8740,  3810.6724, -4030.4080, -100.8740,  0, 0, 0
L 3811.2681, -4034.7725, -100.8740,  3810.8262, -4031.5342, -100.8740,  0, 0, 0
L 3811.4617, -4035.8516, -100.8740,  3811.2681, -4034.7725, -100.8740,  0, 0, 0
L 3867.7559, -4128.3379, -100.8740,  3811.4617, -4035.8516, -100.8740,  0, 0, 0
L 3883.0889, -4153.5269, -100.8740,  3867.7559, -4128.3379, -100.8740,  0, 0, 0
L 3883.6155, -4154.3911, -100.8740,  3883.0889, -4153.5269, -100.8740,  0, 0, 0
L 3884.4480, -4155.3760, -100.8740,  3883.6155, -4154.3911, -100.8740,  0, 0, 0
L 4067.7478, -4186.7397, -100.8740,  3884.4480, -4155.3760, -100.8740,  0, 0, 0
L 4087.2085, -4190.0601, -100.8740,  4067.7478, -4186.7397, -100.8740,  0, 0, 0
L 4096.7188, -4191.7632, -100.8740,  4087.2085, -4190.0601, -100.8740,  0, 0, 0
L 4240.4116, -4160.9868, -100.8740,  4096.7188, -4191.7632, -100.8740,  0, 0, 0
L 4241.3867, -4160.7773, -100.8740,  4240.4116, -4160.9868, -100.8740,  0, 0, 0
L 4242.5049, -4160.3521, -100.8740,  4241.3867, -4160.7773, -100.8740,  0, 0, 0
L 4334.4473, -4042.8970, -100.8740,  4242.5049, -4160.3521, -100.8740,  0, 0, 0
L 4335.3154, -4041.7876, -100.8740,  4334.4473, -4042.8970, -100.8740,  0, 0, 0
L 4488.3613, -3975.3782, -100.8740,  4335.3154, -4041.7876, -100.8740,  0, 0, 0
L 4489.5908, -3974.8455, -100.8740,  4488.3613, -3975.3782, -100.8740,  0, 0, 0
L 4642.3647, -3990.1321, -100.8740,  4489.5908, -3974.8455, -100.8740,  0, 0, 0
L 4643.5103, -3990.2466, -100.8740,  4642.3647, -3990.1321, -100.8740,  0, 0, 0
L 4811.3657, -4066.4092, -100.8740,  4643.5103, -3990.2466, -100.8740,  0, 0, 0
L 4812.4932, -4066.9209, -100.8740,  4811.3657, -4066.4092, -100.8740,  0, 0, 0
L 4813.2510, -4068.0132, -100.8740,  4812.4932, -4066.9209, -100.8740,  0, 0, 0
L 4813.7451, -4073.4956, -100.8740,  4813.2510, -4068.0132, -100.8740,  0, 0, 0
L 4813.8604, -4074.7598, -100.8740,  4813.7451, -4073.4956, -100.8740,  0, 0, 0
L 4814.3159, -4079.8108, -100.8740,  4813.8604, -4074.7598, -100.8740,  0, 0, 0
L 4814.4375, -4081.1580, -100.8740,  4814.3159, -4079.8108, -100.8740,  0, 0, 0
L 4814.9297, -4086.6099, -100.8740,  4814.4375, -4081.1580, -100.8740,  0, 0, 0
L 4815.0493, -4087.9417, -100.8740,  4814.9297, -4086.6099, -100.8740,  0, 0, 0
L 4815.5278, -4093.2361, -100.8740,  4815.0493, -4087.9417, -100.8740,  0, 0, 0
L 4815.6460, -4094.5359, -100.8740,  4815.5278, -4093.2361, -100.8740,  0, 0, 0
L 4816.1304, -4099.8628, -100.8740,  4815.6460, -4094.5359, -100.8740,  0, 0, 0
L 4816.2227, -4100.8809, -100.8740,  4816.1304, -4099.8628, -100.8740,  0, 0, 0
L 4816.7061, -4106.1934, -100.8740,  4816.2227, -4100.8809, -100.8740,  0, 0, 0
L 4816.8320, -4107.5884, -100.8740,  4816.7061, -4106.1934, -100.8740,  0, 0, 0
L 4817.3179, -4112.9312, -100.8740,  4816.8320, -4107.5884, -100.8740,  0, 0, 0
L 4817.4355, -4114.2319, -100.8740,  4817.3179, -4112.9312, -100.8740,  0, 0, 0
L 4817.9302, -4119.6699, -100.8740,  4817.4355, -4114.2319, -100.8740,  0, 0, 0
L 4818.0479, -4120.9712, -100.8740,  4817.9302, -4119.6699, -100.8740,  0, 0, 0
L 4818.5234, -4126.2051, -100.8740,  4818.0479, -4120.9712, -100.8740,  0, 0, 0
L 4818.6445, -4127.5376, -100.8740,  4818.5234, -4126.2051, -100.8740,  0, 0, 0
L 4819.1348, -4132.9268, -100.8740,  4818.6445, -4127.5376, -100.8740,  0, 0, 0
L 4819.2588, -4134.2905, -100.8740,  4819.1348, -4132.9268, -100.8740,  0, 0, 0
L 4819.7368, -4139.5562, -100.8740,  4819.2588, -4134.2905, -100.8740,  0, 0, 0
L 4819.8521, -4140.8262, -100.8740,  4819.7368, -4139.5562, -100.8740,  0, 0, 0
L 4820.3311, -4146.0918, -100.8740,  4819.8521, -4140.8262, -100.8740,  0, 0, 0
L 4820.4546, -4147.4556, -100.8740,  4820.3311, -4146.0918, -100.8740,  0, 0, 0
L 4820.9395, -4152.7827, -100.8740,  4820.4546, -4147.4556, -100.8740,  0, 0, 0
L 4821.0376, -4153.8643, -100.8740,  4820.9395, -4152.7827, -100.8740,  0, 0, 0
L 4821.5239, -4159.2231, -100.8740,  4821.0376, -4153.8643, -100.8740,  0, 0, 0
L 4821.6450, -4160.5562, -100.8740,  4821.5239, -4159.2231, -100.8740,  0, 0, 0
L 4822.1084, -4165.6504, -100.8740,  4821.6450, -4160.5562, -100.8740,  0, 0, 0
L 4822.2305, -4166.9980, -100.8740,  4822.1084, -4165.6504, -100.8740,  0, 0, 0
L 4822.7266, -4172.4512, -100.8740,  4822.2305, -4166.9980, -100.8740,  0, 0, 0
L 4822.8428, -4173.7354, -100.8740,  4822.7266, -4172.4512, -100.8740,  0, 0, 0
L 4823.3345, -4179.1406, -100.8740,  4822.8428, -4173.7354, -100.8740,  0, 0, 0
L 4823.4297, -4180.1909, -100.8740,  4823.3345, -4179.1406, -100.8740,  0, 0, 0
L 4823.9209, -4185.5947, -100.8740,  4823.4297, -4180.1909, -100.8740,  0, 0, 0
L 4824.0049, -4186.5190, -100.8740,  4823.9209, -4185.5947, -100.8740,  0, 0, 0
L 4824.4702, -4191.6440, -100.8740,  4824.0049, -4186.5190, -100.8740,  0, 0, 0
L 4824.5527, -4192.5552, -100.8740,  4824.4702, -4191.6440, -100.8740,  0, 0, 0
L 4825.0225, -4197.7144, -100.8740,  4824.5527, -4192.5552, -100.8740,  0, 0, 0
L 4825.1167, -4198.7515, -100.8740,  4825.0225, -4197.7144, -100.8740,  0, 0, 0
L 4825.5986, -4204.0605, -100.8740,  4825.1167, -4198.7515, -100.8740,  0, 0, 0
L 4825.6919, -4205.0820, -100.8740,  4825.5986, -4204.0605, -100.8740,  0, 0, 0
L 4826.1714, -4210.3618, -100.8740,  4825.6919, -4205.0820, -100.8740,  0, 0, 0
L 4826.2598, -4211.3354, -100.8740,  4826.1714, -4210.3618, -100.8740,  0, 0, 0
L 4826.7559, -4216.7896, -100.8740,  4826.2598, -4211.3354, -100.8740,  0, 0, 0
L 4826.8428, -4217.7466, -100.8740,  4826.7559, -4216.7896, -100.8740,  0, 0, 0
L 4827.3311, -4223.1221, -100.8740,  4826.8428, -4217.7466, -100.8740,  0, 0, 0
L 4827.4180, -4224.0786, -100.8740,  4827.3311, -4223.1221, -100.8740,  0, 0, 0
L 4827.9019, -4229.4058, -100.8740,  4827.4180, -4224.0786, -100.8740,  0, 0, 0
L 4827.9941, -4230.4268, -100.8740,  4827.9019, -4229.4058, -100.8740,  0, 0, 0
L 4828.4751, -4235.7109, -100.8740,  4827.9941, -4230.4268, -100.8740,  0, 0, 0
L 4828.6113, -4237.0625, -100.8740,  4828.4751, -4235.7109, -100.8740,  0, 0, 0
L 4878.9897, -4337.8179, -97.7490,  4828.6113, -4237.0625, -100.8740,  0, 0, 0
L 4896.2466, -4372.3335, -100.8740,  4878.9897, -4337.8179, -97.7490,  0, 0, 0
L 5029.3853, -4382.5918, -100.8740,  4896.2466, -4372.3335, -100.8740,  0, 0, 0
L 5030.3403, -4382.6650, -100.8740,  5029.3853, -4382.5918, -100.8740,  0, 0, 0
L 5143.1230, -4382.7500, -100.8740,  5030.3403, -4382.6650, -100.8740,  0, 0, 0
L 5144.4463, -4382.7500, -100.8740,  5143.1230, -4382.7500, -100.8740,  0, 0, 0
L 5160.8794, -4393.2256, -100.8740,  5144.4463, -4382.7500, -100.8740,  0, 0, 0
L 5168.9063, -4398.4058, -100.8740,  5160.8794, -4393.2256, -100.8740,  0, 0, 0
L 5193.7422, -4414.6934, -100.8740,  5168.9063, -4398.4058, -100.8740,  0, 0, 0
L 5201.8657, -4420.0503, -100.8740,  5193.7422, -4414.6934, -100.8740,  0, 0, 0
L 5222.6602, -4434.3384, -100.8740,  5201.8657, -4420.0503, -100.8740,  0, 0, 0
L 5230.8643, -4440.0117, -100.8740,  5222.6602, -4434.3384, -100.8740,  0, 0, 0
L 5238.8384, -4445.9175, -100.8740,  5230.8643, -4440.0117, -100.8740,  0, 0, 0
L 5254.5361, -4457.7065, -100.8740,  5238.8384, -4445.9175, -100.8740,  0, 0, 0
L 5255.6577, -4458.5566, -100.8740,  5254.5361, -4457.7065, -100.8740,  0, 0, 0
L 5275.1558, -4475.2251, -100.8740,  5255.6577, -4458.5566, -100.8740,  0, 0, 0
L 5276.0596, -4476.0020, -100.8740,  5275.1558, -4475.2251, -100.8740,  0, 0, 0
L 5289.8042, -4490.8921, -100.8740,  5276.0596, -4476.0020, -100.8740,  0, 0, 0
L 5290.6973, -4491.8628, -100.8740,  5289.8042, -4490.8921, -100.8740,  0, 0, 0
L 5297.7432, -4504.2344, -100.8740,  5290.6973, -4491.8628, -100.8740,  0, 0, 0
L 5298.4136, -4505.4102, -100.8740,  5297.7432, -4504.2344, -100.8740,  0, 0, 0
L 5298.8936, -4507.6660, -100.8740,  5298.4136, -4505.4102, -100.8740,  0, 0, 0
L 5299.1060, -4508.8828, -100.8740,  5298.8936, -4507.6660, -100.8740,  0, 0, 0
L 5299.5825, -4511.6084, -100.8740,  5299.1060, -4508.8828, -100.8740,  0, 0, 0
L 5299.7617, -4512.6338, -100.8740,  5299.5825, -4511.6084, -100.8740,  0, 0, 0
L 5300.1689, -4514.9639, -100.8740,  5299.7617, -4512.6338, -100.8740,  0, 0, 0
L 5300.3657, -4516.0923, -100.8740,  5300.1689, -4514.9639, -100.8740,  0, 0, 0
L 5300.8193, -4518.6851, -100.8740,  5300.3657, -4516.0923, -100.8740,  0, 0, 0
L 5301.0313, -4519.9014, -100.8740,  5300.8193, -4518.6851, -100.8740,  0, 0, 0
L 5301.5054, -4522.6113, -100.8740,  5301.0313, -4519.9014, -100.8740,  0, 0, 0
L 5301.7134, -4523.7979, -100.8740,  5301.5054, -4522.6113, -100.8740,  0, 0, 0
L 5302.1631, -4531.0215, -100.8740,  5301.7134, -4523.7979, -100.8740,  0, 0, 0
L 5302.2251, -4532.2783, -100.8740,  5302.1631, -4531.0215, -100.8740,  0, 0, 0
L 5302.7114, -4542.2700, -100.8740,  5302.2251, -4532.2783, -100.8740,  0, 0, 0
L 5302.7681, -4543.4268, -100.8740,  5302.7114, -4542.2700, -100.8740,  0, 0, 0
L 5303.2661, -4568.5527, -100.8740,  5302.7681, -4543.4268, -100.8740,  0, 0, 0
L 5303.2632, -4569.6802, -100.8740,  5303.2661, -4568.5527, -100.8740,  0, 0, 0
L 5302.7637, -4608.3047, -100.8740,  5303.2632, -4569.6802, -100.8740,  0, 0, 0
L 5302.7261, -4609.5825, -100.8740,  5302.7637, -4608.3047, -100.8740,  0, 0, 0
L 5302.2280, -4626.7866, -100.8740,  5302.7261, -4609.5825, -100.8740,  0, 0, 0
L 5302.1895, -4628.1143, -100.8740,  5302.2280, -4626.7866, -100.8740,  0, 0, 0
L 5301.6982, -4643.2793, -100.8740,  5302.1895, -4628.1143, -100.8740,  0, 0, 0
L 5301.6421, -4644.5376, -100.8740,  5301.6982, -4643.2793, -100.8740,  0, 0, 0
L 5301.1431, -4655.5752, -100.8740,  5301.6421, -4644.5376, -100.8740,  0, 0, 0
L 5301.0811, -4656.9316, -100.8740,  5301.1431, -4655.5752, -100.8740,  0, 0, 0
L 5300.5820, -4667.9712, -100.8740,  5301.0811, -4656.9316, -100.8740,  0, 0, 0
L 5300.5273, -4669.1938, -100.8740,  5300.5820, -4667.9712, -100.8740,  0, 0, 0
L 5300.0444, -4679.8818, -100.8740,  5300.5273, -4669.1938, -100.8740,  0, 0, 0
L 5299.9897, -4681.0933, -100.8740,  5300.0444, -4679.8818, -100.8740,  0, 0, 0
L 5299.5044, -4691.8008, -100.8740,  5299.9897, -4681.0933, -100.8740,  0, 0, 0
L 5299.4312, -4693.1606, -100.8740,  5299.5044, -4691.8008, -100.8740,  0, 0, 0
L 5298.9468, -4702.3154, -100.8740,  5299.4312, -4693.1606, -100.8740,  0, 0, 0
L 5298.8882, -4703.4150, -100.8740,  5298.9468, -4702.3154, -100.8740,  0, 0, 0
L 5298.4053, -4712.5269, -100.8740,  5298.8882, -4703.4150, -100.8740,  0, 0, 0
L 5298.3438, -4713.6826, -100.8740,  5298.4053, -4712.5269, -100.8740,  0, 0, 0
L 5297.8569, -4722.8643, -100.8740,  5298.3438, -4713.6826, -100.8740,  0, 0, 0
L 5297.7983, -4723.9644, -100.8740,  5297.8569, -4722.8643, -100.8740,  0, 0, 0
L 5297.3086, -4733.2158, -100.8740,  5297.7983, -4723.9644, -100.8740,  0, 0, 0
L 5297.2407, -4734.4854, -100.8740,  5297.3086, -4733.2158, -100.8740,  0, 0, 0
L 5296.7642, -4743.4697, -100.8740,  5297.2407, -4734.4854, -100.8740,  0, 0, 0
L 5296.7075, -4744.5420, -100.8740,  5296.7642, -4743.4697, -100.8740,  0, 0, 0
L 5296.2197, -4753.2529, -100.8740,  5296.7075, -4744.5420, -100.8740,  0, 0, 0
L 5296.1567, -4754.3574, -100.8740,  5296.2197, -4753.2529, -100.8740,  0, 0, 0
L 5295.6631, -4762.9800, -100.8740,  5296.1567, -4754.3574, -100.8740,  0, 0, 0
L 5295.5942, -4764.1694, -100.8740,  5295.6631, -4762.9800, -100.8740,  0, 0, 0
L 5295.0981, -4772.8223, -100.8740,  5295.5942, -4764.1694, -100.8740,  0, 0, 0
L 5295.0244, -4774.1104, -100.8740,  5295.0981, -4772.8223, -100.8740,  0, 0, 0
L 5294.5327, -4782.6792, -100.8740,  5295.0244, -4774.1104, -100.8740,  0, 0, 0
L 5294.4683, -4783.8169, -100.8740,  5294.5327, -4782.6792, -100.8740,  0, 0, 0
L 5293.9683, -4792.5405, -100.8740,  5294.4683, -4783.8169, -100.8740,  0, 0, 0
L 5293.8882, -4793.9380, -100.8740,  5293.9683, -4792.5405, -100.8740,  0, 0, 0
L 5293.3901, -4802.6279, -100.8740,  5293.8882, -4793.9380, -100.8740,  0, 0, 0
L 5293.3252, -4803.7778, -100.8740,  5293.3901, -4802.6279, -100.8740,  0, 0, 0
L 5234.1050, -4848.2090, -100.8740,  5293.3252, -4803.7778, -100.8740,  0, 0, 0
L 5233.0474, -4849.0020, -100.8740,  5234.1050, -4848.2090, -100.8740,  0, 0, 0
L 5102.7461, -4738.1602, -100.8740,  5233.0474, -4849.0020, -100.8740,  0, 0, 0
L 5095.5352, -4732.0190, -100.8740,  5102.7461, -4738.1602, -100.8740,  0, 0, 0
L 5094.5020, -4731.0972, -100.8740,  5095.5352, -4732.0190, -100.8740,  0, 0, 0
L 5093.5308, -4730.7368, -100.8740,  5094.5020, -4731.0972, -100.8740,  0, 0, 0
L 4981.1084, -4766.4048, -100.8740,  5093.5308, -4730.7368, -100.8740,  0, 0, 0
L 4980.0444, -4766.7427, -100.8740,  4981.1084, -4766.4048, -100.8740,  0, 0, 0
L 4862.9365, -4787.1924, -100.8740,  4980.0444, -4766.7427, -100.8740,  0, 0, 0
L 4861.6758, -4787.4111, -100.8740,  4862.9365, -4787.1924, -100.8740,  0, 0, 0
L 4750.4063, -4696.5142, -100.8740,  4861.6758, -4787.4111, -100.8740,  0, 0, 0
L 4749.3687, -4695.6655, -100.8740,  4750.4063, -4696.5142, -100.8740,  0, 0, 0
L 4748.5752, -4694.9575, -100.8740,  4749.3687, -4695.6655, -100.8740,  0, 0, 0
L 4556.8438, -4650.5562, -100.8740,  4748.5752, -4694.9575, -100.8740,  0, 0, 0
L 4547.2266, -4648.3369, -100.8740,  4556.8438, -4650.5562, -100.8740,  0, 0, 0
L 4546.0313, -4648.1226, -100.8740,  4547.2266, -4648.3369, -100.8740,  0, 0, 0
L 4427.0571, -4686.1440, -100.8740,  4546.0313, -4648.1226, -100.8740,  0, 0, 0
L 4417.6973, -4689.1440, -100.8740,  4427.0571, -4686.1440, -100.8740,  0, 0, 0
L 4416.7319, -4689.4258, -100.8740,  4417.6973, -4689.1440, -100.8740,  0, 0, 0
L 4415.8711, -4689.9482, -100.8740,  4416.7319, -4689.4258, -100.8740,  0, 0, 0
L 4415.3779, -4693.0259, -100.8740,  4415.8711, -4689.9482, -100.8740,  0, 0, 0
L 4415.3354, -4693.9990, -100.8740,  4415.3779, -4693.0259, -100.8740,  0, 0, 0
L 4414.8477, -4705.2314, -100.8740,  4415.3354, -4693.9990, -100.8740,  0, 0, 0
L 4414.7910, -4706.5386, -100.8740,  4414.8477, -4705.2314, -100.8740,  0, 0, 0
L 4414.2935, -4718.0029, -100.8740,  4414.7910, -4706.5386, -100.8740,  0, 0, 0
L 4414.2476, -4719.0610, -100.8740,  4414.2935, -4718.0029, -100.8740,  0, 0, 0
L 4413.7559, -4730.3882, -100.8740,  4414.2476, -4719.0610, -100.8740,  0, 0, 0
L 4413.7104, -4731.4307, -100.8740,  4413.7559, -4730.3882, -100.8740,  0, 0, 0
L 4413.2295, -4742.5229, -100.8740,  4413.7104, -4731.4307, -100.8740,  0, 0, 0
L 4413.1772, -4743.7061, -100.8740,  4413.2295, -4742.5229, -100.8740,  0, 0, 0
L 4412.7061, -4754.5811, -100.8740,  4413.1772, -4743.7061, -100.8740,  0, 0, 0
L 4412.6592, -4755.6543, -100.8740,  4412.7061, -4754.5811, -100.8740,  0, 0, 0
L 4412.1597, -4767.1680, -100.8740,  4412.6592, -4755.6543, -100.8740,  0, 0, 0
L 4412.1157, -4768.1479, -100.8740,  4412.1597, -4767.1680, -100.8740,  0, 0, 0
L 4411.6221, -4779.5361, -100.8740,  4412.1157, -4768.1479, -100.8740,  0, 0, 0
L 4411.5752, -4780.6255, -100.8740,  4411.6221, -4779.5361, -100.8740,  0, 0, 0
L 4411.0942, -4791.6953, -100.8740,  4411.5752, -4780.6255, -100.8740,  0, 0, 0
L 4411.0342, -4793.0894, -100.8740,  4411.0942, -4791.6953, -100.8740,  0, 0, 0
L 4410.5400, -4804.4556, -100.8740,  4411.0342, -4793.0894, -100.8740,  0, 0, 0
L 4410.4854, -4805.7256, -100.8740,  4410.5400, -4804.4556, -100.8740,  0, 0, 0
L 4409.9941, -4817.0313, -100.8740,  4410.4854, -4805.7256, -100.8740,  0, 0, 0
L 4409.9512, -4818.0269, -100.8740,  4409.9941, -4817.0313, -100.8740,  0, 0, 0
L 4409.4561, -4829.4297, -100.8740,  4409.9512, -4818.0269, -100.8740,  0, 0, 0
L 4409.4146, -4830.3784, -100.8740,  4409.4561, -4829.4297, -100.8740,  0, 0, 0
L 4408.9238, -4841.6885, -100.8740,  4409.4146, -4830.3784, -100.8740,  0, 0, 0
L 4408.8843, -4842.6060, -100.8740,  4408.9238, -4841.6885, -100.8740,  0, 0, 0
L 4408.3926, -4853.9316, -100.8740,  4408.8843, -4842.6060, -100.8740,  0, 0, 0
L 4408.3506, -4854.8970, -100.8740,  4408.3926, -4853.9316, -100.8740,  0, 0, 0
L 4407.8687, -4865.9927, -100.8740,  4408.3506, -4854.8970, -100.8740,  0, 0, 0
L 4407.8130, -4867.2793, -100.8740,  4407.8687, -4865.9927, -100.8740,  0, 0, 0
L 4407.3228, -4878.5532, -100.8740,  4407.8130, -4867.2793, -100.8740,  0, 0, 0
L 4407.2837, -4879.4717, -100.8740,  4407.3228, -4878.5532, -100.8740,  0, 0, 0
L 4406.8018, -4890.5591, -100.8740,  4407.2837, -4879.4717, -100.8740,  0, 0, 0
L 4406.7451, -4891.8691, -100.8740,  4406.8018, -4890.5591, -100.8740,  0, 0, 0
L 4406.2549, -4903.1675, -100.8740,  4406.7451, -4891.8691, -100.8740,  0, 0, 0
L 4406.1978, -4904.4658, -100.8740,  4406.2549, -4903.1675, -100.8740,  0, 0, 0
L 4405.7188, -4915.5103, -100.8740,  4406.1978, -4904.4658, -100.8740,  0, 0, 0
L 4405.6597, -4916.8887, -100.8740,  4405.7188, -4915.5103, -100.8740,  0, 0, 0
L 4405.1816, -4927.8867, -100.8740,  4405.6597, -4916.8887, -100.8740,  0, 0, 0
L 4405.3223, -4929.2388, -100.8740,  4405.1816, -4927.8867, -100.8740,  0, 0, 0
L 4424.3960, -4962.6108, -100.8740,  4405.3223, -4929.2388, -100.8740,  0, 0, 0
L 4447.2983, -5002.6821, -100.8740,  4424.3960, -4962.6108, -100.8740,  0, 0, 0
L 4498.5908, -4986.4761, -100.8740,  4447.2983, -5002.6821, -100.8740,  0, 0, 0
L 4526.7197, -4977.5894, -100.8740,  4498.5908, -4986.4761, -100.8740,  0, 0, 0
L 4545.6548, -4971.6299, -100.8740,  4526.7197, -4977.5894, -100.8740,  0, 0, 0
L 4546.8989, -4971.2280, -100.8740,  4545.6548, -4971.6299, -100.8740,  0, 0, 0
L 4602.3604, -4925.8350, -100.8740,  4546.8989, -4971.2280, -100.8740,  0, 0, 0
L 4603.4434, -4924.9478, -100.8740,  4602.3604, -4925.8350, -100.8740,  0, 0, 0
L 4751.3130, -4894.2549, -100.8740,  4603.4434, -4924.9478, -100.8740,  0, 0, 0
L 4752.4487, -4894.0190, -100.8740,  4751.3130, -4894.2549, -100.8740,  0, 0, 0
L 4855.2744, -4898.5962, -100.8740,  4752.4487, -4894.0190, -100.8740,  0, 0, 0
L 4865.1753, -4899.0444, -100.8740,  4855.2744, -4898.5962, -100.8740,  0, 0, 0
L 4866.5200, -4899.1689, -100.8740,  4865.1753, -4899.0444, -100.8740,  0, 0, 0
L 5020.3501, -4801.8169, -100.8740,  4866.5200, -4899.1689, -100.8740,  0, 0, 0
L 5021.3218, -4801.2012, -100.8740,  5020.3501, -4801.8169, -100.8740,  0, 0, 0
L 5101.6904, -4836.3398, -100.8740,  5021.3218, -4801.2012, -100.8740,  0, 0, 0
L 5102.8550, -4836.8486, -100.8740,  5101.6904, -4836.3398, -100.8740,  0, 0, 0
L 5189.0903, -4938.3115, -100.8740,  5102.8550, -4836.8486, -100.8740,  0, 0, 0
L 5189.9312, -4939.3008, -100.8740,  5189.0903, -4938.3115, -100.8740,  0, 0, 0
L 5190.3838, -4948.7476, -100.8740,  5189.9312, -4939.3008, -100.8740,  0, 0, 0
L 5190.4185, -4949.7319, -100.8740,  5190.3838, -4948.7476, -100.8740,  0, 0, 0
L 5190.9023, -4963.2554, -100.8740,  5190.4185, -4949.7319, -100.8740,  0, 0, 0
L 5190.9409, -4964.3296, -100.8740,  5190.9023, -4963.2554, -100.8740,  0, 0, 0
L 5191.4395, -4978.2725, -100.8740,  5190.9409, -4964.3296, -100.8740,  0, 0, 0
L 5191.4844, -4979.4927, -100.8740,  5191.4395, -4978.2725, -100.8740,  0, 0, 0
L 5191.9805, -4993.4434, -100.8740,  5191.4844, -4979.4927, -100.8740,  0, 0, 0
L 5192.0186, -4994.5215, -100.8740,  5191.9805, -4993.4434, -100.8740,  0, 0, 0
L 5192.5142, -5008.4224, -100.8740,  5192.0186, -4994.5215, -100.8740,  0, 0, 0
L 5192.5566, -5009.6167, -100.8740,  5192.5142, -5008.4224, -100.8740,  0, 0, 0
L 5193.0396, -5023.1836, -100.8740,  5192.5566, -5009.6167, -100.8740,  0, 0, 0
L 5193.0718, -5024.0723, -100.8740,  5193.0396, -5023.1836, -100.8740,  0, 0, 0
L 5193.5605, -5037.8101, -100.8740,  5193.0718, -5024.0723, -100.8740,  0, 0, 0
L 5193.6055, -5039.0625, -100.8740,  5193.5605, -5037.8101, -100.8740,  0, 0, 0
L 5194.0762, -5052.2778, -100.8740,  5193.6055, -5039.0625, -100.8740,  0, 0, 0
L 5194.1089, -5053.1963, -100.8740,  5194.0762, -5052.2778, -100.8740,  0, 0, 0
L 5194.5938, -5066.8315, -100.8740,  5194.1089, -5053.1963, -100.8740,  0, 0, 0
L 5194.6260, -5067.7217, -100.8740,  5194.5938, -5066.8315, -100.8740,  0, 0, 0
L 5195.1172, -5081.5176, -100.8740,  5194.6260, -5067.7217, -100.8740,  0, 0, 0
L 5195.1484, -5082.3892, -100.8740,  5195.1172, -5081.5176, -100.8740,  0, 0, 0
L 5068.5054, -5148.3589, -100.8740,  5195.1484, -5082.3892, -100.8740,  0, 0, 0
L 5067.4531, -5148.9063, -100.8740,  5068.5054, -5148.3589, -100.8740,  0, 0, 0
L 4940.9351, -5118.5259, -100.8740,  5067.4531, -5148.9063, -100.8740,  0, 0, 0
L 4939.6211, -5118.2100, -100.8740,  4940.9351, -5118.5259, -100.8740,  0, 0, 0
L 4891.3076, -5025.0293, -100.8740,  4939.6211, -5118.2100, -100.8740,  0, 0, 0
L 4877.5728, -4998.5396, -100.8740,  4891.3076, -5025.0293, -100.8740,  0, 0, 0
L 4877.0195, -4997.4727, -100.8740,  4877.5728, -4998.5396, -100.8740,  0, 0, 0
L 4876.6768, -4996.7334, -100.8740,  4877.0195, -4997.4727, -100.8740,  0, 0, 0
L 4874.1279, -4989.3320, -100.8740,  4876.6768, -4996.7334, -100.8740,  0, 0, 0
L 4873.7466, -4988.2402, -100.8740,  4874.1279, -4989.3320, -100.8740,  0, 0, 0
L 4873.2759, -4986.9316, -100.8740,  4873.7466, -4988.2402, -100.8740,  0, 0, 0
L 4872.7969, -4985.6934, -100.8740,  4873.2759, -4986.9316, -100.8740,  0, 0, 0
L 4872.3975, -4984.7612, -100.8740,  4872.7969, -4985.6934, -100.8740,  0, 0, 0
L 4872.1440, -4984.2354, -100.8740,  4872.3975, -4984.7612, -100.8740,  0, 0, 0
L 4871.5229, -4983.2212, -100.8740,  4872.1440, -4984.2354, -100.8740,  0, 0, 0
L 4870.7173, -4982.1890, -100.8740,  4871.5229, -4983.2212, -100.8740,  0, 0, 0
L 4869.9033, -4981.3140, -100.8740,  4870.7173, -4982.1890, -100.8740,  0, 0, 0
L 4868.0938, -4979.6021, -100.8740,  4869.9033, -4981.3140, -100.8740,  0, 0, 0
L 4867.2065, -4978.7988, -100.8740,  4868.0938, -4979.6021, -100.8740,  0, 0, 0
L 4767.5728, -4955.0518, -100.8740,  4867.2065, -4978.7988, -100.8740,  0, 0, 0
L 4757.8618, -4952.7427, -100.8740,  4767.5728, -4955.0518, -100.8740,  0, 0, 0
L 4664.8052, -4972.1255, -100.8740,  4757.8618, -4952.7427, -100.8740,  0, 0, 0
L 4635.3228, -4978.2632, -100.8740,  4664.8052, -4972.1255, -100.8740,  0, 0, 0
L 4634.0684, -4978.5244, -100.8740,  4635.3228, -4978.2632, -100.8740,  0, 0, 0
L 4632.7739, -4979.0659, -100.8740,  4634.0684, -4978.5244, -100.8740,  0, 0, 0
L 4595.2061, -5026.8882, -100.8740,  4632.7739, -4979.0659, -100.8740,  0, 0, 0
L 4576.8359, -5050.2734, -100.8740,  4595.2061, -5026.8882, -100.8740,  0, 0, 0
L 4576.1362, -5051.1655, -100.8740,  4576.8359, -5050.2734, -100.8740,  0, 0, 0
L 4438.8286, -5112.1880, -100.8740,  4576.1362, -5051.1655, -100.8740,  0, 0, 0
L 4437.6387, -5112.7168, -100.8740,  4438.8286, -5112.1880, -100.8740,  0, 0, 0
L 4253.7471, -5117.9448, -100.8740,  4437.6387, -5112.7168, -100.8740,  0, 0, 0
L 4252.6133, -5117.9766, -100.8740,  4253.7471, -5117.9448, -100.8740,  0, 0, 0
L 4105.6016, -4971.1411, -97.7490,  4252.6133, -5117.9766, -100.8740,  0, 0, 0
L 4095.3472, -4960.8862, -100.8740,  4105.6016, -4971.1411, -97.7490,  0, 0, 0
L 4092.7969, -4958.3379, -97.7490,  4095.3472, -4960.8862, -100.8740,  0, 0, 0
L 4035.1956, -4937.3018, -97.7490,  4092.7969, -4958.3379, -97.7490,  0, 0, 0
L 3942.4485, -4954.8711, -97.7490,  4035.1956, -4937.3018, -97.7490,  0, 0, 0
L 3925.5862, -4958.0825, -97.7490,  3942.4485, -4954.8711, -97.7490,  0, 0, 0
L 3881.3623, -5020.7310, -100.8740,  3925.5862, -4958.0825, -100.8740,  0, 0, 0
L 3864.1392, -5045.1255, -100.8740,  3881.3623, -5020.7310, -100.8740,  0, 0, 0
L 3863.4407, -5046.1157, -100.8740,  3864.1392, -5045.1255, -100.8740,  0, 0, 0
L 3798.1731, -5086.2856, -100.8740,  3863.4407, -5046.1157, -100.8740,  0, 0, 0
L 3797.0293, -5086.9902, -100.8740,  3798.1731, -5086.2856, -100.8740,  0, 0, 0
L 3624.0752, -5071.7212, -100.8740,  3797.0293, -5086.9902, -100.8740,  0, 0, 0
L 3622.9065, -5071.6182, -100.8740,  3624.0752, -5071.7212, -100.8740,  0, 0, 0
L 3407.2847, -5005.0488, -100.8740,  3622.9065, -5071.6182, -100.8740,  0, 0, 0
L 3406.2842, -5004.7393, -100.8740,  3407.2847, -5005.0488, -100.8740,  0, 0, 0
L 3236.9639, -4876.7095, -100.8740,  3406.2842, -5004.7393, -100.8740,  0, 0, 0
L 3235.9082, -4875.9102, -100.8740,  3236.9639, -4876.7095, -100.8740,  0, 0, 0
L 3232.8201, -4867.2607, -100.8740,  3235.9082, -4875.9102, -100.8740,  0, 0, 0
L 3221.5874, -4835.8071, -100.8740,  3232.8201, -4867.2607, -100.8740,  0, 0, 0
L 3221.0884, -4834.4092, -100.8740,  3221.5874, -4835.8071, -100.8740,  0, 0, 0
L 3220.7793, -4833.5439, -100.8740,  3221.0884, -4834.4092, -100.8740,  0, 0, 0
L 3210.7642, -4805.5005, -100.8740,  3220.7793, -4833.5439, -100.8740,  0, 0, 0
L 3210.4087, -4804.5054, -100.8740,  3210.7642, -4805.5005, -100.8740,  0, 0, 0
L 3209.8643, -4803.4365, -100.8740,  3210.4087, -4804.5054, -100.8740,  0, 0, 0
L 3172.2134, -4778.3574, -100.8740,  3209.8643, -4803.4365, -100.8740,  0, 0, 0
L 3163.9976, -4772.8892, -100.8740,  3172.2134, -4778.3574, -100.8740,  0, 0, 0
L 3162.9451, -4772.1563, -100.8740,  3163.9976, -4772.8892, -100.8740,  0, 0, 0
L 3050.3794, -4772.0610, -100.8740,  3162.9451, -4772.1563, -100.8740,  0, 0, 0
L 3049.0828, -4772.0615, -100.8740,  3050.3794, -4772.0610, -100.8740,  0, 0, 0
L 2985.1365, -4737.6182, -100.8740,  3049.0828, -4772.0615, -100.8740,  0, 0, 0
L 2983.9102, -4736.9575, -100.8740,  2985.1365, -4737.6182, -100.8740,  0, 0, 0
L 2983.4900, -4725.8462, -100.8740,  2983.9102, -4736.9575, -100.8740,  0, 0, 0
L 2983.5203, -4724.8765, -100.8740,  2983.4900, -4725.8462, -100.8740,  0, 0, 0
L 2984.0066, -4709.3613, -100.8740,  2983.5203, -4724.8765, -100.8740,  0, 0, 0
L 2984.0508, -4707.9590, -100.8740,  2984.0066, -4709.3613, -100.8740,  0, 0, 0
L 2984.5491, -4692.0522, -100.8740,  2984.0508, -4707.9590, -100.8740,  0, 0, 0
L 2984.5833, -4690.9639, -100.8740,  2984.5491, -4692.0522, -100.8740,  0, 0, 0
L 2985.0767, -4675.1768, -100.8740,  2984.5833, -4690.9639, -100.8740,  0, 0, 0
L 2985.1028, -4674.3359, -100.8740,  2985.0767, -4675.1768, -100.8740,  0, 0, 0
L 2985.5955, -4658.5151, -100.8740,  2985.1028, -4674.3359, -100.8740,  0, 0, 0
L 2985.6248, -4657.5752, -100.8740,  2985.5955, -4658.5151, -100.8740,  0, 0, 0
L 2986.1199, -4641.6626, -100.8740,  2985.6248, -4657.5752, -100.8740,  0, 0, 0
L 2986.1448, -4640.8677, -100.8740,  2986.1199, -4641.6626, -100.8740,  0, 0, 0
L 2986.6409, -4624.9390, -100.8740,  2986.1448, -4640.8677, -100.8740,  0, 0, 0
L 2986.6797, -4623.6797, -100.8740,  2986.6409, -4624.9390, -100.8740,  0, 0, 0
L 2987.1792, -4607.6450, -100.8740,  2986.6797, -4623.6797, -100.8740,  0, 0, 0
L 2987.2190, -4606.3730, -100.8740,  2987.1792, -4607.6450, -100.8740,  0, 0, 0
L 2987.7107, -4590.5796, -100.8740,  2987.2190, -4606.3730, -100.8740,  0, 0, 0
L 2987.7400, -4589.6250, -100.8740,  2987.7107, -4590.5796, -100.8740,  0, 0, 0
L 2988.2366, -4573.6851, -100.8740,  2987.7400, -4589.6250, -100.8740,  0, 0, 0
L 2988.2747, -4572.4526, -100.8740,  2988.2366, -4573.6851, -100.8740,  0, 0, 0
L 3008.3855, -4498.7603, -100.8740,  2988.2747, -4572.4526, -100.8740,  0, 0, 0
L 3008.8008, -4497.2393, -100.8740,  3008.3855, -4498.7603, -100.8740,  0, 0, 0
L 3009.0618, -4496.2817, -100.8740,  3008.8008, -4497.2393, -100.8740,  0, 0, 0
L 3009.4856, -4494.7285, -100.8740,  3009.0618, -4496.2817, -100.8740,  0, 0, 0
L 3009.8069, -4493.5522, -100.8740,  3009.4856, -4494.7285, -100.8740,  0, 0, 0
L 3010.2476, -4491.9365, -100.8740,  3009.8069, -4493.5522, -100.8740,  0, 0, 0
L 3010.5088, -4490.9800, -100.8740,  3010.2476, -4491.9365, -100.8740,  0, 0, 0
L 3010.9114, -4489.5054, -100.8740,  3010.5088, -4490.9800, -100.8740,  0, 0, 0
L 3011.1941, -4488.4692, -100.8740,  3010.9114, -4489.5054, -100.8740,  0, 0, 0
L 3011.6775, -4486.6968, -100.8740,  3011.1941, -4488.4692, -100.8740,  0, 0, 0
L 3011.9690, -4485.6299, -100.8740,  3011.6775, -4486.6968, -100.8740,  0, 0, 0
L 3012.3760, -4484.1377, -100.8740,  3011.9690, -4485.6299, -100.8740,  0, 0, 0
L 3012.6382, -4483.1777, -100.8740,  3012.3760, -4484.1377, -100.8740,  0, 0, 0
L 3013.0918, -4481.5142, -100.8740,  3012.6382, -4483.1777, -100.8740,  0, 0, 0
L 3013.3611, -4480.5278, -100.8740,  3013.0918, -4481.5142, -100.8740,  0, 0, 0
L 3013.7454, -4479.1187, -100.8740,  3013.3611, -4480.5278, -100.8740,  0, 0, 0
L 3013.8904, -4478.5889, -100.8740,  3013.7454, -4479.1187, -100.8740,  0, 0, 0
L 3014.3604, -4476.8672, -100.8740,  3013.8904, -4478.5889, -100.8740,  0, 0, 0
L 3014.6619, -4475.7617, -100.8740,  3014.3604, -4476.8672, -100.8740,  0, 0, 0
L 3015.1563, -4473.9502, -100.8740,  3014.6619, -4475.7617, -100.8740,  0, 0, 0
L 3015.4639, -4472.8223, -100.8740,  3015.1563, -4473.9502, -100.8740,  0, 0, 0
L 3015.9180, -4471.1577, -100.8740,  3015.4639, -4472.8223, -100.8740,  0, 0, 0
L 3016.2461, -4469.9565, -100.8740,  3015.9180, -4471.1577, -100.8740,  0, 0, 0
L 3016.6597, -4468.4404, -100.8740,  3016.2461, -4469.9565, -100.8740,  0, 0, 0
L 3016.8162, -4467.8682, -100.8740,  3016.6597, -4468.4404, -100.8740,  0, 0, 0
L 3017.2947, -4466.1143, -100.8740,  3016.8162, -4467.8682, -100.8740,  0, 0, 0
L 3017.6106, -4464.9570, -100.8740,  3017.2947, -4466.1143, -100.8740,  0, 0, 0
L 3017.9578, -4463.6841, -100.8740,  3017.6106, -4464.9570, -100.8740,  0, 0, 0
L 3018.2808, -4462.5000, -100.8740,  3017.9578, -4463.6841, -100.8740,  0, 0, 0
L 3018.6912, -4460.9971, -100.8740,  3018.2808, -4462.5000, -100.8740,  0, 0, 0
L 3019.0120, -4459.8193, -100.8740,  3018.6912, -4460.9971, -100.8740,  0, 0, 0
L 3145.4700, -4414.2993, -100.8740,  3019.0120, -4459.8193, -100.8740,  0, 0, 0
L 3146.7278, -4413.8472, -100.8740,  3145.4700, -4414.2993, -100.8740,  0, 0, 0
L 3252.7969, -4459.2739, -100.8740,  3146.7278, -4413.8472, -100.8740,  0, 0, 0
L 3254.0513, -4459.8105, -100.8740,  3252.7969, -4459.2739, -100.8740,  0, 0, 0
L 3293.6641, -4554.9116, -100.8740,  3254.0513, -4459.8105, -100.8740,  0, 0, 0
L 3304.8970, -4581.8784, -100.8740,  3293.6641, -4554.9116, -100.8740,  0, 0, 0
L 3305.2195, -4582.6519, -100.8740,  3304.8970, -4581.8784, -100.8740,  0, 0, 0
L 3301.2964, -4595.9922, -100.8740,  3305.2195, -4582.6519, -100.8740,  0, 0, 0
L 3292.8772, -4624.6235, -100.8740,  3301.2964, -4595.9922, -100.8740,  0, 0, 0
L 3292.4495, -4626.0771, -100.8740,  3292.8772, -4624.6235, -100.8740,  0, 0, 0
L 3292.1619, -4627.0547, -100.8740,  3292.4495, -4626.0771, -100.8740,  0, 0, 0
L 3291.8145, -4628.2368, -100.8740,  3292.1619, -4627.0547, -100.8740,  0, 0, 0
L 3291.5347, -4629.1885, -100.8740,  3291.8145, -4628.2368, -100.8740,  0, 0, 0
L 3291.0828, -4630.7231, -100.8740,  3291.5347, -4629.1885, -100.8740,  0, 0, 0
L 3290.8311, -4631.5815, -100.8740,  3291.0828, -4630.7231, -100.8740,  0, 0, 0
L 3290.3916, -4633.0757, -100.8740,  3290.8311, -4631.5815, -100.8740,  0, 0, 0
L 3290.0686, -4634.1738, -100.8740,  3290.3916, -4633.0757, -100.8740,  0, 0, 0
L 3289.6348, -4635.6494, -100.8740,  3290.0686, -4634.1738, -100.8740,  0, 0, 0
L 3289.3423, -4636.6450, -100.8740,  3289.6348, -4635.6494, -100.8740,  0, 0, 0
L 3288.8821, -4638.2070, -100.8740,  3289.3423, -4636.6450, -100.8740,  0, 0, 0
L 3288.6001, -4639.1685, -100.8740,  3288.8821, -4638.2070, -100.8740,  0, 0, 0
L 3280.3433, -4667.2476, -100.8740,  3288.6001, -4639.1685, -100.8740,  0, 0, 0
L 3279.9944, -4668.4312, -100.8740,  3280.3433, -4667.2476, -100.8740,  0, 0, 0
L 3279.7239, -4669.3560, -100.8740,  3279.9944, -4668.4312, -100.8740,  0, 0, 0
L 3279.4446, -4669.8975, -100.8740,  3279.7239, -4669.3560, -100.8740,  0, 0, 0
L 3279.5999, -4670.9785, -100.8740,  3279.4446, -4669.8975, -100.8740,  0, 0, 0
L 3280.0081, -4672.8936, -100.8740,  3279.5999, -4670.9785, -100.8740,  0, 0, 0
L 3280.2200, -4673.8887, -100.8740,  3280.0081, -4672.8936, -100.8740,  0, 0, 0
L 3280.6504, -4675.9067, -100.8740,  3280.2200, -4673.8887, -100.8740,  0, 0, 0
L 3280.9353, -4677.2422, -100.8740,  3280.6504, -4675.9067, -100.8740,  0, 0, 0
L 3281.3567, -4679.2168, -100.8740,  3280.9353, -4677.2422, -100.8740,  0, 0, 0
L 3281.5530, -4680.1367, -100.8740,  3281.3567, -4679.2168, -100.8740,  0, 0, 0
L 3281.9678, -4682.0820, -100.8740,  3281.5530, -4680.1367, -100.8740,  0, 0, 0
L 3282.2261, -4683.3003, -100.8740,  3281.9678, -4682.0820, -100.8740,  0, 0, 0
L 3282.6360, -4685.2324, -100.8740,  3282.2261, -4683.3003, -100.8740,  0, 0, 0
L 3282.8284, -4686.1392, -100.8740,  3282.6360, -4685.2324, -100.8740,  0, 0, 0
L 3283.2444, -4688.1016, -100.8740,  3282.8284, -4686.1392, -100.8740,  0, 0, 0
L 3283.4871, -4689.2451, -100.8740,  3283.2444, -4688.1016, -100.8740,  0, 0, 0
L 3283.9534, -4691.4438, -100.8740,  3283.4871, -4689.2451, -100.8740,  0, 0, 0
L 3284.1553, -4692.3950, -100.8740,  3283.9534, -4691.4438, -100.8740,  0, 0, 0
L 3284.6121, -4694.5493, -100.8740,  3284.1553, -4692.3950, -100.8740,  0, 0, 0
L 3284.8328, -4695.5894, -100.8740,  3284.6121, -4694.5493, -100.8740,  0, 0, 0
L 3285.2295, -4697.4614, -100.8740,  3284.8328, -4695.5894, -100.8740,  0, 0, 0
L 3285.5071, -4698.7686, -100.8740,  3285.2295, -4697.4614, -100.8740,  0, 0, 0
L 3285.8977, -4700.6118, -100.8740,  3285.5071, -4698.7686, -100.8740,  0, 0, 0
L 3286.1155, -4701.6367, -100.8740,  3285.8977, -4700.6118, -100.8740,  0, 0, 0
L 3286.6038, -4703.9399, -100.8740,  3286.1155, -4701.6367, -100.8740,  0, 0, 0
L 3286.8433, -4705.0693, -100.8740,  3286.6038, -4703.9399, -100.8740,  0, 0, 0
L 3287.3416, -4707.4185, -100.8740,  3286.8433, -4705.0693, -100.8740,  0, 0, 0
L 3287.5342, -4708.3257, -100.8740,  3287.3416, -4707.4185, -100.8740,  0, 0, 0
L 3287.9910, -4710.4805, -100.8740,  3287.5342, -4708.3257, -100.8740,  0, 0, 0
L 3288.1863, -4711.4019, -100.8740,  3287.9910, -4710.4805, -100.8740,  0, 0, 0
L 3288.6023, -4713.3638, -100.8740,  3288.1863, -4711.4019, -100.8740,  0, 0, 0
L 3288.7913, -4714.2559, -100.8740,  3288.6023, -4713.3638, -100.8740,  0, 0, 0
L 3289.2581, -4716.4556, -100.8740,  3288.7913, -4714.2559, -100.8740,  0, 0, 0
L 3289.4600, -4717.4063, -100.8740,  3289.2581, -4716.4556, -100.8740,  0, 0, 0
L 3289.9131, -4719.5449, -100.8740,  3289.4600, -4717.4063, -100.8740,  0, 0, 0
L 3290.1399, -4720.6138, -100.8740,  3289.9131, -4719.5449, -100.8740,  0, 0, 0
L 3290.5381, -4722.4888, -100.8740,  3290.1399, -4720.6138, -100.8740,  0, 0, 0
L 3290.7378, -4723.4321, -100.8740,  3290.5381, -4722.4888, -100.8740,  0, 0, 0
L 3291.2322, -4725.7617, -100.8740,  3290.7378, -4723.4321, -100.8740,  0, 0, 0
L 3291.4727, -4726.8945, -100.8740,  3291.2322, -4725.7617, -100.8740,  0, 0, 0
L 3291.9390, -4729.0938, -100.8740,  3291.4727, -4726.8945, -100.8740,  0, 0, 0
L 3292.1597, -4730.1328, -100.8740,  3291.9390, -4729.0938, -100.8740,  0, 0, 0
L 3292.6487, -4732.4419, -100.8740,  3292.1597, -4730.1328, -100.8740,  0, 0, 0
L 3292.9207, -4733.7212, -100.8740,  3292.6487, -4732.4419, -100.8740,  0, 0, 0
L 3293.4087, -4736.0229, -100.8740,  3292.9207, -4733.7212, -100.8740,  0, 0, 0
L 3293.6580, -4737.1982, -100.8740,  3293.4087, -4736.0229, -100.8740,  0, 0, 0
L 3294.1548, -4739.5420, -100.8740,  3293.6580, -4737.1982, -100.8740,  0, 0, 0
L 3294.4446, -4740.9077, -100.8740,  3294.1548, -4739.5420, -100.8740,  0, 0, 0
L 3294.9043, -4743.0762, -100.8740,  3294.4446, -4740.9077, -100.8740,  0, 0, 0
L 3295.1941, -4744.4409, -100.8740,  3294.9043, -4743.0762, -100.8740,  0, 0, 0
L 3295.6919, -4746.7896, -100.8740,  3295.1941, -4744.4409, -100.8740,  0, 0, 0
L 3295.9170, -4747.8486, -100.8740,  3295.6919, -4746.7896, -100.8740,  0, 0, 0
L 3296.4136, -4750.1909, -100.8740,  3295.9170, -4747.8486, -100.8740,  0, 0, 0
L 3296.6814, -4751.4546, -100.8740,  3296.4136, -4750.1909, -100.8740,  0, 0, 0
L 3297.1326, -4753.5811, -100.8740,  3296.6814, -4751.4546, -100.8740,  0, 0, 0
L 3297.4192, -4754.9321, -100.8740,  3297.1326, -4753.5811, -100.8740,  0, 0, 0
L 3297.8882, -4757.1460, -100.8740,  3297.4192, -4754.9321, -100.8740,  0, 0, 0
L 3298.1509, -4758.3818, -100.8740,  3297.8882, -4757.1460, -100.8740,  0, 0, 0
L 3298.6387, -4760.6816, -100.8740,  3298.1509, -4758.3818, -100.8740,  0, 0, 0
L 3298.9290, -4762.0508, -100.8740,  3298.6387, -4760.6816, -100.8740,  0, 0, 0
L 3299.4275, -4764.4033, -100.8740,  3298.9290, -4762.0508, -100.8740,  0, 0, 0
L 3299.6880, -4765.6294, -100.8740,  3299.4275, -4764.4033, -100.8740,  0, 0, 0
L 3300.1233, -4767.6821, -100.8740,  3299.6880, -4765.6294, -100.8740,  0, 0, 0
L 3300.3257, -4768.6367, -100.8740,  3300.1233, -4767.6821, -100.8740,  0, 0, 0
L 3300.8040, -4770.8921, -100.8740,  3300.3257, -4768.6367, -100.8740,  0, 0, 0
L 3301.0022, -4771.8267, -100.8740,  3300.8040, -4770.8921, -100.8740,  0, 0, 0
L 3301.4021, -4773.7119, -100.8740,  3301.0022, -4771.8267, -100.8740,  0, 0, 0
L 3301.6680, -4774.9653, -100.8740,  3301.4021, -4773.7119, -100.8740,  0, 0, 0
L 3302.0874, -4776.9424, -100.8740,  3301.6680, -4774.9653, -100.8740,  0, 0, 0
L 3302.3743, -4778.2949, -100.8740,  3302.0874, -4776.9424, -100.8740,  0, 0, 0
L 3302.8418, -4780.5005, -100.8740,  3302.3743, -4778.2949, -100.8740,  0, 0, 0
L 3303.0740, -4781.5938, -100.8740,  3302.8418, -4780.5005, -100.8740,  0, 0, 0
L 3303.5142, -4783.6709, -100.8740,  3303.0740, -4781.5938, -100.8740,  0, 0, 0
L 3303.7229, -4784.6533, -100.8740,  3303.5142, -4783.6709, -100.8740,  0, 0, 0
L 3304.1934, -4786.8726, -100.8740,  3303.7229, -4784.6533, -100.8740,  0, 0, 0
L 3304.3953, -4787.8237, -100.8740,  3304.1934, -4786.8726, -100.8740,  0, 0, 0
L 3304.8457, -4789.9473, -100.8740,  3304.3953, -4787.8237, -100.8740,  0, 0, 0
L 3305.1282, -4791.2778, -100.8740,  3304.8457, -4789.9473, -100.8740,  0, 0, 0
L 3305.6221, -4793.6089, -100.8740,  3305.1282, -4791.2778, -100.8740,  0, 0, 0
L 3305.8977, -4794.9087, -100.8740,  3305.6221, -4793.6089, -100.8740,  0, 0, 0
L 3306.3921, -4797.2393, -100.8740,  3305.8977, -4794.9087, -100.8740,  0, 0, 0
L 3306.6509, -4798.4600, -100.8740,  3306.3921, -4797.2393, -100.8740,  0, 0, 0
L 3307.0613, -4800.3931, -100.8740,  3306.6509, -4798.4600, -100.8740,  0, 0, 0
L 3307.3538, -4801.7725, -100.8740,  3307.0613, -4800.3931, -100.8740,  0, 0, 0
L 3307.8384, -4804.0562, -100.8740,  3307.3538, -4801.7725, -100.8740,  0, 0, 0
L 3308.0469, -4805.0405, -100.8740,  3307.8384, -4804.0562, -100.8740,  0, 0, 0
L 3308.4373, -4806.8809, -100.8740,  3308.0469, -4805.0405, -100.8740,  0, 0, 0
L 3308.6477, -4807.8730, -100.8740,  3308.4373, -4806.8809, -100.8740,  0, 0, 0
L 3309.1160, -4810.0820, -100.8740,  3308.6477, -4807.8730, -100.8740,  0, 0, 0
L 3309.3279, -4811.0811, -100.8740,  3309.1160, -4810.0820, -100.8740,  0, 0, 0
L 3309.8174, -4813.3887, -100.8740,  3309.3279, -4811.0811, -100.8740,  0, 0, 0
L 3310.0569, -4814.5176, -100.8740,  3309.8174, -4813.3887, -100.8740,  0, 0, 0
L 3310.5430, -4816.8091, -100.8740,  3310.0569, -4814.5176, -100.8740,  0, 0, 0
L 3310.7405, -4817.7422, -100.8740,  3310.5430, -4816.8091, -100.8740,  0, 0, 0
L 3311.2371, -4820.0815, -100.8740,  3310.7405, -4817.7422, -100.8740,  0, 0, 0
L 3311.5286, -4821.4565, -100.8740,  3311.2371, -4820.0815, -100.8740,  0, 0, 0
L 3311.9346, -4823.3716, -100.8740,  3311.5286, -4821.4565, -100.8740,  0, 0, 0
L 3312.1360, -4824.3188, -100.8740,  3311.9346, -4823.3716, -100.8740,  0, 0, 0
L 3312.6033, -4826.5239, -100.8740,  3312.1360, -4824.3188, -100.8740,  0, 0, 0
L 3312.8926, -4827.8853, -100.8740,  3312.6033, -4826.5239, -100.8740,  0, 0, 0
L 3313.3374, -4829.9854, -100.8740,  3312.8926, -4827.8853, -100.8740,  0, 0, 0
L 3313.5525, -4830.9990, -100.8740,  3313.3374, -4829.9854, -100.8740,  0, 0, 0
L 3314.0337, -4833.2676, -100.8740,  3313.5525, -4830.9990, -100.8740,  0, 0, 0
L 3314.2903, -4834.4771, -100.8740,  3314.0337, -4833.2676, -100.8740,  0, 0, 0
L 3314.7837, -4836.8018, -100.8740,  3314.2903, -4834.4771, -100.8740,  0, 0, 0
L 3315.0413, -4838.0161, -100.8740,  3314.7837, -4836.8018, -100.8740,  0, 0, 0
L 3315.5293, -4840.3188, -100.8740,  3315.0413, -4838.0161, -100.8740,  0, 0, 0
L 3315.8096, -4841.5034, -100.8740,  3315.5293, -4840.3188, -100.8740,  0, 0, 0
L 3422.1851, -4952.7417, -100.8740,  3315.8096, -4841.5034, -100.8740,  0, 0, 0
L 3429.0359, -4959.9033, -100.8740,  3422.1851, -4952.7417, -100.8740,  0, 0, 0
L 3430.0237, -4960.9077, -100.8740,  3429.0359, -4959.9033, -100.8740,  0, 0, 0
L 3606.5828, -5007.3604, -100.8740,  3430.0237, -4960.9077, -100.8740,  0, 0, 0
L 3625.5994, -5012.3643, -100.8740,  3606.5828, -5007.3604, -100.8740,  0, 0, 0
L 3626.8169, -5012.6919, -100.8740,  3625.5994, -5012.3643, -100.8740,  0, 0, 0
L 3836.4556, -4937.9985, -100.8740,  3626.8169, -5012.6919, -100.8740,  0, 0, 0
L 3837.4165, -4937.6553, -100.8740,  3836.4556, -4937.9985, -100.8740,  0, 0, 0
L 3838.4783, -4937.3867, -100.8740,  3837.4165, -4937.6553, -100.8740,  0, 0, 0
L 3840.4541, -4937.8315, -100.8740,  3838.4783, -4937.3867, -100.8740,  0, 0, 0
L 3841.4380, -4938.0532, -100.8740,  3840.4541, -4937.8315, -100.8740,  0, 0, 0
L 3844.3396, -4935.4346, -100.8740,  3841.4380, -4938.0532, -100.8740,  0, 0, 0
L 3845.2271, -4934.6309, -100.8740,  3844.3396, -4935.4346, -100.8740,  0, 0, 0
L 3845.4810, -4933.6255, -100.8740,  3845.2271, -4934.6309, -100.8740,  0, 0, 0
L 3845.9417, -4931.3228, -100.8740,  3845.4810, -4933.6255, -100.8740,  0, 0, 0
L 3846.1299, -4930.3809, -100.8740,  3845.9417, -4931.3228, -100.8740,  0, 0, 0
L 3846.5630, -4928.2183, -100.8740,  3846.1299, -4930.3809, -100.8740,  0, 0, 0
L 3846.7266, -4927.3984, -100.8740,  3846.5630, -4928.2183, -100.8740,  0, 0, 0
L 3847.1255, -4925.4058, -100.8740,  3846.7266, -4927.3984, -100.8740,  0, 0, 0
L 3847.3201, -4924.4316, -100.8740,  3847.1255, -4925.4058, -100.8740,  0, 0, 0
L 3847.7996, -4922.0361, -100.8740,  3847.3201, -4924.4316, -100.8740,  0, 0, 0
L 3848.0005, -4921.0317, -100.8740,  3847.7996, -4922.0361, -100.8740,  0, 0, 0
L 3848.4978, -4918.5444, -100.8740,  3848.0005, -4921.0317, -100.8740,  0, 0, 0
L 3848.7610, -4917.2310, -100.8740,  3848.4978, -4918.5444, -100.8740,  0, 0, 0
L 3849.2588, -4914.7437, -100.8740,  3848.7610, -4917.2310, -100.8740,  0, 0, 0
L 3849.4502, -4913.7861, -100.8740,  3849.2588, -4914.7437, -100.8740,  0, 0, 0
L 3849.9324, -4911.3765, -100.8740,  3849.4502, -4913.7861, -100.8740,  0, 0, 0
L 3850.1331, -4910.3726, -100.8740,  3849.9324, -4911.3765, -100.8740,  0, 0, 0
L 3850.5938, -4908.0698, -100.8740,  3850.1331, -4910.3726, -100.8740,  0, 0, 0
L 3850.7852, -4907.1128, -100.8740,  3850.5938, -4908.0698, -100.8740,  0, 0, 0
L 3851.2832, -4904.6260, -100.8740,  3850.7852, -4907.1128, -100.8740,  0, 0, 0
L 3851.4656, -4903.7139, -100.8740,  3851.2832, -4904.6260, -100.8740,  0, 0, 0
L 3851.8545, -4901.7676, -100.8740,  3851.4656, -4903.7139, -100.8740,  0, 0, 0
L 3852.0464, -4900.8101, -100.8740,  3851.8545, -4901.7676, -100.8740,  0, 0, 0
L 3852.5315, -4898.3853, -100.8740,  3852.0464, -4900.8101, -100.8740,  0, 0, 0
L 3852.7417, -4897.3350, -100.8740,  3852.5315, -4898.3853, -100.8740,  0, 0, 0
L 3853.1465, -4895.3105, -100.8740,  3852.7417, -4897.3350, -100.8740,  0, 0, 0
L 3853.3440, -4894.3228, -100.8740,  3853.1465, -4895.3105, -100.8740,  0, 0, 0
L 3853.8328, -4891.8813, -100.8740,  3853.3440, -4894.3228, -100.8740,  0, 0, 0
L 3854.0210, -4890.9395, -100.8740,  3853.8328, -4891.8813, -100.8740,  0, 0, 0
L 3854.5061, -4888.5142, -100.8740,  3854.0210, -4890.9395, -100.8740,  0, 0, 0
L 3854.6946, -4887.5723, -100.8740,  3854.5061, -4888.5142, -100.8740,  0, 0, 0
L 3855.1646, -4885.2231, -100.8740,  3854.6946, -4887.5723, -100.8740,  0, 0, 0
L 3855.3562, -4884.2656, -100.8740,  3855.1646, -4885.2231, -100.8740,  0, 0, 0
L 3855.8511, -4881.7935, -100.8740,  3855.3562, -4884.2656, -100.8740,  0, 0, 0
L 3856.0369, -4880.8657, -100.8740,  3855.8511, -4881.7935, -100.8740,  0, 0, 0
L 3856.4385, -4878.8569, -100.8740,  3856.0369, -4880.8657, -100.8740,  0, 0, 0
L 3856.6331, -4877.8838, -100.8740,  3856.4385, -4878.8569, -100.8740,  0, 0, 0
L 3857.1033, -4875.5352, -100.8740,  3856.6331, -4877.8838, -100.8740,  0, 0, 0
L 3857.2915, -4874.5928, -100.8740,  3857.1033, -4875.5352, -100.8740,  0, 0, 0
L 3857.7798, -4872.1519, -100.8740,  3857.2915, -4874.5928, -100.8740,  0, 0, 0
L 3857.9871, -4871.1177, -100.8740,  3857.7798, -4872.1519, -100.8740,  0, 0, 0
L 3858.4441, -4868.8306, -100.8740,  3857.9871, -4871.1177, -100.8740,  0, 0, 0
L 3858.6575, -4867.7642, -100.8740,  3858.4441, -4868.8306, -100.8740,  0, 0, 0
L 3859.1060, -4865.5234, -100.8740,  3858.6575, -4867.7642, -100.8740,  0, 0, 0
L 3859.2266, -4864.9214, -100.8740,  3859.1060, -4865.5234, -100.8740,  0, 0, 0
L 3859.6316, -4862.8975, -100.8740,  3859.2266, -4864.9214, -100.8740,  0, 0, 0
L 3859.8323, -4861.8931, -100.8740,  3859.6316, -4862.8975, -100.8740,  0, 0, 0
L 3860.2373, -4859.8687, -100.8740,  3859.8323, -4861.8931, -100.8740,  0, 0, 0
L 3860.4878, -4858.6172, -100.8740,  3860.2373, -4859.8687, -100.8740,  0, 0, 0
L 3860.8865, -4856.6235, -100.8740,  3860.4878, -4858.6172, -100.8740,  0, 0, 0
L 3861.0752, -4855.6812, -100.8740,  3860.8865, -4856.6235, -100.8740,  0, 0, 0
L 3861.5728, -4853.1938, -100.8740,  3861.0752, -4855.6812, -100.8740,  0, 0, 0
L 3861.7642, -4852.2363, -100.8740,  3861.5728, -4853.1938, -100.8740,  0, 0, 0
L 3862.2344, -4849.8882, -100.8740,  3861.7642, -4852.2363, -100.8740,  0, 0, 0
L 3862.4568, -4848.7759, -100.8740,  3862.2344, -4849.8882, -100.8740,  0, 0, 0
L 3862.8584, -4846.7676, -100.8740,  3862.4568, -4848.7759, -100.8740,  0, 0, 0
L 3863.0469, -4845.8252, -100.8740,  3862.8584, -4846.7676, -100.8740,  0, 0, 0
L 3863.5076, -4843.5225, -100.8740,  3863.0469, -4845.8252, -100.8740,  0, 0, 0
L 3863.7024, -4842.5483, -100.8740,  3863.5076, -4843.5225, -100.8740,  0, 0, 0
L 3864.1875, -4840.1230, -100.8740,  3863.7024, -4842.5483, -100.8740,  0, 0, 0
L 3864.3794, -4839.1655, -100.8740,  3864.1875, -4840.1230, -100.8740,  0, 0, 0
L 3864.8433, -4836.8481, -100.8740,  3864.3794, -4839.1655, -100.8740,  0, 0, 0
L 3865.0347, -4835.8906, -100.8740,  3864.8433, -4836.8481, -100.8740,  0, 0, 0
L 3865.4612, -4833.7588, -100.8740,  3865.0347, -4835.8906, -100.8740,  0, 0, 0
L 3865.6868, -4832.6304, -100.8740,  3865.4612, -4833.7588, -100.8740,  0, 0, 0
L 3866.0979, -4830.5752, -100.8740,  3865.6868, -4832.6304, -100.8740,  0, 0, 0
L 3866.2898, -4829.6177, -100.8740,  3866.0979, -4830.5752, -100.8740,  0, 0, 0
L 3866.7847, -4827.1450, -100.8740,  3866.2898, -4829.6177, -100.8740,  0, 0, 0
L 3867.0376, -4825.8774, -100.8740,  3866.7847, -4827.1450, -100.8740,  0, 0, 0
L 3867.5198, -4823.4683, -100.8740,  3867.0376, -4825.8774, -100.8740,  0, 0, 0
L 3867.7117, -4822.5103, -100.8740,  3867.5198, -4823.4683, -100.8740,  0, 0, 0
L 3868.1687, -4820.2236, -100.8740,  3867.7117, -4822.5103, -100.8740,  0, 0, 0
L 3868.3638, -4819.2510, -100.8740,  3868.1687, -4820.2236, -100.8740,  0, 0, 0
L 3868.7996, -4817.0728, -100.8740,  3868.3638, -4819.2510, -100.8740,  0, 0, 0
L 3869.0469, -4815.8359, -100.8740,  3868.7996, -4817.0728, -100.8740,  0, 0, 0
L 3869.5413, -4813.3643, -100.8740,  3869.0469, -4815.8359, -100.8740,  0, 0, 0
L 3869.7300, -4812.4224, -100.8740,  3869.5413, -4813.3643, -100.8740,  0, 0, 0
L 3870.1753, -4810.1973, -100.8740,  3869.7300, -4812.4224, -100.8740,  0, 0, 0
L 3870.3855, -4809.1465, -100.8740,  3870.1753, -4810.1973, -100.8740,  0, 0, 0
L 3870.8765, -4806.6899, -100.8740,  3870.3855, -4809.1465, -100.8740,  0, 0, 0
L 3871.0745, -4805.7017, -100.8740,  3870.8765, -4806.6899, -100.8740,  0, 0, 0
L 3871.5352, -4803.3989, -100.8740,  3871.0745, -4805.7017, -100.8740,  0, 0, 0
L 3871.7544, -4802.3022, -100.8740,  3871.5352, -4803.3989, -100.8740,  0, 0, 0
L 3872.1536, -4800.3101, -100.8740,  3871.7544, -4802.3022, -100.8740,  0, 0, 0
L 3872.4192, -4798.9810, -100.8740,  3872.1536, -4800.3101, -100.8740,  0, 0, 0
L 3872.9165, -4796.4941, -100.8740,  3872.4192, -4798.9810, -100.8740,  0, 0, 0
L 3873.1116, -4795.5215, -100.8740,  3872.9165, -4796.4941, -100.8740,  0, 0, 0
L 3873.6089, -4793.0347, -100.8740,  3873.1116, -4795.5215, -100.8740,  0, 0, 0
L 3873.8716, -4791.7212, -100.8740,  3873.6089, -4793.0347, -100.8740,  0, 0, 0
L 3874.2549, -4789.8057, -100.8740,  3873.8716, -4791.7212, -100.8740,  0, 0, 0
L 3874.4529, -4788.8169, -100.8740,  3874.2549, -4789.8057, -100.8740,  0, 0, 0
L 3874.8606, -4786.7778, -100.8740,  3874.4529, -4788.8169, -100.8740,  0, 0, 0
L 3875.1111, -4785.5264, -100.8740,  3874.8606, -4786.7778, -100.8740,  0, 0, 0
L 3875.5032, -4783.5645, -100.8740,  3875.1111, -4785.5264, -100.8740,  0, 0, 0
L 3875.7012, -4782.5767, -100.8740,  3875.5032, -4783.5645, -100.8740,  0, 0, 0
L 3876.1680, -4780.2437, -100.8740,  3875.7012, -4782.5767, -100.8740,  0, 0, 0
L 3876.3567, -4779.3013, -100.8740,  3876.1680, -4780.2437, -100.8740,  0, 0, 0
L 3876.8418, -4776.8760, -100.8740,  3876.3567, -4779.3013, -100.8740,  0, 0, 0
L 3877.0364, -4775.9019, -100.8740,  3876.8418, -4776.8760, -100.8740,  0, 0, 0
L 3877.5127, -4773.5225, -100.8740,  3877.0364, -4775.9019, -100.8740,  0, 0, 0
L 3877.7012, -4772.5806, -100.8740,  3877.5127, -4773.5225, -100.8740,  0, 0, 0
L 3878.1370, -4770.4014, -100.8740,  3877.7012, -4772.5806, -100.8740,  0, 0, 0
L 3878.3904, -4769.1343, -100.8740,  3878.1370, -4770.4014, -100.8740,  0, 0, 0
L 3878.8821, -4766.6772, -100.8740,  3878.3904, -4769.1343, -100.8740,  0, 0, 0
L 3879.0894, -4765.6426, -100.8740,  3878.8821, -4766.6772, -100.8740,  0, 0, 0
L 3879.5403, -4763.3862, -100.8740,  3879.0894, -4765.6426, -100.8740,  0, 0, 0
L 3879.7410, -4762.3823, -100.8740,  3879.5403, -4763.3862, -100.8740,  0, 0, 0
L 3880.2234, -4759.9731, -100.8740,  3879.7410, -4762.3823, -100.8740,  0, 0, 0
L 3880.4893, -4758.6450, -100.8740,  3880.2234, -4759.9731, -100.8740,  0, 0, 0
L 3880.9629, -4756.2759, -100.8740,  3880.4893, -4758.6450, -100.8740,  0, 0, 0
L 3881.1753, -4755.2148, -100.8740,  3880.9629, -4756.2759, -100.8740,  0, 0, 0
L 3881.6067, -4753.1592, -100.8740,  3881.1753, -4755.2148, -100.8740,  0, 0, 0
L 3881.2913, -4752.0049, -100.8740,  3881.6067, -4753.1592, -100.8740,  0, 0, 0
L 3788.4009, -4691.3345, -100.8740,  3881.2913, -4752.0049, -100.8740,  0, 0, 0
L 3763.7290, -4675.2280, -100.8740,  3788.4009, -4691.3345, -100.8740,  0, 0, 0
L 3762.6597, -4674.5317, -100.8740,  3763.7290, -4675.2280, -100.8740,  0, 0, 0
L 3761.6226, -4673.9492, -100.8740,  3762.6597, -4674.5317, -100.8740,  0, 0, 0
L 3679.9517, -4673.9360, -100.8740,  3761.6226, -4673.9492, -100.8740,  0, 0, 0
L 3678.9080, -4673.9360, -100.8740,  3679.9517, -4673.9360, -100.8740,  0, 0, 0
L 3677.5879, -4674.3491, -100.8740,  3678.9080, -4673.9360, -100.8740,  0, 0, 0
L 3618.9268, -4755.3184, -97.7490,  3677.5879, -4674.3491, -100.8740,  0, 0, 0
L 3611.6780, -4765.3281, -100.8740,  3618.9268, -4755.3184, -97.7490,  0, 0, 0
L 3605.4197, -4773.9722, -97.7490,  3611.6780, -4765.3281, -100.8740,  0, 0, 0
L 3604.1421, -4776.2031, -100.8740,  3605.4197, -4773.9722, -100.8740,  0, 0, 0
L 3596.2808, -4788.3525, -100.8740,  3604.1421, -4776.2031, -100.8740,  0, 0, 0
L 3595.5652, -4789.4536, -100.8740,  3596.2808, -4788.3525, -100.8740,  0, 0, 0
L 3588.0574, -4799.8667, -100.8740,  3595.5652, -4789.4536, -100.8740,  0, 0, 0
L 3570.6011, -4823.9736, -100.8740,  3588.0574, -4799.8667, -100.8740,  0, 0, 0
L 3569.9524, -4824.8716, -100.8740,  3570.6011, -4823.9736, -100.8740,  0, 0, 0
L 3526.9822, -4837.5171, -100.8740,  3569.9524, -4824.8716, -100.8740,  0, 0, 0
L 3483.7056, -4850.2354, -100.8740,  3526.9822, -4837.5171, -100.8740,  0, 0, 0
L 3482.6519, -4850.5435, -100.8740,  3483.7056, -4850.2354, -100.8740,  0, 0, 0
L 3395.9749, -4789.4878, -100.8740,  3482.6519, -4850.5435, -100.8740,  0, 0, 0
L 3395.0105, -4788.8076, -100.8740,  3395.9749, -4789.4878, -100.8740,  0, 0, 0
L 3365.7859, -4719.4150, -100.8740,  3395.0105, -4788.8076, -100.8740,  0, 0, 0
L 3354.2427, -4692.0059, -100.8740,  3365.7859, -4719.4150, -100.8740,  0, 0, 0
L 3353.8140, -4690.9893, -100.8740,  3354.2427, -4692.0059, -100.8740,  0, 0, 0
L 3354.4939, -4689.1709, -100.8740,  3353.8140, -4690.9893, -100.8740,  0, 0, 0
L 3383.5540, -4611.6567, -100.8740,  3354.4939, -4689.1709, -100.8740,  0, 0, 0
L 3393.8875, -4584.1050, -100.2490,  3383.5540, -4611.6567, -100.8740,  0, 0, 0
L 3400.2747, -4567.0757, -100.8740,  3393.8875, -4584.1050, -100.2490,  0, 0, 0
L 3359.4734, -4434.4888, -100.8740,  3400.2747, -4567.0757, -100.8740,  0, 0, 0
L 3359.0547, -4433.1265, -100.8740,  3359.4734, -4434.4888, -100.8740,  0, 0, 0
L 3359.1182, -4431.9185, -100.8740,  3359.0547, -4433.1265, -100.8740,  0, 0, 0
L 3359.5281, -4429.7891, -100.8740,  3359.1182, -4431.9185, -100.8740,  0, 0, 0
L 3359.7571, -4428.6021, -100.8740,  3359.5281, -4429.7891, -100.8740,  0, 0, 0
L 3360.1702, -4426.4551, -100.8740,  3359.7571, -4428.6021, -100.8740,  0, 0, 0
L 3360.4058, -4425.2339, -100.8740,  3360.1702, -4426.4551, -100.8740,  0, 0, 0
L 3360.9036, -4422.6504, -100.8740,  3360.4058, -4425.2339, -100.8740,  0, 0, 0
L 3361.1189, -4421.5327, -100.8740,  3360.9036, -4422.6504, -100.8740,  0, 0, 0
L 3361.5691, -4419.1938, -100.8740,  3361.1189, -4421.5327, -100.8740,  0, 0, 0
L 3361.8118, -4417.9375, -100.8740,  3361.5691, -4419.1938, -100.8740,  0, 0, 0
L 3362.2754, -4415.5278, -100.8740,  3361.8118, -4417.9375, -100.8740,  0, 0, 0
L 3362.4805, -4414.4639, -100.8740,  3362.2754, -4415.5278, -100.8740,  0, 0, 0
L 3362.8909, -4412.3350, -100.8740,  3362.4805, -4414.4639, -100.8740,  0, 0, 0
L 3363.0957, -4411.2695, -100.8740,  3362.8909, -4412.3350, -100.8740,  0, 0, 0
L 3363.5769, -4408.7729, -100.8740,  3363.0957, -4411.2695, -100.8740,  0, 0, 0
L 3363.8123, -4407.5513, -100.8740,  3363.5769, -4408.7729, -100.8740,  0, 0, 0
L 3364.2493, -4405.2813, -100.8740,  3363.8123, -4407.5513, -100.8740,  0, 0, 0
L 3364.4512, -4404.2344, -100.8740,  3364.2493, -4405.2813, -100.8740,  0, 0, 0
L 3364.8682, -4402.0698, -100.8740,  3364.4512, -4404.2344, -100.8740,  0, 0, 0
L 3365.1001, -4400.8657, -100.8740,  3364.8682, -4402.0698, -100.8740,  0, 0, 0
L 3365.5879, -4398.3350, -100.8740,  3365.1001, -4400.8657, -100.8740,  0, 0, 0
L 3365.7891, -4397.2876, -100.8740,  3365.5879, -4398.3350, -100.8740,  0, 0, 0
L 3366.1963, -4395.1763, -100.8740,  3365.7891, -4397.2876, -100.8740,  0, 0, 0
L 3366.4014, -4394.1113, -100.8740,  3366.1963, -4395.1763, -100.8740,  0, 0, 0
L 3366.8218, -4391.9297, -100.8740,  3366.4014, -4394.1113, -100.8740,  0, 0, 0
L 3367.0269, -4390.8647, -100.8740,  3366.8218, -4391.9297, -100.8740,  0, 0, 0
L 3367.4568, -4388.6309, -100.8740,  3367.0269, -4390.8647, -100.8740,  0, 0, 0
L 3367.6624, -4387.5669, -100.8740,  3367.4568, -4388.6309, -100.8740,  0, 0, 0
L 3368.1326, -4385.1230, -100.8740,  3367.6624, -4387.5669, -100.8740,  0, 0, 0
L 3368.2671, -4384.4243, -100.8740,  3368.1326, -4385.1230, -100.8740,  0, 0, 0
L 3368.7205, -4382.0674, -100.8740,  3368.2671, -4384.4243, -100.8740,  0, 0, 0
L 3368.9253, -4381.0024, -100.8740,  3368.7205, -4382.0674, -100.8740,  0, 0, 0
L 3369.3826, -4378.6284, -100.8740,  3368.9253, -4381.0024, -100.8740,  0, 0, 0
L 3369.5303, -4377.8604, -100.8740,  3369.3826, -4378.6284, -100.8740,  0, 0, 0
L 3369.9500, -4375.6782, -100.8740,  3369.5303, -4377.8604, -100.8740,  0, 0, 0
L 3370.1580, -4374.5972, -100.8740,  3369.9500, -4375.6782, -100.8740,  0, 0, 0
L 3370.6482, -4372.0483, -100.8740,  3370.1580, -4374.5972, -100.8740,  0, 0, 0
L 3370.7488, -4371.5259, -100.8740,  3370.6482, -4372.0483, -100.8740,  0, 0, 0
L 3371.1707, -4369.3345, -100.8740,  3370.7488, -4371.5259, -100.8740,  0, 0, 0
L 3371.3699, -4368.2988, -100.8740,  3371.1707, -4369.3345, -100.8740,  0, 0, 0
L 3371.7769, -4366.1851, -100.8740,  3371.3699, -4368.2988, -100.8740,  0, 0, 0
L 3371.9568, -4365.2485, -100.8740,  3371.7769, -4366.1851, -100.8740,  0, 0, 0
L 3372.4507, -4362.6826, -100.8740,  3371.9568, -4365.2485, -100.8740,  0, 0, 0
L 3372.6521, -4361.6353, -100.8740,  3372.4507, -4362.6826, -100.8740,  0, 0, 0
L 3373.0723, -4359.4531, -100.8740,  3372.6521, -4361.6353, -100.8740,  0, 0, 0
L 3373.2903, -4358.3198, -100.8740,  3373.0723, -4359.4531, -100.8740,  0, 0, 0
L 3373.7024, -4356.1772, -100.8740,  3373.2903, -4358.3198, -100.8740,  0, 0, 0
L 3373.9292, -4354.9990, -100.8740,  3373.7024, -4356.1772, -100.8740,  0, 0, 0
L 3374.4009, -4352.5474, -100.8740,  3373.9292, -4354.9990, -100.8740,  0, 0, 0
L 3374.6653, -4351.1738, -100.8740,  3374.4009, -4352.5474, -100.8740,  0, 0, 0
L 3375.1482, -4348.6650, -100.8740,  3374.6653, -4351.1738, -100.8740,  0, 0, 0
L 3375.3665, -4347.5313, -100.8740,  3375.1482, -4348.6650, -100.8740,  0, 0, 0
L 3375.7693, -4345.4365, -100.8740,  3375.3665, -4347.5313, -100.8740,  0, 0, 0
L 3375.9844, -4344.3193, -100.8740,  3375.7693, -4345.4365, -100.8740,  0, 0, 0
L 3376.3970, -4342.1738, -100.8740,  3375.9844, -4344.3193, -100.8740,  0, 0, 0
L 3376.5989, -4341.1270, -100.8740,  3376.3970, -4342.1738, -100.8740,  0, 0, 0
L 3377.0420, -4338.8228, -100.8740,  3376.5989, -4341.1270, -100.8740,  0, 0, 0
L 3377.2437, -4337.7764, -100.8740,  3377.0420, -4338.8228, -100.8740,  0, 0, 0
L 3377.6631, -4335.5938, -100.8740,  3377.2437, -4337.7764, -100.8740,  0, 0, 0
L 3377.8650, -4334.5474, -100.8740,  3377.6631, -4335.5938, -100.8740,  0, 0, 0
L 3378.2715, -4332.4355, -100.8740,  3377.8650, -4334.5474, -100.8740,  0, 0, 0
L 3378.4624, -4331.4404, -100.8740,  3378.2715, -4332.4355, -100.8740,  0, 0, 0
L 3378.8689, -4329.3286, -100.8740,  3378.4624, -4331.4404, -100.8740,  0, 0, 0
L 3379.0840, -4328.2109, -100.8740,  3378.8689, -4329.3286, -100.8740,  0, 0, 0
L 3379.5149, -4325.9761, -100.8740,  3379.0840, -4328.2109, -100.8740,  0, 0, 0
L 3379.7161, -4324.9277, -100.8740,  3379.5149, -4325.9761, -100.8740,  0, 0, 0
L 3380.0249, -4323.3218, -100.8740,  3379.7161, -4324.9277, -100.8740,  0, 0, 0
L 3380.2371, -4322.2217, -100.8740,  3380.0249, -4323.3218, -100.8740,  0, 0, 0
L 3380.6365, -4320.1440, -100.8740,  3380.2371, -4322.2217, -100.8740,  0, 0, 0
L 3380.8545, -4319.0103, -100.8740,  3380.6365, -4320.1440, -100.8740,  0, 0, 0
L 3381.2776, -4316.8125, -100.8740,  3380.8545, -4319.0103, -100.8740,  0, 0, 0
L 3381.4827, -4315.7476, -100.8740,  3381.2776, -4316.8125, -100.8740,  0, 0, 0
L 3381.8855, -4313.6523, -100.8740,  3381.4827, -4315.7476, -100.8740,  0, 0, 0
L 3382.0872, -4312.6050, -100.8740,  3381.8855, -4313.6523, -100.8740,  0, 0, 0
L 3382.5171, -4310.3716, -100.8740,  3382.0872, -4312.6050, -100.8740,  0, 0, 0
L 3382.7117, -4309.3599, -100.8740,  3382.5171, -4310.3716, -100.8740,  0, 0, 0
L 3383.1614, -4307.0220, -100.8740,  3382.7117, -4309.3599, -100.8740,  0, 0, 0
L 3383.3931, -4305.8188, -100.8740,  3383.1614, -4307.0220, -100.8740,  0, 0, 0
L 3383.8040, -4303.6841, -100.8740,  3383.3931, -4305.8188, -100.8740,  0, 0, 0
L 3384.0347, -4302.4854, -100.8740,  3383.8040, -4303.6841, -100.8740,  0, 0, 0
L 3384.4822, -4300.1563, -100.8740,  3384.0347, -4302.4854, -100.8740,  0, 0, 0
L 3384.7173, -4298.9351, -100.8740,  3384.4822, -4300.1563, -100.8740,  0, 0, 0
L 3517.4490, -4222.2593, -100.8740,  3384.7173, -4298.9351, -100.8740,  0, 0, 0
L 3518.4170, -4221.7007, -100.2490,  3517.4490, -4222.2593, -100.8740,  0, 0, 0
L 3518.5850, -4221.6030, -100.8740,  3518.4170, -4221.7007, -100.2490,  0, 0, 0
L 3673.7322, -4200.9058, -100.2490,  3518.5850, -4221.6030, -100.8740,  0, 0, 0
L 3761.6792, -4200.7168, -100.2490,  3673.7322, -4200.9058, -100.2490,  0, 0, 0
L 3823.1692, -4154.5522, -100.2490,  3761.6792, -4200.7168, -100.2490,  0, 0, 0
L 3823.6416, -4154.0850, -100.2490,  3823.1692, -4154.5522, -100.2490,  0, 0, 0
L 3758.1353, -4037.9397, -100.2490,  3823.6416, -4154.0850, -100.2490,  0, 0, 0
L 3731.2881, -3813.0210, -100.2490,  3758.1353, -4037.9397, -100.2490,  0, 0, 0
L 3771.9910, -3591.4080, -100.2490,  3731.2881, -3813.0210, -100.2490,  0, 0, 0
L 3809.3372, -3564.2527, -100.2490,  3771.9910, -3591.4080, -100.2490,  0, 0, 0
L 373.5746, 2961.0181, -92.5846,  371.7953, 2928.8770, -85.3228,  0, 0, 0
L 422.3639, 3009.9595, -101.3414,  373.5746, 2961.0181, -92.5846,  0, 0, 0
L 450.1257, 3018.4097, -109.9500,  422.3639, 3009.9595, -101.3414,  0, 0, 0
L 519.9457, 3019.1150, -112.5615,  450.1257, 3018.4097, -109.9500,  0, 0, 0
L 520.1072, 3019.6531, -112.5615,  519.9457, 3019.1150, -112.5615,  0, 0, 0
L 517.0467, 3047.1973, -112.5615,  520.1072, 3019.6531, -112.5615,  0, 0, 0
L 516.1996, 3054.8206, -112.5615,  517.0467, 3047.1973, -112.5615,  0, 0, 0
L 544.7023, 3054.4993, -112.5615,  545.2009, 3020.6680, -112.5615,  0, 0, 0
L 544.7023, 3054.4993, -112.5615,  516.1996, 3054.8206, -112.5615,  150, 0, 200
L -1128.6488, -2426.2549, -63.2768,  -1128.3882, -2426.4258, -63.2800,  64, 64, 64
L -1128.7085, -2425.9949, -63.2799,  -1128.6488, -2426.2549, -63.2768,  64, 64, 64
L -1128.7045, -2411.1072, -63.2736,  -1128.7085, -2425.9949, -63.2799,  64, 64, 64
L -1130.4778, -2411.0137, -63.2735,  -1128.7045, -2411.1072, -63.2736,  64, 64, 64
L -1141.0999, -2400.4888, -63.2802,  -1130.4778, -2411.0137, -63.2735,  64, 64, 64
L -1141.0956, -2385.2383, -63.2802,  -1141.0999, -2400.4888, -63.2802,  64, 64, 64
L -1130.5049, -2374.5220, -63.2802,  -1141.0956, -2385.2383, -63.2802,  64, 64, 64
L -1115.3843, -2374.3733, -63.2802,  -1130.5049, -2374.5220, -63.2802,  64, 64, 64
L -1104.5121, -2385.1880, -63.2802,  -1115.3843, -2374.3733, -63.2802,  64, 64, 64
L -1104.3750, -2400.2024, -63.2802,  -1104.5121, -2385.1880, -63.2802,  64, 64, 64
L -1115.4423, -2411.1077, -63.2801,  -1104.3750, -2400.2024, -63.2802,  64, 64, 64
L -1116.9542, -2411.1011, -63.2637,  -1115.4423, -2411.1077, -63.2801,  64, 64, 64
L -1116.9861, -2425.8975, -63.2802,  -1116.9542, -2411.1011, -63.2637,  64, 64, 64
L -619.7010, 798.8109, -57.6641,  -621.4554, 799.6432, -57.6139,  64, 64, 64
L -620.0576, 782.0699, -58.3870,  -619.7010, 798.8109, -57.6641,  64, 64, 64
L -622.9785, 781.9734, -58.6149,  -620.0576, 782.0699, -58.3870,  64, 64, 64
L -632.1978, 772.5066, -59.3333,  -622.9785, 781.9734, -58.6149,  64, 64, 64
L -632.2067, 760.0414, -59.3347,  -632.1978, 772.5066, -59.3333,  64, 64, 64
L -623.0448, 750.4908, -59.0201,  -632.2067, 760.0414, -59.3347,  64, 64, 64
L -609.4166, 750.1003, -59.0505,  -623.0448, 750.4908, -59.0201,  64, 64, 64
L -600.3250, 759.7325, -58.2956,  -609.4166, 750.1003, -59.0505,  64, 64, 64
L -600.6832, 772.7320, -57.2801,  -600.3250, 759.7325, -58.2956,  64, 64, 64
L -609.6890, 781.5936, -57.5766,  -600.6832, 772.7320, -57.2801,  64, 64, 64
L -611.7624, 781.5292, -57.7392,  -609.6890, 781.5936, -57.5766,  64, 64, 64
L -612.6863, 782.5610, -57.8116,  -611.7624, 781.5292, -57.7392,  64, 64, 64
L -612.8563, 799.1225, -57.0590,  -612.6863, 782.5610, -57.8116,  64, 64, 64
L -612.6909, 799.5845, -56.9377,  -612.8563, 799.1225, -57.0590,  64, 64, 64
L -611.6622, 799.6415, -56.8442,  -612.6909, 799.5845, -56.9377,  64, 64, 64
L -611.1359, 799.3149, -56.8796,  -611.6622, 799.6415, -56.8442,  64, 64, 64
L -610.9252, 783.4969, -57.6539,  -611.1359, 799.3149, -56.8796,  64, 64, 64
L -608.9255, 783.3834, -57.5157,  -610.9252, 783.4969, -57.6539,  64, 64, 64
L -598.8824, 773.1519, -57.2468,  -608.9255, 783.3834, -57.5157,  64, 64, 64
L -598.5351, 757.8307, -58.4437,  -598.8824, 773.1519, -57.2468,  64, 64, 64
L -608.7386, 747.9922, -59.2150,  -598.5351, 757.8307, -58.4437,  64, 64, 64
L -623.3782, 747.9623, -59.2176,  -608.7386, 747.9922, -59.2150,  64, 64, 64
L -623.7576, 748.0844, -59.2056,  -623.3782, 747.9623, -59.2176,  64, 64, 64
L -634.2596, 758.4393, -59.4949,  -623.7576, 748.0844, -59.2056,  64, 64, 64
L -634.3663, 773.4780, -59.5016,  -634.2596, 758.4393, -59.4949,  64, 64, 64
L -623.7986, 783.7826, -58.6784,  -634.3663, 773.4780, -59.5016,  64, 64, 64
L -623.3375, 783.8466, -58.6386,  -623.7986, 783.7826, -58.6784,  64, 64, 64
L -621.6683, 783.7997, -58.5088,  -623.3375, 783.8466, -58.6386,  64, 64, 64
L -621.4554, 799.6432, -57.7325,  -621.6683, 783.7997, -58.5088,  64, 64, 64
L -527.4999, -3400.4778, -40.5038,  -532.4493, -3058.9678, -63.7728,  240, 240, 240
L -532.4493, -3058.9678, -63.7728,  -532.9269, -2936.5623, -41.9967,  240, 240, 240
L -532.9269, -2936.5623, -41.9967,  -532.9480, -2852.6309, -36.6829,  240, 240, 240
L -532.9480, -2852.6309, -36.6829,  -528.4947, -2770.7903, -6.3780,  240, 240, 240
L -528.4947, -2770.7903, -6.3780,  -513.9094, -2736.9541, -55.5509,  240, 240, 240
L -513.9094, -2736.9541, -55.5509,  -481.5346, -2699.4202, -63.2802,  240, 240, 240
L -481.5346, -2699.4202, -63.2802,  -464.5951, -2704.3262, -62.8323,  240, 240, 240
L -464.5951, -2704.3262, -62.8323,  -387.1460, -2702.7957, -59.8179,  240, 240, 240
L -387.1460, -2702.7957, -59.8179,  -332.8028, -2721.6399, -48.1174,  240, 240, 240
L -332.8028, -2721.6399, -48.1174,  -289.3797, -2723.7815, -55.5362,  240, 240, 240
L -289.3797, -2723.7815, -55.5362,  -283.8490, -2754.2444, -53.8180,  240, 240, 240
L -283.8490, -2754.2444, -53.8180,  -236.7386, -2763.7727, -42.7882,  240, 240, 240
L -236.7386, -2763.7727, -42.7882,  -228.9883, -2774.8611, -47.2713,  240, 240, 240
L -228.9883, -2774.8611, -47.2713,  -193.0107, -2767.9817, -55.8883,  240, 240, 240
L -193.0107, -2767.9817, -55.8883,  -183.7729, -2802.0640, -58.9478,  240, 240, 240
L -183.7729, -2802.0640, -58.9478,  -183.1187, -2851.7986, -32.0133,  240, 240, 240
L -183.1187, -2851.7986, -32.0133,  -141.2684, -2863.3223, -47.7380,  240, 240, 240
L -141.2684, -2863.3223, -47.7380,  -133.3777, -2901.1238, -32.0575,  240, 240, 240
L -133.3777, -2901.1238, -32.0575,  -82.3857, -2904.4146, -18.8817,  240, 240, 240
L -82.3857, -2904.4146, -18.8817,  -13.6561, -2904.7615, -49.8327,  240, 240, 240
L -13.6561, -2904.7615, -49.8327,  19.7278, -2905.2234, -58.8545,  240, 240, 240
L 19.7278, -2905.2234, -58.8545,  19.8200, -2953.4258, -29.6324,  240, 240, 240
L 19.8200, -2953.4258, -29.6324,  74.6821, -2954.9690, -45.5646,  240, 240, 240
L 74.6821, -2954.9690, -45.5646,  83.7849, -2950.8030, -42.8827,  240, 240, 240
L 83.7849, -2950.8030, -42.8827,  127.1773, -2893.5281, -60.1795,  240, 240, 240
L 127.1773, -2893.5281, -60.1795,  165.6579, -2855.5674, -63.0360,  240, 240, 240
L 165.6579, -2855.5674, -63.0360,  216.3509, -2854.0369, -47.9029,  240, 240, 240
L 216.3509, -2854.0369, -47.9029,  261.7118, -2808.7024, -61.7545,  240, 240, 240
L 261.7118, -2808.7024, -61.7545,  268.8829, -2801.6592, -63.2802,  240, 240, 240
L 268.8829, -2801.6592, -63.2802,  399.5057, -2802.5857, -63.2802,  240, 240, 240
L 399.5057, -2802.5857, -63.2802,  409.9898, -2802.4612, -63.2802,  240, 240, 240
L 409.9898, -2802.4612, -63.2802,  452.6619, -2817.5210, -42.0773,  240, 240, 240
L 452.6619, -2817.5210, -42.0773,  467.1454, -2804.7061, -41.9458,  240, 240, 240
L 467.1454, -2804.7061, -41.9458,  499.6168, -2769.6575, -54.5705,  240, 240, 240
L 499.6168, -2769.6575, -54.5705,  519.4750, -2754.5547, -58.3392,  240, 240, 240
L 519.4750, -2754.5547, -58.3392,  562.4866, -2753.7937, -55.8875,  240, 240, 240
L 562.4866, -2753.7937, -55.8875,  590.9183, -2804.1580, -30.5799,  240, 240, 240
L 590.9183, -2804.1580, -30.5799,  665.2432, -2806.7095, -32.8996,  240, 240, 240
L 665.2432, -2806.7095, -32.8996,  703.1686, -2805.6780, -42.3302,  240, 240, 240
L 703.1686, -2805.6780, -42.3302,  737.2087, -2804.9080, -49.4217,  240, 240, 240
L 737.2087, -2804.9080, -49.4217,  790.0019, -2804.3870, -54.0912,  240, 240, 240
L 790.0019, -2804.3870, -54.0912,  820.4489, -2805.1692, -52.7623,  240, 240, 240
L 820.4489, -2805.1692, -52.7623,  868.8434, -2805.2063, -59.3627,  240, 240, 240
L 869.7877, -2828.8191, -59.3627,  876.6948, -2853.9932, -30.8557,  240, 240, 240
L 876.6948, -2853.9932, -30.8557,  932.1460, -2854.4561, -57.1918,  240, 240, 240
L 932.1460, -2854.4561, -57.1918,  964.6045, -2853.9871, -59.3385,  240, 240, 240
L 964.6045, -2853.9871, -59.3385,  1002.8325, -2854.4568, -58.1319,  240, 240, 240
L 1002.8325, -2854.4568, -58.1319,  1016.5161, -2854.1160, -58.8870,  240, 240, 240
L 1013.8582, -2854.1824, -58.8870,  1015.7388, -2905.4053, -37.2395,  240, 240, 240
L 1015.7388, -2905.4053, -37.2395,  1070.0082, -2905.1658, -62.9487,  240, 240, 240
L 1070.0082, -2905.1658, -62.9487,  1078.4762, -2953.9988, -50.2989,  240, 240, 240
L 1078.4762, -2953.9988, -50.2989,  1117.0636, -2954.2024, -58.4825,  240, 240, 240
L 1117.0636, -2954.2024, -58.4825,  1117.3544, -3003.5525, -55.5221,  240, 240, 240
L 1117.3544, -3003.5525, -55.5221,  1168.6813, -3005.6023, -59.3719,  240, 240, 240
L 1168.6813, -3005.6023, -59.3719,  1154.9900, -3296.5828, -53.5386,  240, 240, 240
L 1217.2024, -3103.4954, -55.3770,  1267.0100, -3104.1211, -50.3080,  240, 240, 240
L 1267.0100, -3104.1211, -50.3080,  1266.6963, -2947.3611, -49.3603,  240, 240, 240
L 1266.9828, -3090.4600, -49.3603,  1266.9828, -3066.9949, -47.5271,  240, 240, 240
L 1266.9828, -3066.9949, -47.5271,  1266.9586, -3003.6326, -14.5189,  240, 240, 240
L 1266.9586, -3003.6326, -14.5189,  1216.5508, -3003.9390, -63.0403,  240, 240, 240
L 1217.5753, -3009.2842, -63.0403,  1206.9143, -2953.6653, -31.1946,  240, 240, 240
L 1206.9143, -2953.6653, -31.1946,  1169.1393, -2952.7500, -58.9690,  240, 240, 240
L 1169.1393, -2952.7500, -58.9690,  1168.4978, -2907.1631, -55.9975,  240, 240, 240
L 1168.4978, -2907.1631, -55.9975,  1117.5773, -2903.7515, -62.4810,  240, 240, 240
L 1117.5773, -2903.7515, -62.4810,  1108.4801, -2853.2698, -36.6629,  240, 240, 240
L 1108.4801, -2853.2698, -36.6629,  1066.7450, -2854.9600, -59.2422,  240, 240, 240
L 1066.7450, -2854.9600, -59.2422,  1046.0768, -2802.8438, -2.5991,  240, 240, 240
L 1046.0768, -2802.8438, -2.5991,  992.9462, -2804.3645, -45.5630,  240, 240, 240
L 992.9462, -2804.3645, -45.5630,  932.0020, -2804.2649, -59.7092,  240, 240, 240
L 932.0020, -2804.2649, -59.7092,  868.8288, -2804.8389, -62.6803,  240, 240, 240
L 869.7877, -2828.8191, -62.6803,  866.8264, -2754.7659, -55.5028,  240, 240, 240
L 866.8264, -2754.7659, -55.5028,  815.1277, -2753.4214, -58.4801,  240, 240, 240
L 815.1277, -2753.4214, -58.4801,  764.8795, -2754.8792, -59.3598,  240, 240, 240
L 764.8795, -2754.8792, -59.3598,  765.6622, -2703.9983, -55.0521,  240, 240, 240
L 765.6622, -2703.9983, -55.0521,  718.6293, -2705.1504, -63.0579,  240, 240, 240
L 718.6293, -2705.1504, -63.0579,  717.0600, -2653.7417, -46.1361,  240, 240, 240
L 717.0600, -2653.7417, -46.1361,  667.4217, -2604.0088, -49.0569,  240, 240, 240
L 667.4217, -2604.0088, -49.0569,  615.4001, -2654.2405, -63.2802,  240, 240, 240
L 615.4001, -2654.2405, -63.2802,  466.1726, -2654.6321, -63.2802,  240, 240, 240
L 466.1726, -2654.6321, -63.2802,  466.8281, -2503.8875, -63.1986,  240, 240, 240
L 466.8281, -2503.8875, -63.1986,  506.6680, -2464.8689, -50.0397,  240, 240, 240
L 506.6680, -2464.8689, -50.0397,  518.7718, -2452.6702, -47.1941,  240, 240, 240
L 518.7718, -2452.6702, -47.1941,  566.3052, -2404.8340, -63.0508,  240, 240, 240
L 566.3052, -2404.8340, -63.0508,  587.2418, -2404.0210, -60.1109,  240, 240, 240
L 587.2418, -2404.0210, -60.1109,  616.5001, -2404.6243, -53.4659,  240, 240, 240
L 616.5001, -2404.6243, -53.4659,  672.6194, -2403.9805, -59.3592,  240, 240, 240
L 672.6194, -2403.9805, -59.3592,  754.8039, -2404.2754, -58.6147,  240, 240, 240
L 754.8039, -2404.2754, -58.6147,  788.7712, -2404.3892, -55.1673,  240, 240, 240
L 788.7712, -2404.3892, -55.1673,  813.9047, -2404.2942, -51.4569,  240, 240, 240
L 813.9047, -2404.2942, -51.4569,  874.9698, -2396.1392, -24.0879,  240, 240, 240
L 874.9698, -2396.1392, -24.0879,  934.1924, -2336.7205, -46.4708,  240, 240, 240
L 934.1924, -2336.7205, -46.4708,  966.0506, -2304.8560, -51.4886,  240, 240, 240
L 966.0506, -2304.8560, -51.4886,  991.6714, -2280.2029, -44.5063,  240, 240, 240
L 991.6714, -2280.2029, -44.5063,  1020.3722, -2250.7488, -39.6281,  240, 240, 240
L 1020.3722, -2250.7488, -39.6281,  1044.8781, -2226.4727, -37.1432,  240, 240, 240
L 1044.8781, -2226.4727, -37.1432,  1074.5331, -2197.0391, -32.1746,  240, 240, 240
L 1074.5331, -2197.0391, -32.1746,  1102.9745, -2169.6648, -18.7055,  240, 240, 240
L 1102.9745, -2169.6648, -18.7055,  1114.8319, -2156.4231, -16.9790,  240, 240, 240
L 1114.8319, -2156.4231, -16.9790,  1131.3300, -2136.0779, -26.0675,  240, 240, 240
L 1131.3300, -2136.0779, -26.0675,  1148.0010, -2120.2449, -33.3179,  240, 240, 240
L 1148.0010, -2120.2449, -33.3179,  1163.9799, -2105.7561, -39.4146,  240, 240, 240
L 1163.9799, -2105.7561, -39.4146,  1183.3491, -2087.6282, -44.5680,  240, 240, 240
L 1183.3491, -2087.6282, -44.5680,  1203.6218, -2067.3406, -50.4605,  240, 240, 240
L 1203.6218, -2067.3406, -50.4605,  1216.3876, -2054.5647, -54.1634,  240, 240, 240
L 1216.3876, -2054.5647, -54.1634,  1230.9297, -2040.0149, -49.0656,  240, 240, 240
L 1230.9297, -2040.0149, -49.0656,  1246.4563, -2024.4817, -43.3503,  240, 240, 240
L 1246.4563, -2024.4817, -43.3503,  1262.9329, -2009.3855, -35.5108,  240, 240, 240
L 1262.9329, -2009.3855, -35.5108,  1267.1864, -1953.6415, -17.1288,  240, 240, 240
L 1267.1864, -1953.6415, -17.1288,  1267.3943, -1894.8811, -53.2647,  240, 240, 240
L 1267.3943, -1894.8811, -53.2647,  1267.1735, -1856.6957, -58.9113,  240, 240, 240
L 1267.1735, -1856.6957, -58.9113,  1267.1735, -1853.3419, -59.2568,  240, 240, 240
L 1267.1735, -1853.3419, -59.2568,  1316.2892, -1804.8098, -58.2003,  240, 240, 240
L 1316.2892, -1804.8098, -58.2003,  1370.1680, -1853.1758, -37.2065,  240, 240, 240
L 1370.1680, -1853.1758, -37.2065,  1414.1464, -1900.8721, -52.2721,  240, 240, 240
L 1414.1464, -1900.8721, -52.2721,  1461.6425, -1903.7931, -59.7263,  240, 240, 240
L 1461.6425, -1903.7931, -59.7263,  1466.8606, -2003.8379, -61.8095,  240, 240, 240
L 1466.8606, -2003.8379, -61.8095,  1518.5402, -2004.9845, -63.2802,  240, 240, 240
L 1518.5402, -2004.9845, -63.2802,  1517.8855, -2052.9209, -63.2802,  240, 240, 240
L 1517.8855, -2052.9209, -63.2802,  1517.0507, -2101.3279, -58.8757,  240, 240, 240
L 1517.0507, -2101.3279, -58.8757,  1568.9520, -2104.7371, -63.2319,  240, 240, 240
L 1568.9520, -2104.7371, -63.2319,  1566.9109, -2155.6836, -57.5572,  240, 240, 240
L 1566.9109, -2155.6836, -57.5572,  1618.3510, -2154.0066, -59.4620,  240, 240, 240
L 1618.3510, -2154.0066, -59.4620,  1617.5205, -2202.8296, -63.2017,  240, 240, 240
L 1617.5205, -2202.8296, -63.2017,  1667.4076, -2204.7029, -63.2431,  240, 240, 240
L 1667.4076, -2204.7029, -63.2431,  1668.5880, -2252.7759, -60.1688,  240, 240, 240
L 1668.5880, -2252.7759, -60.1688,  1675.2847, -2253.8943, -58.7591,  240, 240, 240
L 1675.2847, -2253.8943, -58.7591,  1720.9153, -2204.1138, -63.1867,  240, 240, 240
L 1720.9153, -2204.1138, -63.1867,  1812.5258, -2204.4307, -63.0686,  240, 240, 240
L 1812.5258, -2204.4307, -63.0686,  1817.6078, -2203.9983, -63.2802,  240, 240, 240
L 1817.6078, -2203.9983, -63.2802,  1819.7573, -2253.1541, -59.4268,  240, 240, 240
L 1819.7573, -2253.1541, -59.4268,  1867.8756, -2203.9451, -63.2802,  240, 240, 240
L 1867.8756, -2203.9451, -63.2802,  1967.6012, -2203.8440, -63.2753,  240, 240, 240
L 1967.6012, -2203.8440, -63.2753,  1966.5702, -2304.4331, -57.5824,  240, 240, 240
L 1966.5702, -2304.4331, -57.5824,  1919.7665, -2352.2029, -44.2535,  240, 240, 240
L 1919.7665, -2352.2029, -44.2535,  1918.3606, -2405.8650, -51.8391,  240, 240, 240
L 1918.3606, -2405.8650, -51.8391,  2019.3069, -2403.9922, -55.6683,  240, 240, 240
L 2019.3069, -2403.9922, -55.6683,  2050.0579, -2403.9805, -60.5317,  240, 240, 240
L 2050.0579, -2403.9805, -60.5317,  2073.7051, -2404.3047, -62.3029,  240, 240, 240
L 2073.7051, -2404.3047, -62.3029,  2118.3108, -2403.9722, -63.2802,  240, 240, 240
L 2118.3108, -2403.9722, -63.2802,  2117.3340, -2456.2935, -41.9898,  240, 240, 240
L 2117.3340, -2456.2935, -41.9898,  2168.7112, -2454.5701, -48.0183,  240, 240, 240
L 2168.7112, -2454.5701, -48.0183,  2167.4729, -2504.0706, -63.0771,  240, 240, 240
L 2167.4729, -2504.0706, -63.0771,  2221.0042, -2503.4734, -63.2802,  240, 240, 240
L 2221.0042, -2503.4734, -63.2802,  2268.6277, -2504.1150, -63.2711,  240, 240, 240
L 2268.6277, -2504.1150, -63.2711,  2268.2261, -2553.8892, -54.4897,  240, 240, 240
L 2268.2261, -2553.8892, -54.4897,  2317.4873, -2554.4673, -63.1868,  240, 240, 240
L 2317.4873, -2554.4673, -63.1868,  2317.2825, -2571.6055, -58.7448,  240, 240, 240
L 2317.2825, -2571.6055, -58.7448,  2317.4539, -2605.9866, -50.7219,  240, 240, 240
L 2317.4539, -2605.9866, -50.7219,  2309.7112, -2612.0232, -52.3066,  240, 240, 240
L 2309.7112, -2612.0232, -52.3066,  2267.8533, -2653.8257, -63.1558,  240, 240, 240
L 2267.8533, -2653.8257, -63.1558,  2247.2078, -2654.3445, -63.2802,  240, 240, 240
L 2247.2078, -2654.3445, -63.2802,  2203.7759, -2655.1968, -63.2802,  240, 240, 240
L 2203.7759, -2655.1968, -63.2802,  2165.3267, -2654.3799, -63.2802,  240, 240, 240
L 2165.3267, -2654.3799, -63.2802,  2116.9673, -2654.7095, -63.2802,  240, 240, 240
L 2116.9673, -2654.7095, -63.2802,  2081.3352, -2654.2664, -63.2802,  240, 240, 240
L 2081.3352, -2654.2664, -63.2802,  2037.8872, -2654.2166, -63.1932,  240, 240, 240
L 2037.8872, -2654.2166, -63.1932,  2005.6173, -2654.2112, -63.2802,  240, 240, 240
L 2005.6173, -2654.2112, -63.2802,  1969.8936, -2654.2112, -63.2802,  240, 240, 240
L 1969.8936, -2654.2112, -63.2802,  1935.1946, -2686.9668, -63.2802,  240, 240, 240
L 1935.1946, -2686.9668, -63.2802,  1921.0742, -2700.7349, -63.2802,  240, 240, 240
L 1921.0742, -2700.7349, -63.2802,  1868.3716, -2703.4678, -55.4333,  240, 240, 240
L 1868.3716, -2703.4678, -55.4333,  1867.6729, -2753.0796, -53.5173,  240, 240, 240
L 1867.6729, -2753.0796, -53.5173,  1914.3678, -2754.5591, -60.8211,  240, 240, 240
L 1914.3678, -2754.5591, -60.8211,  1918.5519, -2754.4661, -62.5258,  240, 240, 240
L 1918.5519, -2754.4661, -62.5258,  1917.1522, -2805.1985, -33.1462,  240, 240, 240
L 1917.1522, -2805.1985, -33.1462,  1966.3007, -2805.0325, -60.9439,  240, 240, 240
L 1966.3007, -2805.0325, -60.9439,  1991.3578, -2803.2832, -62.6755,  240, 240, 240
L 1991.3578, -2803.2832, -62.6755,  2013.2909, -2803.3533, -63.0688,  240, 240, 240
L 2013.2909, -2803.3533, -63.0688,  2018.3904, -2827.5281, -58.3188,  240, 240, 240
L 2018.3904, -2827.5281, -58.3188,  2017.7697, -2855.0110, -52.9641,  240, 240, 240
L 2017.7697, -2855.0110, -52.9641,  1967.1779, -2904.3267, -63.2784,  240, 240, 240
L 1967.1779, -2904.3267, -63.2784,  1919.9175, -2904.8113, -63.2802,  240, 240, 240
L 1919.9175, -2904.8113, -63.2802,  1876.0089, -2904.2654, -63.2802,  240, 240, 240
L 1876.0089, -2904.2654, -63.2802,  1866.0808, -2904.1519, -63.2544,  240, 240, 240
L 1866.0808, -2904.1519, -63.2544,  1867.1343, -2853.4961, -47.3486,  240, 240, 240
L 1867.1343, -2853.4961, -47.3486,  1840.1842, -2855.1990, -56.7035,  240, 240, 240
L 1840.1842, -2855.1990, -56.7035,  1816.4928, -2854.9043, -63.2697,  240, 240, 240
L 1816.4928, -2854.9043, -63.2697,  1773.4674, -2853.8047, -54.8988,  240, 240, 240
L 1773.4674, -2853.8047, -54.8988,  1716.4325, -2904.9021, -63.2802,  240, 240, 240
L 1716.4325, -2904.9021, -63.2802,  1670.0316, -2904.0586, -63.1887,  240, 240, 240
L 1670.0316, -2904.0586, -63.1887,  1663.6450, -2856.0120, -48.2290,  240, 240, 240
L 1663.6450, -2856.0120, -48.2290,  1619.2007, -2854.0706, -58.5192,  240, 240, 240
L 1619.2007, -2854.0706, -58.5192,  1567.7738, -2903.6580, -32.1305,  240, 240, 240
L 1567.7738, -2903.6580, -32.1305,  1567.3264, -2949.9268, -59.6832,  240, 240, 240
L 1567.3264, -2949.9268, -59.6832,  1567.4938, -2963.7178, -63.2802,  240, 240, 240
L 1567.4938, -2963.7178, -63.2802,  1567.3318, -2998.0845, -63.2416,  240, 240, 240
L 1567.3318, -2998.0845, -63.2416,  1567.7671, -3053.9790, -36.1602,  240, 240, 240
L 1567.7671, -3053.9790, -36.1602,  1638.2738, -3053.5232, -58.6964,  240, 240, 240
L 1638.2738, -3053.5232, -58.6964,  1673.0824, -3053.9351, -63.2802,  240, 240, 240
L 1673.0824, -3053.9351, -63.2802,  1711.3573, -3053.8052, -63.2802,  240, 240, 240
L 1711.3573, -3053.8052, -63.2802,  1717.5243, -3104.8440, -61.2854,  240, 240, 240
L 1717.5243, -3104.8440, -61.2854,  1776.0078, -3104.2874, -62.6696,  240, 240, 240
L 1776.0078, -3104.2874, -62.6696,  1830.5487, -3105.0293, -60.8139,  240, 240, 240
L 1830.5487, -3105.0293, -60.8139,  1919.4943, -3104.5081, -57.4341,  240, 240, 240
L 1919.4943, -3104.5081, -57.4341,  1971.9180, -3104.5894, -57.1222,  240, 240, 240
L 1971.9180, -3104.5894, -57.1222,  2048.7207, -3104.0159, -59.3280,  240, 240, 240
L 2048.7207, -3104.0159, -59.3280,  2064.3323, -3104.2830, -58.3012,  240, 240, 240
L 2064.3323, -3104.2830, -58.3012,  2087.7278, -3083.2688, -60.9828,  240, 240, 240
L 2087.7278, -3083.2688, -60.9828,  2113.8738, -3057.3538, -62.9869,  240, 240, 240
L 2113.8738, -3057.3538, -62.9869,  2138.5164, -3032.5330, -63.2802,  240, 240, 240
L 2138.5164, -3032.5330, -63.2802,  2167.4463, -3004.2217, -63.1538,  240, 240, 240
L 2167.4463, -3004.2217, -63.1538,  2214.8477, -3003.6602, -59.5946,  240, 240, 240
L 2214.8477, -3003.6602, -59.5946,  2227.6587, -3003.9502, -60.1555,  240, 240, 240
L 2227.6587, -3003.9502, -60.1555,  2267.9490, -3003.7122, -63.2802,  240, 240, 240
L 2267.9490, -3003.7122, -63.2802,  2267.1353, -3046.0164, -39.7412,  240, 240, 240
L 2267.1353, -3046.0164, -39.7412,  2272.7256, -3052.3438, -38.9263,  240, 240, 240
L 2272.7256, -3052.3438, -38.9263,  2296.9236, -3053.8870, -51.7208,  240, 240, 240
L 2296.9236, -3053.8870, -51.7208,  2322.6924, -3052.8577, -63.2802,  240, 240, 240
L 2322.6924, -3052.8577, -63.2802,  2387.7310, -3053.1492, -62.8284,  240, 240, 240
L 2387.7310, -3053.1492, -62.8284,  2416.7117, -3053.8572, -62.1418,  240, 240, 240
L 2416.7117, -3053.8572, -62.1418,  2461.1331, -3010.0198, -63.1368,  240, 240, 240
L 2461.1331, -3010.0198, -63.1368,  2468.6724, -3002.6514, -63.2802,  240, 240, 240
L 2468.6724, -3002.6514, -63.2802,  2497.3418, -3004.8970, -60.5088,  240, 240, 240
L 2497.3418, -3004.8970, -60.5088,  2519.6250, -3004.1409, -59.5503,  240, 240, 240
L 2519.6250, -3004.1409, -59.5503,  2518.3191, -3043.9646, -61.6310,  240, 240, 240
L 2518.3191, -3043.9646, -61.6310,  2517.7039, -3060.4563, -61.4973,  240, 240, 240
L 2517.7039, -3060.4563, -61.4973,  2517.2437, -3101.6829, -57.1610,  240, 240, 240
L 2517.2437, -3101.6829, -57.1610,  2568.4314, -3103.7144, -63.2802,  240, 240, 240
L 2568.4314, -3103.7144, -63.2802,  2645.2825, -3103.3750, -63.2802,  240, 240, 240
L 2645.2825, -3103.3750, -63.2802,  2679.0789, -3104.1963, -62.0764,  240, 240, 240
L 2679.0789, -3104.1963, -62.0764,  2714.5435, -3104.4644, -59.0242,  240, 240, 240
L 2714.5435, -3104.4644, -59.0242,  2731.1748, -3088.2349, -60.8931,  240, 240, 240
L 2731.1748, -3088.2349, -60.8931,  2760.5684, -3060.3699, -62.8257,  240, 240, 240
L 2760.5684, -3060.3699, -62.8257,  2769.9490, -3053.2593, -63.2195,  240, 240, 240
L 2769.9490, -3053.2593, -63.2195,  2808.9170, -3054.6902, -61.7409,  240, 240, 240
L 2808.9170, -3054.6902, -61.7409,  2817.4717, -3102.5022, -59.2383,  240, 240, 240
L 2817.4717, -3102.5022, -59.2383,  2868.2598, -3103.8450, -15.2750,  240, 240, 240
L 2868.2598, -3103.8450, -15.2750,  2874.3218, -3095.9451, -20.1914,  240, 240, 240
L 2874.3218, -3095.9451, -20.1914,  2885.3721, -3083.9568, -24.4453,  240, 240, 240
L 2885.3721, -3083.9568, -24.4453,  2899.0430, -3072.6919, -27.7170,  240, 240, 240
L 2899.0430, -3072.6919, -27.7170,  2910.7671, -3059.8101, -33.8809,  240, 240, 240
L 2910.7671, -3059.8101, -33.8809,  2920.2454, -3052.0955, -37.9441,  240, 240, 240
L 2920.2454, -3052.0955, -37.9441,  2947.4141, -3054.0293, -51.9750,  240, 240, 240
L 2947.4141, -3054.0293, -51.9750,  3016.9666, -3053.9043, -63.2780,  240, 240, 240
L 3016.9666, -3053.9043, -63.2780,  3018.0020, -3054.8196, -63.1910,  240, 240, 240
L 3018.0020, -3054.8196, -63.1910,  3017.4761, -3104.0989, -57.8263,  240, 240, 240
L 3017.4761, -3104.0989, -57.8263,  3065.5791, -3104.8411, -55.8881,  240, 240, 240
L 3065.5791, -3104.8411, -55.8881,  3074.0486, -3094.3440, -57.5507,  240, 240, 240
L 3074.0486, -3094.3440, -57.5507,  3104.7632, -3065.4783, -48.5610,  240, 240, 240
L 3104.7632, -3065.4783, -48.5610,  3118.5010, -3052.7869, -45.2330,  240, 240, 240
L 3118.5010, -3052.7869, -45.2330,  3145.8130, -3026.1331, -54.2102,  240, 240, 240
L 3145.8130, -3026.1331, -54.2102,  3167.5254, -3004.3074, -62.8072,  240, 240, 240
L 3167.5254, -3004.3074, -62.8072,  3185.7439, -3004.0203, -63.2802,  240, 240, 240
L 3185.7439, -3004.0203, -63.2802,  3222.3770, -3003.8125, -62.8307,  240, 240, 240
L 3222.3770, -3003.8125, -62.8307,  3255.2437, -3004.2034, -59.4569,  240, 240, 240
L 3255.2437, -3004.2034, -59.4569,  3268.0508, -3004.3472, -58.6451,  240, 240, 240
L 3268.0508, -3004.3472, -58.6451,  3267.6880, -3053.5796, -48.5047,  240, 240, 240
L 3267.6880, -3053.5796, -48.5047,  3282.1543, -3053.0237, -51.4046,  240, 240, 240
L 3282.1543, -3053.0237, -51.4046,  3333.3206, -3053.7632, -58.5600,  240, 240, 240
L 3333.3206, -3053.7632, -58.5600,  3368.5281, -3054.4756, -58.1330,  240, 240, 240
L 3368.5281, -3054.4756, -58.1330,  3402.4053, -3054.0879, -61.7066,  240, 240, 240
L 3402.4053, -3054.0879, -61.7066,  3420.4097, -3055.1382, -63.2714,  240, 240, 240
L 3420.4097, -3055.1382, -63.2714,  3418.0408, -3103.8821, -62.8499,  240, 240, 240
L 3418.0408, -3103.8821, -62.8499,  3503.0779, -3104.0889, -63.3900,  240, 240, 240
L 3503.0779, -3104.0889, -63.3900,  3520.3196, -3103.8538, -64.3935,  240, 240, 240
L 3520.3196, -3103.8538, -64.3935,  3546.9463, -3104.0984, -72.0763,  240, 240, 240
L 3546.9463, -3104.0984, -72.0763,  3581.4307, -3104.0110, -80.4704,  240, 240, 240
L 3581.4307, -3104.0110, -80.4704,  3612.7725, -3103.9971, -84.4185,  240, 240, 240
L 3612.7725, -3103.9971, -84.4185,  3618.2256, -3106.2725, -85.7425,  240, 240, 240
L 3618.2256, -3106.2725, -85.7425,  3617.3650, -3154.3689, -107.2218,  240, 240, 240
L 3617.3650, -3154.3689, -107.2218,  3637.4197, -3153.8672, -90.4940,  240, 240, 240
L 3637.4197, -3153.8672, -90.4940,  3662.6548, -3153.9070, -67.4165,  240, 240, 240
L 3662.6548, -3153.9070, -67.4165,  3671.4612, -3153.9629, -63.2802,  240, 240, 240
L 3671.4612, -3153.9629, -63.2802,  3720.4224, -3153.9849, -63.2792,  240, 240, 240
L 3720.4224, -3153.9849, -63.2792,  3768.1875, -3153.9917, -64.3990,  240, 240, 240
L 3768.1875, -3153.9917, -64.3990,  3797.0159, -3153.8960, -104.4052,  240, 240, 240
L 3991.1487, -3153.9966, -104.4052,  4019.5496, -3153.8870, -38.0246,  240, 240, 240
L 4019.5496, -3153.8870, -38.0246,  4032.8755, -3139.8782, -44.8891,  240, 240, 240
L 4032.8755, -3139.8782, -44.8891,  4058.7317, -3112.3909, -58.8241,  240, 240, 240
L 4058.7317, -3112.3909, -58.8241,  4066.7727, -3104.9192, -61.9497,  240, 240, 240
L 4066.7727, -3104.9192, -61.9497,  4116.6030, -3103.6492, -55.6293,  240, 240, 240
L 4116.6030, -3103.6492, -55.6293,  4158.0576, -3062.5022, -61.9284,  240, 240, 240
L 4158.0576, -3062.5022, -61.9284,  4168.1357, -3054.0481, -63.2774,  240, 240, 240
L 4168.1357, -3054.0481, -63.2774,  4183.9810, -3054.2625, -62.9879,  240, 240, 240
L 4183.9810, -3054.2625, -62.9879,  4225.4043, -3053.6934, -63.2802,  240, 240, 240
L 4225.4043, -3053.6934, -63.2802,  4264.5493, -3054.3362, -62.1989,  240, 240, 240
L 4264.5493, -3054.3362, -62.1989,  4315.8472, -3053.9705, -63.2802,  240, 240, 240
L 4315.8472, -3053.9705, -63.2802,  4365.8794, -3054.5896, -61.2664,  240, 240, 240
L 4365.8794, -3054.5896, -61.2664,  4366.5762, -3036.7383, -63.2802,  240, 240, 240
L 4366.5762, -3036.7383, -63.2802,  4367.5073, -3015.2139, -62.5850,  240, 240, 240
L 4367.5073, -3015.2139, -62.5850,  4367.5029, -3003.0049, -63.1327,  240, 240, 240
L 4367.5029, -3003.0049, -63.1327,  4416.9932, -2955.0977, -39.1358,  240, 240, 240
L 4416.9932, -2955.0977, -39.1358,  4417.3877, -2928.6714, -50.8314,  240, 240, 240
L 4417.3877, -2928.6714, -50.8314,  4416.6919, -2904.8926, -62.7074,  240, 240, 240
L 4416.6919, -2904.8926, -62.7074,  4429.8682, -2889.6458, -62.3921,  240, 240, 240
L 4429.8682, -2889.6458, -62.3921,  4458.2485, -2862.8821, -61.3314,  240, 240, 240
L 4458.2485, -2862.8821, -61.3314,  4467.6323, -2853.4849, -61.0280,  240, 240, 240
L 4467.6323, -2853.4849, -61.0280,  4480.8931, -2853.8069, -61.6030,  240, 240, 240
L 4480.8931, -2853.8069, -61.6030,  4516.7520, -2853.4075, -63.2588,  240, 240, 240
L 4516.7520, -2853.4075, -63.2588,  4517.5522, -2854.8782, -63.2802,  240, 240, 240
L 4517.5522, -2854.8782, -63.2802,  4517.4214, -2905.6692, -61.5165,  240, 240, 240
L 4517.4214, -2905.6692, -61.5165,  4565.6714, -2903.5103, -63.2802,  240, 240, 240
L 4565.6714, -2903.5103, -63.2802,  4567.1479, -2904.9519, -63.0765,  240, 240, 240
L 4567.1479, -2904.9519, -63.0765,  4567.4854, -2954.2178, -58.5594,  240, 240, 240
L 4567.4854, -2954.2178, -58.5594,  4667.7983, -2954.0852, -63.2772,  240, 240, 240
L 4667.7983, -2954.0852, -63.2772,  4668.6021, -3003.9729, -36.6693,  240, 240, 240
L 4668.6021, -3003.9729, -36.6693,  4717.5713, -3003.7959, -63.1302,  240, 240, 240
L 4717.5713, -3003.7959, -63.1302,  4766.3867, -3003.7024, -59.7099,  240, 240, 240
L 4766.3867, -3003.7024, -59.7099,  4766.3867, -2960.4778, -44.4192,  240, 240, 240
L 4766.3867, -2960.4778, -44.4192,  4766.3276, -2946.6648, -37.7398,  240, 240, 240
L 4766.3276, -2946.6648, -37.7398,  4765.7422, -2939.8152, -33.6525,  240, 240, 240
L 4765.7422, -2939.8152, -33.6525,  4767.6299, -2900.5247, -13.5892,  240, 240, 240
L 4767.6299, -2900.5247, -13.5892,  4763.3174, -2871.0076, -48.3314,  240, 240, 240
L 4763.3174, -2871.0076, -48.3314,  4765.4976, -2863.6846, -54.1296,  240, 240, 240
L 4765.4976, -2863.6846, -54.1296,  4767.5493, -2857.7068, -58.4620,  240, 240, 240
L 4767.5493, -2857.7068, -58.4620,  4771.9731, -2849.7288, -61.9724,  240, 240, 240
L 4771.9731, -2849.7288, -61.9724,  4817.5596, -2803.5271, -55.1829,  240, 240, 240
L 4817.5596, -2803.5271, -55.1829,  4817.7520, -2758.9563, -70.5041,  240, 240, 240
L 4918.4697, -2752.9363, -24.4566,  4915.8057, -2788.9900, -24.6953,  240, 240, 240
L 4915.8057, -2788.9900, -24.6953,  4917.1680, -2803.7444, -28.9802,  240, 240, 240
L 4918.4697, -2752.9363, -23.5642,  4863.7061, -2754.4817, -18.5003,  240, 240, 240
L 4863.7061, -2754.4817, -18.5003,  4817.7520, -2758.9563, -60.0526,  240, 240, 240
L 4917.1680, -2803.7444, -31.0597,  4953.9678, -2807.3262, -22.0394,  240, 240, 240
L 4953.9678, -2807.3262, -22.0394,  4970.1436, -2804.9683, -31.9638,  240, 240, 240
L 4970.1436, -2804.9683, -31.9638,  4968.7202, -2854.7173, -36.8935,  240, 240, 240
L 4968.7202, -2854.7173, -36.8935,  5019.3384, -2854.3689, -59.5391,  240, 240, 240
L 5019.3384, -2854.3689, -59.5391,  5017.3101, -2954.2466, -42.7726,  240, 240, 240
L 5017.3101, -2954.2466, -42.7726,  5046.3770, -2924.2903, -55.2213,  240, 240, 240
L 5046.3770, -2924.2903, -55.2213,  5067.3867, -2903.9717, -63.2771,  240, 240, 240
L 5067.3867, -2903.9717, -63.2771,  5084.0825, -2903.9629, -61.5875,  240, 240, 240
L 5084.0825, -2903.9629, -61.5875,  5119.1650, -2904.3516, -58.2399,  240, 240, 240
L 5119.1650, -2904.3516, -58.2399,  5119.0571, -2954.2725, -28.3041,  240, 240, 240
L 5119.0571, -2954.2725, -28.3041,  5140.5859, -2955.9224, -36.1634,  240, 240, 240
L 5140.5859, -2955.9224, -36.1634,  5173.9438, -2953.1475, -63.2802,  240, 240, 240
L 5173.9438, -2953.1475, -63.2802,  5218.2100, -2954.2354, -63.2802,  240, 240, 240
L 5218.2100, -2954.2354, -63.2802,  5218.1309, -3003.8367, -63.2802,  240, 240, 240
L 5218.1309, -3003.8367, -63.2802,  5268.1328, -3003.9451, -63.2802,  240, 240, 240
L 5268.1328, -3003.9451, -63.2802,  5319.0225, -3003.4519, -63.3020,  240, 240, 240
L 5319.0225, -3003.4519, -63.3020,  5365.9868, -3003.4839, -63.3010,  240, 240, 240
L 5365.9868, -3003.4839, -63.3010,  5414.0493, -3004.4932, -63.0695,  240, 240, 240
L 5414.0493, -3004.4932, -63.0695,  5422.5728, -3004.1548, -67.3983,  240, 240, 240
L 5422.5728, -3004.1548, -67.3983,  5473.4980, -3005.6238, -96.1651,  240, 240, 240
L 5473.4980, -3005.6238, -96.1651,  5492.9629, -3004.0442, -91.5876,  240, 240, 240
L 5492.9629, -3004.0442, -91.5876,  5518.5117, -3003.4019, -80.2259,  240, 240, 240
L 5518.5117, -3003.4019, -80.2259,  5517.3794, -3052.5767, -82.2836,  240, 240, 240
L 5517.3794, -3052.5767, -82.2836,  5566.8462, -3053.7068, -71.1726,  240, 240, 240
L 5566.8462, -3053.7068, -71.1726,  5554.3242, -3103.5513, -104.4052,  240, 240, 240
L 5847.5576, -3122.0098, -104.4052,  5879.2466, -3107.9153, -47.1778,  240, 240, 240
L 5879.2466, -3107.9153, -47.1778,  5911.2837, -3103.8682, -62.3706,  240, 240, 240
L 5911.2837, -3103.8682, -62.3706,  5921.3345, -3104.5984, -62.9998,  240, 240, 240
L 5921.3345, -3104.5984, -62.9998,  5993.3926, -3104.1487, -63.2288,  240, 240, 240
L 5993.3926, -3104.1487, -63.2288,  6025.3853, -3104.3250, -62.8775,  240, 240, 240
L 6025.3853, -3104.3250, -62.8775,  6065.8530, -3103.8213, -63.2802,  240, 240, 240
L 6065.8530, -3103.8213, -63.2802,  6067.2744, -3153.9219, -39.9182,  240, 240, 240
L 6067.2744, -3153.9219, -39.9182,  6085.6060, -3153.9224, -39.9138,  240, 240, 240
L 6085.6060, -3153.9224, -39.9138,  6110.7241, -3153.9224, -39.9137,  240, 240, 240
L 6110.7241, -3153.9224, -39.9137,  6151.2886, -3153.9253, -42.5028,  240, 240, 240
L 6151.2886, -3153.9253, -42.5028,  6172.2461, -3153.9717, -45.5147,  240, 240, 240
L 6172.2461, -3153.9717, -45.5147,  6202.8350, -3154.0127, -57.2304,  240, 240, 240
L 6202.8350, -3154.0127, -57.2304,  6221.4980, -3154.2820, -62.9902,  240, 240, 240
L 6221.4980, -3154.2820, -62.9902,  6260.2793, -3153.6116, -63.2802,  240, 240, 240
L 6260.2793, -3153.6116, -63.2802,  6316.2979, -3153.3716, -63.2802,  240, 240, 240
L 6316.2979, -3153.3716, -63.2802,  6360.2070, -3153.3489, -63.2802,  240, 240, 240
L 6360.2070, -3153.3489, -63.2802,  6515.9619, -3153.7129, -63.2802,  240, 240, 240
L 6515.9619, -3153.7129, -63.2802,  6517.6953, -3103.0127, -63.2097,  240, 240, 240
L 6517.6953, -3103.0127, -63.2097,  6564.2075, -3056.8035, -63.2802,  240, 240, 240
L 6564.2075, -3056.8035, -63.2802,  6615.6934, -3052.4517, -60.1665,  240, 240, 240
L 6615.6934, -3052.4517, -60.1665,  6616.9688, -3036.9993, -32.8930,  240, 240, 240
L 6616.9688, -3036.9993, -32.8930,  6616.9688, -3015.5005, 5.0523,  240, 240, 240
L 6616.9688, -3015.5005, 5.0523,  6614.6616, -3002.5081, 21.0729,  240, 240, 240
L 6614.6616, -3002.5081, 21.0729,  6617.2935, -2949.8252, 3.5609,  240, 240, 240
L 6617.2935, -2949.8252, 3.5609,  6617.3311, -2902.8721, -47.2904,  240, 240, 240
L 6617.3311, -2902.8721, -47.2904,  6616.4868, -2873.6753, -57.2884,  240, 240, 240
L 6616.4868, -2873.6753, -57.2884,  6616.2695, -2854.7542, -61.0394,  240, 240, 240
L 6616.2695, -2854.7542, -61.0394,  6574.7319, -2854.8484, -62.5544,  240, 240, 240
L 6574.7319, -2854.8484, -62.5544,  6532.6602, -2854.3982, -63.1412,  240, 240, 240
L 6532.6602, -2854.3982, -63.1412,  6516.8062, -2853.4270, -63.1677,  240, 240, 240
L 6516.8062, -2853.4270, -63.1677,  6516.4224, -2828.6758, -61.9659,  240, 240, 240
L 6516.4224, -2828.6758, -61.9659,  6517.3042, -2804.4458, -60.8602,  240, 240, 240
L 6517.3042, -2804.4458, -60.8602,  6539.2212, -2781.6626, -61.5074,  240, 240, 240
L 6539.2212, -2781.6626, -61.5074,  6562.1772, -2758.9358, -62.0137,  240, 240, 240
L 6562.1772, -2758.9358, -62.0137,  6581.9063, -2738.7852, -62.4720,  240, 240, 240
L 6581.9063, -2738.7852, -62.4720,  6617.0557, -2703.6143, -62.6953,  240, 240, 240
L 6617.0557, -2703.6143, -62.6953,  6576.3096, -2703.7610, -62.8441,  240, 240, 240
L 6576.3096, -2703.7610, -62.8441,  6569.4795, -2707.5767, -63.2004,  240, 240, 240
L 6569.4795, -2707.5767, -63.2004,  6567.3721, -2699.7288, -62.6389,  240, 240, 240
L 6567.3721, -2699.7288, -62.6389,  6566.5278, -2675.3599, -60.3670,  240, 240, 240
L 6566.5278, -2675.3599, -60.3670,  6566.6108, -2656.4563, -58.4530,  240, 240, 240
L 6566.6108, -2656.4563, -58.4530,  6567.9487, -2600.2754, -62.8017,  240, 240, 240
L 6567.9487, -2600.2754, -62.8017,  6615.4502, -2555.7627, -58.2839,  240, 240, 240
L 6615.4502, -2555.7627, -58.2839,  6564.8643, -2551.8999, -62.7243,  240, 240, 240
L 6564.8643, -2551.8999, -62.7243,  6567.5044, -2506.1624, -56.3315,  240, 240, 240
L 6567.5044, -2506.1624, -56.3315,  6516.8604, -2503.8352, -63.1480,  240, 240, 240
L 6516.8604, -2503.8352, -63.1480,  6516.3140, -2456.2117, -63.2802,  240, 240, 240
L 6516.3140, -2456.2117, -63.2802,  6517.0908, -2407.0850, -61.3397,  240, 240, 240
L 6517.0908, -2407.0850, -61.3397,  6468.1187, -2403.6775, -63.0218,  240, 240, 240
L 6468.1187, -2403.6775, -63.0218,  6466.5674, -2305.9202, -63.2802,  240, 240, 240
L 6466.5674, -2305.9202, -63.2802,  6467.2876, -2254.2427, -61.5750,  240, 240, 240
L 6467.2876, -2254.2427, -61.5750,  6485.8086, -2235.9727, -58.2175,  240, 240, 240
L 6485.8086, -2235.9727, -58.2175,  6517.7529, -2202.6045, -53.3194,  240, 240, 240
L 6517.7529, -2202.6045, -53.3194,  6563.5410, -2157.1077, -62.5630,  240, 240, 240
L 6563.5410, -2157.1077, -62.5630,  6617.0059, -2153.7942, -42.0688,  240, 240, 240
L 6617.0059, -2153.7942, -42.0688,  6617.0425, -2100.1714, -26.4220,  240, 240, 240
L 6617.0425, -2100.1714, -26.4220,  6617.0396, -2016.4058, -57.0585,  240, 240, 240
L 6616.9688, -2016.4060, -57.6123,  6515.2271, -2016.4060, -63.2802,  64, 64, 64
L 6515.2271, -2016.4060, -63.2802,  6515.2227, -2050.9651, -63.2643,  64, 64, 64
L 6515.2227, -2050.9651, -63.2643,  6515.0337, -2051.2427, -63.2686,  64, 64, 64
L 6515.0337, -2051.2427, -63.2686,  6415.9731, -2051.2898, -63.2793,  64, 64, 64
L 6415.9731, -2051.2898, -63.2793,  6415.7061, -2051.2188, -63.2802,  64, 64, 64
L 6415.7061, -2051.2188, -63.2802,  6415.6250, -1951.7374, -63.2802,  64, 64, 64
L 6415.6250, -1951.7374, -63.2802,  6416.1279, -1951.5845, -63.2802,  64, 64, 64
L 6416.1279, -1951.5845, -63.2802,  6429.4375, -1951.5864, -63.2565,  64, 64, 64
L 6429.4375, -1951.5864, -63.2565,  6429.4536, -1896.1067, -63.2802,  64, 64, 64
L 6429.4536, -1896.1067, -63.2802,  6429.5615, -1895.9392, -63.2802,  64, 64, 64
L 6429.5615, -1895.9392, -63.2802,  6445.2397, -1895.9602, -63.2802,  64, 64, 64
L 6445.2397, -1895.9602, -63.2802,  6445.3345, -1951.5835, -63.2802,  64, 64, 64
L 6445.3345, -1951.5835, -63.2802,  6447.3115, -1951.5857, -63.2538,  64, 64, 64
L 6447.3115, -1951.5857, -63.2538,  6447.6543, -1942.9612, -63.2802,  64, 64, 64
L 6447.6543, -1942.9612, -63.2802,  6452.5283, -1943.0929, -63.2802,  64, 64, 64
L 6452.5283, -1943.0929, -63.2802,  6452.4814, -1959.7321, -63.2802,  64, 64, 64
L 6452.4814, -1959.7321, -63.2802,  6447.3423, -1959.5846, -63.2802,  64, 64, 64
L 6447.3423, -1959.5846, -63.2802,  6447.3115, -1956.6538, -63.2802,  64, 64, 64
L 6447.3115, -1956.6538, -63.2802,  6420.7905, -1958.7638, -63.2802,  64, 64, 64
L 6420.7905, -1958.7638, -63.2802,  6420.7612, -2045.9502, -63.2802,  64, 64, 64
L 6420.7612, -2045.9502, -63.2802,  6507.0278, -2046.0592, -63.2802,  64, 64, 64
L 6507.0278, -2046.0592, -63.2802,  6509.9351, -2046.0564, -63.2802,  64, 64, 64
L 6509.9351, -2046.0564, -63.2802,  6509.9536, -1956.8085, -63.2802,  64, 64, 64
L 6509.9536, -1956.8085, -63.2802,  6481.4990, -1956.8013, -63.2802,  64, 64, 64
L 6481.4990, -1956.8013, -63.2802,  6481.5679, -1959.7217, -63.2802,  64, 64, 64
L 6481.5679, -1959.7217, -63.2802,  6477.4751, -1959.7981, -63.2802,  64, 64, 64
L 6477.4751, -1959.7981, -63.2802,  6477.4365, -1943.0956, -63.2802,  64, 64, 64
L 6477.4365, -1943.0956, -63.2802,  6481.2769, -1943.0011, -63.2802,  64, 64, 64
L 6481.2769, -1943.0011, -63.2802,  6481.4990, -1943.1602, -63.2802,  64, 64, 64
L 6481.4990, -1943.1602, -63.2802,  6481.4897, -1951.5448, -63.2673,  64, 64, 64
L 6481.4897, -1951.5448, -63.2673,  6515.3652, -1951.6039, -63.2802,  64, 64, 64
L 6515.3652, -1951.6039, -63.2802,  6515.2178, -2000.5000, -63.2802,  64, 64, 64
L 6515.2178, -2000.5000, -63.2802,  6617.0020, -2000.5000, -63.2802,  64, 64, 64
L 6617.0020, -2000.5000, -63.2802,  6615.9268, -1902.5912, -63.2802,  64, 64, 64
L 6615.9268, -1902.5912, -63.2802,  6605.9961, -1902.5807, -63.2802,  64, 64, 64
L 6605.9961, -1902.5807, -63.2802,  6605.7183, -1902.2140, -63.2802,  64, 64, 64
L 6605.7183, -1902.2140, -63.2802,  6605.9277, -1894.4757, -63.2802,  64, 64, 64
L 6605.9277, -1894.4757, -63.2802,  6626.3984, -1894.4680, -61.9421,  64, 64, 64
L 6626.3984, -1894.4680, -61.9421,  6626.6699, -1894.6256, -61.9434,  64, 64, 64
L 6626.6699, -1894.6256, -61.9434,  6626.6240, -1898.2520, -61.9432,  64, 64, 64
L 6626.6240, -1898.2520, -61.9432,  6803.3003, -1899.6422, -63.2177,  64, 64, 64
L 6803.3003, -1899.6422, -63.2177,  6803.5532, -1899.9214, -63.2177,  64, 64, 64
L 6803.5532, -1899.9214, -63.2177,  6803.5542, -1959.6249, -63.2177,  64, 64, 64
L 6803.5542, -1959.6249, -63.2177,  6902.8125, -1959.6250, -63.2177,  64, 64, 64
L 6902.8125, -1959.6250, -63.2177,  6902.8232, -1899.9065, -63.2177,  64, 64, 64
L 6902.8232, -1899.9065, -63.2177,  6903.1284, -1899.6294, -63.2177,  64, 64, 64
L 6903.1284, -1899.6294, -63.2177,  7000.3018, -1899.7776, -63.2177,  64, 64, 64
L 7000.3018, -1899.7776, -63.2177,  7000.3740, -1901.0603, -63.2177,  64, 64, 64
L 7000.3740, -1901.0603, -63.2177,  7000.3643, -2039.6250, -63.2177,  64, 64, 64
L 7000.3643, -2039.6250, -63.2177,  7159.6240, -2039.6250, -63.2177,  64, 64, 64
L 7159.6240, -2039.6250, -63.2177,  7159.6250, -1860.3749, -63.2177,  64, 64, 64
L 7120.3740, -1860.3749, -63.2177,  7120.8857, -2000.2892, -63.2177,  64, 64, 64
L 7120.8857, -2000.2892, -63.2177,  7038.6367, -1999.7732, -63.2177,  64, 64, 64
L 7038.6367, -1999.7732, -63.2177,  7039.6250, -1860.3749, -63.2177,  64, 64, 64
L 7039.6250, -1860.3749, -63.2177,  6902.7407, -1859.8701, -63.2177,  64, 64, 64
L 6902.7407, -1859.8701, -63.2177,  6902.8125, -1800.3749, -63.2177,  64, 64, 64
L 6902.8125, -1800.3749, -63.2177,  6803.5615, -1800.3751, -63.2177,  64, 64, 64
L 6815.7402, -1800.3751, -63.2177,  6815.7407, -1800.3749, -63.2177,  64, 64, 64
L 6803.5615, -1800.3751, -63.2177,  6803.5615, -1827.4778, -63.2177,  64, 64, 64
L 6803.5615, -1827.4778, -63.2177,  6803.2852, -1860.4346, -63.2177,  64, 64, 64
L 6803.2852, -1860.4346, -63.2177,  6626.6240, -1860.1560, -61.9432,  64, 64, 64
L 6626.6240, -1860.1560, -61.9432,  6625.9819, -1864.9462, -61.9401,  64, 64, 64
L 6625.9819, -1864.9462, -61.9401,  6615.5508, -1864.8435, -63.2802,  64, 64, 64
L 6615.5508, -1864.8435, -63.2802,  6605.6587, -1863.9995, -63.2802,  64, 64, 64
L 6605.6587, -1863.9995, -63.2802,  6605.8262, -1855.9868, -63.2802,  64, 64, 64
L 6605.8262, -1855.9868, -63.2802,  6607.3491, -1855.7798, -63.2802,  64, 64, 64
L 6607.3491, -1855.7798, -63.2802,  6615.6460, -1855.8750, -63.2783,  64, 64, 64
L 6615.6460, -1855.8750, -63.2783,  6616.9824, -1761.3435, -54.4747,  64, 64, 64
L 6616.9824, -1761.3435, -54.4747,  6515.2271, -1761.3435, -63.2802,  64, 64, 64
L 6515.2271, -1761.3435, -63.2802,  6514.8311, -1805.0685, -63.2802,  64, 64, 64
L 6514.8311, -1805.0685, -63.2802,  6483.4683, -1804.8822, -63.2781,  64, 64, 64
L 6483.4683, -1804.8822, -63.2781,  6483.4219, -1813.4148, -63.2802,  64, 64, 64
L 6483.4219, -1813.4148, -63.2802,  6478.2476, -1813.2981, -63.2802,  64, 64, 64
L 6478.2476, -1813.2981, -63.2802,  6478.5674, -1796.6249, -63.2802,  64, 64, 64
L 6478.5674, -1796.6249, -63.2802,  6483.2563, -1796.6624, -63.2802,  64, 64, 64
L 6483.2563, -1796.6624, -63.2802,  6483.3267, -1796.3335, -63.2802,  64, 64, 64
L 6483.3267, -1796.3335, -63.2802,  6483.4683, -1799.6272, -63.2802,  64, 64, 64
L 6483.4683, -1799.6272, -63.2802,  6509.7739, -1799.6552, -63.2802,  64, 64, 64
L 6509.7739, -1799.6552, -63.2802,  6509.9517, -1710.3739, -63.2802,  64, 64, 64
L 6509.9517, -1710.3739, -63.2802,  6420.7085, -1710.2479, -63.2802,  64, 64, 64
L 6420.7085, -1710.2479, -63.2802,  6420.7671, -1799.4860, -63.2802,  64, 64, 64
L 6420.7671, -1799.4860, -63.2802,  6449.3115, -1799.6289, -63.2802,  64, 64, 64
L 6449.3115, -1799.6283, -63.2802,  6449.3125, -1797.0220, -63.2802,  64, 64, 64
L 6449.3125, -1797.0220, -63.2802,  6449.3896, -1796.7710, -63.2802,  64, 64, 64
L 6449.3896, -1796.7710, -63.2802,  6453.1074, -1796.6277, -63.2802,  64, 64, 64
L 6453.1074, -1796.6277, -63.2802,  6453.2979, -1796.7084, -63.2802,  64, 64, 64
L 6453.2979, -1796.7084, -63.2802,  6453.4355, -1813.1266, -63.2802,  64, 64, 64
L 6453.4355, -1813.1266, -63.2802,  6453.3188, -1813.3667, -63.2802,  64, 64, 64
L 6453.3188, -1813.3667, -63.2802,  6449.6660, -1813.4680, -63.2802,  64, 64, 64
L 6449.6660, -1813.4680, -63.2802,  6449.3657, -1813.2875, -63.2802,  64, 64, 64
L 6449.3657, -1813.2875, -63.2802,  6449.3125, -1804.9199, -63.2800,  64, 64, 64
L 6449.3125, -1804.9199, -63.2800,  6445.3433, -1804.9198, -63.2743,  64, 64, 64
L 6445.3433, -1804.9198, -63.2743,  6445.3149, -1857.2981, -63.2802,  64, 64, 64
L 6445.3149, -1857.2981, -63.2802,  6444.9365, -1857.5310, -63.2802,  64, 64, 64
L 6444.9365, -1857.5310, -63.2802,  6429.6880, -1857.5099, -63.2802,  64, 64, 64
L 6429.6880, -1857.5099, -63.2802,  6429.4375, -1857.1659, -63.2802,  64, 64, 64
L 6429.4375, -1857.1659, -63.2802,  6429.4375, -1804.8776, -63.2801,  64, 64, 64
L 6429.4375, -1804.8776, -63.2801,  6415.7275, -1804.8269, -63.2802,  64, 64, 64
L 6415.7275, -1804.8269, -63.2802,  6415.5522, -1804.3574, -63.2802,  64, 64, 64
L 6415.5522, -1804.3574, -63.2802,  6415.5527, -1705.5337, -63.2802,  64, 64, 64
L 6415.5527, -1705.5337, -63.2802,  6415.9858, -1705.1781, -63.2802,  64, 64, 64
L 6415.9858, -1705.1781, -63.2802,  6514.9673, -1705.1957, -63.2802,  64, 64, 64
L 6514.9673, -1705.1957, -63.2802,  6515.1846, -1705.3777, -63.2797,  64, 64, 64
L 6515.1846, -1705.3777, -63.2797,  6515.2188, -1745.4375, -63.2743,  64, 64, 64
L 6515.2188, -1745.4375, -63.2743,  6616.9810, -1745.4374, -49.5442,  64, 64, 64
L 6953.4160, -1899.9785, -61.6792,  6949.6519, -1944.8065, -60.4365,  240, 240, 240
L 6949.6519, -1944.8065, -60.4365,  6936.7183, -1972.6195, -60.4365,  240, 240, 240
L 6936.7183, -1972.6195, -60.4365,  6901.5562, -2013.3424, -60.4365,  240, 240, 240
L 6901.5562, -2013.3424, -60.4365,  6870.1934, -2066.8416, -60.4365,  240, 240, 240
L 6870.1934, -2066.8416, -60.4365,  6872.0176, -2097.9175, -60.4365,  240, 240, 240
L 6872.0176, -2097.9175, -60.4365,  6957.0615, -2136.9595, -60.4365,  240, 240, 240
L 6957.0615, -2136.9595, -60.4365,  6957.0615, -2185.0435, -60.4365,  240, 240, 240
L 6957.0615, -2185.0435, -60.4365,  6940.3477, -2203.7786, -60.4365,  240, 240, 240
L 6940.3477, -2203.7786, -60.4365,  6929.3501, -2220.2598, -60.4365,  240, 240, 240
L 6929.3501, -2220.2598, -60.4365,  6931.1812, -2251.4585, -60.4365,  240, 240, 240
L 6931.1812, -2251.4585, -60.4365,  6949.5752, -2286.3794, -60.4365,  240, 240, 240
L 6949.5752, -2286.3794, -60.4365,  7040.2944, -2318.1746, -60.4365,  240, 240, 240
L 7040.2944, -2318.1746, -60.4365,  7051.3433, -2377.2747, -60.4365,  240, 240, 240
L 7051.3433, -2377.2747, -60.4365,  7040.2368, -2430.9707, -60.4365,  240, 240, 240
L 7040.2368, -2430.9707, -60.4365,  6993.7852, -2477.4595, -60.4365,  240, 240, 240
L 6993.7852, -2477.4595, -60.4365,  6964.4043, -2497.6475, -60.4366,  240, 240, 240
L 6964.4043, -2497.6475, -60.4366,  6949.6187, -2538.2002, -60.5624,  240, 240, 240
L 6949.6187, -2538.2002, -60.5624,  6946.6016, -2661.5105, -61.0302,  240, 240, 240
L 6946.6016, -2661.5105, -61.0302,  6955.2061, -2694.4141, -61.0302,  240, 240, 240
L 6955.2061, -2694.4141, -61.0302,  6925.9336, -2714.7820, -61.0302,  240, 240, 240
L 6925.9336, -2714.7820, -61.0302,  6916.5923, -2762.1377, -61.0302,  240, 240, 240
L 6916.5923, -2762.1377, -61.0302,  6875.7227, -2762.0625, -61.0302,  240, 240, 240
L 6875.7227, -2762.0625, -61.0302,  6822.9512, -2835.3274, -61.0302,  240, 240, 240
L 6822.9512, -2835.3274, -61.0302,  6866.9385, -2905.7217, -61.0302,  240, 240, 240
L 6866.9385, -2905.7217, -61.0302,  6925.6353, -2926.2737, -61.0302,  240, 240, 240
L 6925.6353, -2926.2737, -61.0302,  6943.6211, -2941.2173, -61.0302,  240, 240, 240
L 6943.6211, -2941.2173, -61.0302,  6930.7817, -3007.0381, -61.0302,  240, 240, 240
L 6930.7817, -3007.0381, -61.0302,  6914.0884, -3092.4141, -61.0302,  240, 240, 240
L 6914.0884, -3092.4141, -61.0302,  6903.3701, -3191.6077, -61.0302,  240, 240, 240
L 6903.3701, -3191.6077, -61.0302,  6914.1909, -3256.7290, -61.0302,  240, 240, 240
L 6914.1909, -3256.7290, -61.0302,  6890.6709, -3315.4292, -61.0302,  240, 240, 240
L 6890.6709, -3315.4292, -61.0302,  6843.2710, -3348.7395, -61.0302,  240, 240, 240
L 6843.2710, -3348.7395, -61.0302,  6817.4712, -3440.4998, -61.0302,  240, 240, 240
L 6817.4712, -3440.4998, -61.0302,  6825.8062, -3486.3782, -61.0302,  240, 240, 240
L 6825.8062, -3486.3782, -61.0302,  6722.5669, -3539.7830, -61.0302,  240, 240, 240
L 6722.5669, -3539.7830, -61.0302,  6708.6519, -3574.9319, -61.0302,  240, 240, 240
L 6708.6519, -3574.9319, -61.0302,  6623.3853, -3575.1226, -61.0302,  240, 240, 240
L 6623.3853, -3575.1226, -61.0302,  6559.5991, -3562.6365, -61.0302,  240, 240, 240
L 6559.5991, -3562.6365, -61.0302,  6534.3159, -3515.1990, -61.0302,  240, 240, 240
L 6534.3159, -3515.1990, -61.0302,  6461.1489, -3487.0901, -61.0302,  240, 240, 240
L 6461.1489, -3487.0901, -61.0302,  6403.3477, -3497.6985, -61.0302,  240, 240, 240
L 6403.3477, -3497.6985, -61.0302,  6386.1343, -3477.4363, -61.0302,  240, 240, 240
L 6386.1343, -3477.4363, -61.0302,  6406.5840, -3459.3616, -61.0302,  240, 240, 240
L 6406.5840, -3459.3616, -61.0302,  6365.5625, -3351.1233, -61.0302,  240, 240, 240
L 6365.5625, -3351.1233, -61.0302,  6309.2642, -3338.7825, -61.0292,  240, 240, 240
L 6309.2642, -3338.7825, -61.0292,  6318.6392, -3152.0740, -63.2802,  240, 240, 240
L 6282.8647, -3154.0701, -63.2737,  6281.8447, -3163.8616, -60.8098,  240, 240, 240
L 6281.8447, -3163.8616, -60.8098,  6287.1362, -3178.6023, -60.8504,  240, 240, 240
L 6287.1362, -3178.6023, -60.8504,  6278.9063, -3182.6287, -60.8588,  240, 240, 240
L 6278.9063, -3182.6287, -60.8588,  6278.9810, -3211.8162, -60.9060,  240, 240, 240
L 6278.9810, -3211.8162, -60.9060,  6295.5576, -3356.3926, -61.0162,  240, 240, 240
L 6295.5576, -3356.3926, -61.0302,  6329.5532, -3361.7588, -61.0302,  240, 240, 240
L 6329.5532, -3361.7588, -61.0302,  6343.8345, -3364.4883, -61.0302,  240, 240, 240
L 6343.8345, -3364.4883, -61.0302,  6375.1196, -3448.0889, -61.0302,  240, 240, 240
L 6375.1196, -3448.0889, -61.0302,  6351.7090, -3471.6021, -61.0302,  240, 240, 240
L 6351.7090, -3471.6021, -61.0302,  6395.5142, -3518.3196, -61.0302,  240, 240, 240
L 6395.5142, -3518.3196, -61.0302,  6459.4922, -3510.3003, -61.0302,  240, 240, 240
L 6459.4922, -3510.3003, -61.0302,  6513.2017, -3530.0928, -61.0302,  240, 240, 240
L 6513.2017, -3530.0928, -61.0302,  6546.3257, -3583.3003, -61.0302,  240, 240, 240
L 6546.3257, -3583.3003, -61.0302,  6616.6147, -3597.8748, -61.0302,  240, 240, 240
L 6616.6147, -3597.8748, -61.0302,  6716.2188, -3597.8750, -61.0302,  240, 240, 240
L 6716.2188, -3597.8750, -61.0302,  6733.1323, -3561.2227, -61.0302,  240, 240, 240
L 6733.1323, -3561.2227, -61.0302,  6734.2822, -3559.3948, -61.0302,  240, 240, 240
L 6734.2822, -3559.3948, -61.0302,  6848.5854, -3497.8909, -48.9337,  240, 240, 240
L 6848.5854, -3497.8909, -48.9337,  6839.8389, -3445.2859, -61.0302,  240, 240, 240
L 6839.8389, -3445.2859, -61.0302,  6857.6519, -3368.1753, -61.0302,  240, 240, 240
L 6857.6519, -3368.1753, -61.0302,  6911.4810, -3330.7244, -61.0302,  240, 240, 240
L 6911.4810, -3330.7244, -61.0302,  6939.6138, -3260.1663, -61.0302,  240, 240, 240
L 6939.6138, -3260.1663, -61.0302,  6928.2100, -3186.0540, -61.0302,  240, 240, 240
L 6928.2100, -3186.0540, -61.0302,  6939.8608, -3098.2637, -61.0302,  240, 240, 240
L 6939.8608, -3098.2637, -61.0302,  6975.2710, -2935.6094, -61.0302,  240, 240, 240
L 6975.2710, -2935.6094, -61.0302,  6938.0459, -2905.7813, -61.0302,  240, 240, 240
L 6938.0459, -2905.7813, -61.0302,  6886.5522, -2890.7439, -61.0302,  240, 240, 240
L 6886.5522, -2890.7439, -61.0302,  6851.7271, -2831.7620, -61.0302,  240, 240, 240
L 6851.7271, -2831.7620, -61.0302,  6882.5488, -2787.3511, -61.0302,  240, 240, 240
L 6882.5488, -2787.3511, -61.0302,  6942.9258, -2776.0918, -61.0302,  240, 240, 240
L 6942.9258, -2776.0918, -61.0302,  6946.2568, -2731.6492, -61.0302,  240, 240, 240
L 6946.2568, -2731.6492, -61.0302,  6981.1494, -2696.7571, -61.0302,  240, 240, 240
L 6981.1494, -2696.7571, -61.0302,  6973.9326, -2536.3018, -60.5554,  240, 240, 240
L 6973.9326, -2536.3018, -60.5554,  6981.4219, -2507.7576, -60.4365,  240, 240, 240
L 6981.4219, -2507.7576, -60.4365,  7009.9976, -2493.4705, -60.4365,  240, 240, 240
L 7009.9976, -2493.4705, -60.4365,  7058.6484, -2443.1565, -60.4365,  240, 240, 240
L 7058.6484, -2443.1565, -60.4365,  7076.2344, -2377.8894, -60.4365,  240, 240, 240
L 7076.2344, -2377.8894, -60.4365,  7063.5684, -2309.1226, -60.4365,  240, 240, 240
L 7063.5684, -2309.1226, -60.4365,  6978.8403, -2264.9070, -60.4365,  240, 240, 240
L 6978.8403, -2264.9070, -60.4365,  6956.6602, -2250.1514, -60.4365,  240, 240, 240
L 6956.6602, -2250.1514, -60.4365,  6956.3115, -2233.9893, -60.4365,  240, 240, 240
L 6956.3115, -2233.9893, -60.4365,  6956.6309, -2232.2500, -60.4365,  240, 240, 240
L 6956.6309, -2232.2500, -60.4365,  6963.0923, -2217.7942, -60.4365,  240, 240, 240
L 6963.0923, -2217.7942, -60.4365,  6965.0137, -2214.7400, -60.4365,  240, 240, 240
L 6965.0137, -2214.7400, -60.4365,  6987.7935, -2185.4048, -60.4365,  240, 240, 240
L 6987.7935, -2185.4048, -60.4365,  6989.5854, -2126.1167, -60.4365,  240, 240, 240
L 6989.5854, -2126.1167, -60.4365,  6929.4648, -2099.8787, -60.4365,  240, 240, 240
L 6929.4648, -2099.8787, -60.4365,  6896.9688, -2087.0596, -60.4365,  240, 240, 240
L 6896.9688, -2087.0596, -60.4365,  6895.9048, -2067.5286, -60.4365,  240, 240, 240
L 6895.9048, -2067.5286, -60.4365,  6924.9961, -2025.8176, -60.4365,  240, 240, 240
L 6924.9961, -2025.8176, -60.4365,  6962.4326, -1976.0221, -60.4365,  240, 240, 240
L 6962.4326, -1976.0221, -60.4365,  6971.5625, -1943.8187, -60.4623,  240, 240, 240
L 6971.5625, -1943.8187, -60.4623,  6973.0547, -1899.9838, -61.6808,  240, 240, 240
L 6616.9810, -1745.4375, -49.5442,  6616.9243, -1702.6011, -21.3863,  240, 240, 240
L 6616.9243, -1702.6011, -21.3863,  6564.4268, -1693.7721, -63.2802,  240, 240, 240
L 6564.4268, -1693.7721, -63.2802,  6566.8975, -1655.4009, -63.2802,  240, 240, 240
L 6566.8975, -1655.4009, -63.2802,  6466.1191, -1654.2433, -61.0488,  240, 240, 240
L 6466.1191, -1654.2433, -61.0488,  6467.1885, -1603.6049, -50.9984,  240, 240, 240
L 6467.1885, -1603.6049, -50.9984,  6413.8892, -1602.5347, -63.0440,  240, 240, 240
L 6413.8892, -1602.5347, -63.0440,  6416.9868, -1586.4315, -60.6688,  240, 240, 240
L 6416.9868, -1586.4315, -60.6688,  6417.3203, -1552.9464, -54.1071,  240, 240, 240
L 6417.3203, -1552.9464, -54.1071,  6416.6919, -1504.2572, -27.2109,  240, 240, 240
L 6416.6919, -1504.2572, -27.2109,  6397.0400, -1502.1940, -31.9362,  240, 240, 240
L 6397.0400, -1502.1940, -31.9362,  6373.8218, -1500.4773, -40.8946,  240, 240, 240
L 6373.8218, -1500.4773, -40.8946,  6356.7021, -1500.1940, -59.4388,  240, 240, 240
L 6356.7021, -1500.1940, -59.4388,  6334.9697, -1504.5105, -63.2802,  240, 240, 240
L 6334.9697, -1504.5105, -63.2802,  6318.1519, -1503.7753, -62.8970,  240, 240, 240
L 6318.1519, -1503.7753, -62.8970,  6315.8384, -1495.5116, -60.7056,  240, 240, 240
L 6315.8384, -1495.5116, -60.7056,  6317.2231, -1472.7449, -53.8874,  240, 240, 240
L 6317.2231, -1472.7449, -53.8874,  6318.1572, -1453.4456, -45.4313,  240, 240, 240
L 6318.1572, -1453.4456, -45.4313,  6316.1768, -1440.3864, -52.2718,  240, 240, 240
L 6316.1768, -1440.3864, -52.2718,  6316.1450, -1419.6383, -58.2389,  240, 240, 240
L 6316.1450, -1419.6383, -58.2389,  6322.7114, -1397.1747, -62.4945,  240, 240, 240
L 6322.7114, -1397.1747, -62.4945,  6350.9253, -1370.1635, -62.9755,  240, 240, 240
L 6350.9253, -1370.1635, -62.9755,  6373.3262, -1348.9921, -62.5669,  240, 240, 240
L 6373.3262, -1348.9921, -62.5669,  6403.0000, -1317.7941, -63.2802,  240, 240, 240
L 6403.0000, -1317.7941, -63.2802,  6425.6592, -1294.6090, -63.1937,  240, 240, 240
L 6425.6592, -1294.6090, -63.1937,  6451.0107, -1269.8494, -62.9767,  240, 240, 240
L 6451.0107, -1269.8494, -62.9767,  6466.2905, -1254.4508, -62.8504,  240, 240, 240
L 6466.2905, -1254.4508, -62.8504,  6445.7129, -1254.0132, -62.4160,  240, 240, 240
L 6445.7129, -1254.0132, -62.4160,  6416.3042, -1254.0254, -63.1782,  240, 240, 240
L 6416.3042, -1254.0254, -63.1782,  6415.9268, -1239.2178, -52.9794,  240, 240, 240
L 6415.9268, -1239.2178, -52.9794,  6414.8228, -1204.6663, -30.1401,  240, 240, 240
L 6414.8228, -1204.6663, -30.1401,  6422.3145, -1195.5194, -33.8003,  240, 240, 240
L 6422.3145, -1195.5194, -33.8003,  6442.9795, -1172.2942, -48.4175,  240, 240, 240
L 6442.9795, -1172.2942, -48.4175,  6464.2139, -1155.6793, -58.6772,  240, 240, 240
L 6464.2139, -1155.6793, -58.6772,  6489.9043, -1130.0392, -61.4448,  240, 240, 240
L 6489.9043, -1130.0392, -61.4448,  6516.7939, -1103.6724, -63.2444,  240, 240, 240
L 6516.7939, -1103.6724, -63.2444,  6516.6816, -1078.2007, -61.2544,  240, 240, 240
L 6516.6816, -1078.2007, -61.2544,  6516.4854, -1056.2190, -59.5371,  240, 240, 240
L 6516.4854, -1056.2190, -59.5371,  6464.1670, -1054.2020, -63.2802,  240, 240, 240
L 6464.1670, -1054.2020, -63.2802,  6466.6782, -1005.4131, -63.2802,  240, 240, 240
L 6466.6782, -1005.4131, -63.2802,  6413.5425, -1003.1754, -63.2056,  240, 240, 240
L 6413.5425, -1003.1754, -63.2056,  6417.1304, -954.0837, -58.9356,  240, 240, 240
L 6417.1304, -954.0837, -58.9356,  6366.9619, -954.2668, -63.2597,  240, 240, 240
L 6366.9619, -954.2668, -63.2597,  6367.3560, -901.1255, -49.1692,  240, 240, 240
L 6367.3560, -901.1255, -49.1692,  6366.0103, -856.2386, -62.9971,  240, 240, 240
L 6366.0103, -856.2386, -62.9971,  6418.3433, -802.7444, -57.8917,  240, 240, 240
L 6418.3433, -802.7444, -57.8917,  6466.4927, -754.2493, -62.8341,  240, 240, 240
L 6466.4927, -754.2493, -62.8341,  6466.2803, -718.3577, -63.1599,  240, 240, 240
L 6466.2803, -718.3577, -63.1599,  6468.6284, -702.0430, -63.2802,  240, 240, 240
L 6468.6284, -702.0430, -63.2802,  6517.6816, -653.8676, -61.6576,  240, 240, 240
L 6517.6816, -653.8676, -61.6576,  6465.1021, -653.8878, -63.2204,  240, 240, 240
L 6465.1021, -653.8878, -63.2204,  6465.4224, -604.9822, -51.9063,  240, 240, 240
L 6465.4224, -604.9822, -51.9063,  6365.8286, -604.1396, -63.2794,  240, 240, 240
L 6365.8286, -604.1396, -63.2794,  6367.0015, -529.2681, -47.7224,  240, 240, 240
L 6367.0015, -529.2681, -47.7224,  6367.1440, -500.8834, -44.5741,  240, 240, 240
L 6367.1440, -500.8834, -44.5741,  6366.9419, -462.9834, -56.5254,  240, 240, 240
L 6366.9419, -462.9834, -56.5254,  6419.2383, -401.7885, -28.4446,  240, 240, 240
L 6419.2383, -401.7885, -28.4446,  6468.8853, -352.5045, -59.4283,  240, 240, 240
L 6468.8853, -352.5045, -59.4283,  6532.3521, -340.8077, -37.1765,  240, 240, 240
L 6532.3521, -340.8077, -37.1765,  6565.5313, -302.9909, -62.6382,  240, 240, 240
L 6565.5313, -302.9909, -62.6382,  6565.5273, -254.3196, -36.8391,  240, 240, 240
L 6565.5273, -254.3196, -36.8391,  6523.3979, -254.0907, -58.5057,  240, 240, 240
L 6523.3979, -254.0907, -58.5057,  6464.3145, -254.0989, -63.2802,  240, 240, 240
L 6464.3145, -254.0989, -63.2802,  6466.2725, -204.8088, -63.2802,  240, 240, 240
L 6466.2725, -204.8088, -63.2802,  6419.6011, -204.0200, -63.2512,  240, 240, 240
L 6419.6011, -204.0200, -63.2512,  6417.2188, -153.2391, -63.2802,  240, 240, 240
L 6417.2188, -153.2391, -63.2802,  6565.5313, -4.7010, -63.2802,  240, 240, 240
L 6565.5313, -4.7010, -63.2802,  6565.5308, 8.1387, -62.3218,  240, 240, 240
L 6565.5308, 8.1387, -62.3218,  6565.5308, 40.2006, -59.8171,  240, 240, 240
L 6565.5308, 40.2006, -59.8171,  6517.1309, 99.8466, -62.7876,  240, 240, 240
L 6517.1309, 99.8466, -62.7876,  6516.0986, 120.8577, -60.1874,  240, 240, 240
L 6516.0986, 120.8577, -60.1874,  6513.0405, 145.2805, -57.5260,  240, 240, 240
L 6513.0405, 145.2805, -57.5260,  6470.0811, 145.5386, -61.7966,  240, 240, 240
L 6470.0811, 145.5386, -61.7966,  6466.8184, 146.6197, -62.0746,  240, 240, 240
L 6466.8184, 146.6197, -62.0746,  6466.9380, 196.5815, -58.2649,  240, 240, 240
L 6466.9380, 196.5815, -58.2649,  6466.3857, 245.7088, -62.1432,  240, 240, 240
L 6466.3857, 245.7088, -62.1432,  6465.8481, 292.8703, -61.7151,  240, 240, 240
L 6465.8481, 292.8703, -61.7151,  6366.7349, 295.4070, -62.8470,  240, 240, 240
L 6366.7349, 295.4070, -62.8470,  6366.4517, 330.3632, -59.6344,  240, 240, 240
L 6366.4517, 330.3632, -59.6344,  6367.2988, 399.3814, -52.2327,  240, 240, 240
L 6367.2988, 399.3814, -52.2327,  6417.2686, 445.7546, -20.2184,  240, 240, 240
L 6417.2686, 445.7546, -20.2184,  6356.5493, 448.6856, -45.1496,  240, 240, 240
L 6356.5493, 448.6856, -45.1496,  6316.8154, 445.7859, -63.2802,  240, 240, 240
L 6316.8154, 445.7859, -63.2802,  6288.3369, 446.0591, -63.0477,  240, 240, 240
L 6288.3369, 446.0591, -63.0477,  6265.9375, 445.7958, -63.3856,  240, 240, 240
L 6265.9375, 445.7958, -63.3856,  6263.4194, 496.9629, -47.6717,  240, 240, 240
L 6263.4194, 496.9629, -47.6717,  6315.4678, 544.6526, -62.8439,  240, 240, 240
L 6315.4678, 544.6526, -62.8439,  6366.3188, 546.0027, -61.9640,  240, 240, 240
L 6366.3188, 546.0027, -61.9640,  6515.7422, 694.1672, -63.1322,  240, 240, 240
L 6515.7422, 694.1672, -63.1322,  6516.6284, 745.7808, -63.2802,  240, 240, 240
L 6516.6284, 745.7808, -63.2802,  6467.1670, 745.7388, -63.2802,  240, 240, 240
L 6467.1670, 745.7388, -63.2802,  6468.4492, 795.6749, -41.5932,  240, 240, 240
L 6468.4492, 795.6749, -41.5932,  6415.8574, 795.9242, -59.2736,  240, 240, 240
L 6415.8574, 795.9242, -59.2736,  6387.6797, 795.9199, -61.4397,  240, 240, 240
L 6387.6797, 795.9199, -61.4397,  6364.9771, 796.6592, -63.2802,  240, 240, 240
L 6364.9771, 796.6592, -63.2802,  6366.7842, 846.5024, -63.2802,  240, 240, 240
L 6366.7842, 846.5024, -63.2802,  6467.1792, 945.7620, -48.9506,  240, 240, 240
L 6467.1792, 945.7620, -48.9506,  6368.1812, 945.6631, -61.0085,  240, 240, 240
L 6368.1812, 945.6631, -61.0085,  6315.4824, 946.1225, -63.2802,  240, 240, 240
L 6315.4824, 946.1225, -63.2802,  6316.9907, 980.7729, -63.2802,  240, 240, 240
L 6316.9907, 980.7729, -63.2802,  6316.8184, 995.0228, -63.2802,  240, 240, 240
L 6316.8184, 995.0228, -63.2802,  6367.0449, 1046.3191, -57.8772,  240, 240, 240
L 6367.0449, 1046.3191, -57.8772,  6365.1104, 1090.6892, -62.8975,  240, 240, 240
L 6365.1104, 1090.6892, -62.8975,  6366.1523, 1108.8528, -63.4449,  240, 240, 240
L 6366.1523, 1108.8528, -63.4449,  6366.5542, 1157.0868, -63.4318,  240, 240, 240
L 6366.5542, 1157.0868, -63.4318,  6416.9937, 1185.1958, -21.6220,  240, 240, 240
L 6416.9937, 1185.1958, -21.6220,  6416.1362, 1211.5858, -34.3630,  240, 240, 240
L 6416.1362, 1211.5858, -34.3630,  6418.8926, 1250.9452, -56.2582,  240, 240, 240
L 6418.8926, 1250.9452, -56.2582,  6455.3530, 1285.5175, -61.6199,  240, 240, 240
L 6455.3530, 1285.5175, -61.6199,  6467.8501, 1296.5663, -63.2802,  240, 240, 240
L 6467.8501, 1296.5663, -63.2802,  6513.7764, 1296.0344, -63.2802,  240, 240, 240
L 6513.7764, 1296.0344, -63.2802,  6553.9023, 1297.5945, -44.9664,  240, 240, 240
L 6553.9023, 1297.5945, -44.9664,  6555.9590, 1302.0232, -43.3669,  240, 240, 240
L 6555.9590, 1302.0232, -43.3669,  6559.3145, 1315.3556, -39.9478,  240, 240, 240
L 6559.3145, 1315.3556, -39.9478,  6567.0400, 1312.6707, -36.4773,  240, 240, 240
L 6567.0400, 1312.6707, -36.4773,  6567.0327, 1345.1030, -32.2047,  240, 240, 240
L 6567.0327, 1345.1030, -32.2047,  6549.9692, 1343.7511, -42.2943,  240, 240, 240
L 6549.9692, 1343.7511, -42.2943,  6522.8311, 1346.4163, -56.6925,  240, 240, 240
L 6522.8311, 1346.4163, -56.6925,  6518.5337, 1345.9968, -61.2683,  240, 240, 240
L 6518.5337, 1345.9968, -61.2683,  6516.4067, 1347.9740, -62.6356,  240, 240, 240
L 6516.4067, 1347.9740, -62.6356,  6516.9878, 1396.5905, -45.9008,  240, 240, 240
L 6516.9878, 1396.5905, -45.9008,  6494.7236, 1395.4807, -54.2825,  240, 240, 240
L 6494.7236, 1395.4807, -54.2825,  6464.1602, 1395.3698, -62.1847,  240, 240, 240
L 6464.1602, 1395.3698, -62.1847,  6416.5767, 1395.9397, -63.2306,  240, 240, 240
L 6416.5767, 1395.9397, -63.2306,  6416.6016, 1445.4730, -38.9680,  240, 240, 240
L 6416.6016, 1445.4730, -38.9680,  6367.7676, 1445.0050, -53.0635,  240, 240, 240
L 6367.7676, 1445.0050, -53.0635,  6366.6890, 1447.5332, -53.0818,  240, 240, 240
L 6366.6890, 1447.5332, -53.0818,  6367.6279, 1495.5005, -46.3396,  240, 240, 240
L 6367.6279, 1495.5005, -46.3396,  6317.8516, 1446.0310, -63.1286,  240, 240, 240
L 6317.8516, 1446.0310, -63.1286,  6290.3501, 1445.7645, -63.2802,  240, 240, 240
L 6290.3501, 1445.7645, -63.2802,  6260.8643, 1445.7637, -62.5328,  240, 240, 240
L 6260.8643, 1445.7637, -62.5328,  6218.9795, 1445.5442, -57.5590,  240, 240, 240
L 6218.9795, 1445.5442, -57.5590,  6166.6963, 1394.9319, -61.0331,  240, 240, 240
L 6166.6963, 1394.9319, -61.0331,  6116.8423, 1395.1947, -56.0826,  240, 240, 240
L 6116.8423, 1395.1947, -56.0826,  6115.6841, 1440.9402, -62.8502,  240, 240, 240
L 6115.6841, 1440.9402, -62.8502,  6116.5352, 1490.7141, -63.2802,  240, 240, 240
L 6116.5352, 1490.7141, -63.2802,  6064.7266, 1496.0055, -63.2697,  240, 240, 240
L 6064.7266, 1496.0055, -63.2697,  6066.8765, 1543.5713, -59.5541,  240, 240, 240
L 6066.8765, 1543.5713, -59.5541,  5968.0732, 1545.1702, -63.2802,  240, 240, 240
L 5968.0732, 1545.1702, -63.2802,  5912.7935, 1545.1555, -43.0486,  240, 240, 240
L 5912.7935, 1545.1555, -43.0486,  5876.1519, 1445.9451, -93.0938,  240, 240, 240
L 5876.1519, 1445.9451, -93.0938,  5843.3682, 1446.8638, -95.7530,  240, 240, 240
L 5843.3682, 1446.8638, -95.7530,  5797.1382, 1446.0757, -98.2918,  240, 240, 240
L 5797.1382, 1446.0757, -98.2918,  5749.5054, 1501.0707, -70.2740,  240, 240, 240
L 5749.5054, 1501.0707, -70.2740,  5721.0156, 1549.0868, -62.9543,  240, 240, 240
L 5721.0156, 1549.0868, -62.9543,  5667.6504, 1595.8914, -62.2901,  240, 240, 240
L 5667.6504, 1595.8914, -62.2901,  5667.3145, 1542.7792, -63.5224,  240, 240, 240
L 5667.3145, 1542.7792, -63.5224,  5615.9092, 1494.5062, -63.6922,  240, 240, 240
L 5615.9092, 1494.5062, -63.6922,  5568.1392, 1495.3206, -62.3228,  240, 240, 240
L 5568.1392, 1495.3206, -62.3228,  5518.7095, 1496.0281, -62.7329,  240, 240, 240
L 5518.7095, 1496.0281, -62.7329,  5461.8589, 1443.1703, -82.9974,  240, 240, 240
L 5461.8589, 1443.1703, -82.9974,  5418.7808, 1446.6266, -66.4312,  240, 240, 240
L 5418.7808, 1446.6266, -66.4312,  5373.4170, 1395.9613, -102.2472,  240, 240, 240
L 5373.4170, 1395.9613, -102.2472,  5319.5684, 1394.4520, -98.1675,  240, 240, 240
L 5319.5684, 1394.4520, -98.1675,  5267.1602, 1447.2177, -59.9138,  240, 240, 240
L 5267.1602, 1447.2177, -59.9138,  5212.6328, 1444.2067, -50.7303,  240, 240, 240
L 5212.6328, 1444.2067, -50.7303,  5168.6377, 1445.3799, -59.0356,  240, 240, 240
L 5168.6377, 1445.3799, -59.0356,  5117.1758, 1445.6082, -63.2802,  240, 240, 240
L 5117.1758, 1445.6082, -63.2802,  5118.8301, 1496.2406, -46.4519,  240, 240, 240
L 5118.8301, 1496.2406, -46.4519,  5065.5835, 1442.8040, -59.4808,  240, 240, 240
L 5065.5835, 1442.8040, -59.4808,  5018.2334, 1395.2559, -59.5937,  240, 240, 240
L 5018.2334, 1395.2559, -59.5937,  5017.4634, 1343.7255, -72.3887,  240, 240, 240
L 5017.4634, 1343.7255, -72.3887,  5003.5059, 1331.2379, -78.8124,  240, 240, 240
L 5003.5059, 1331.2379, -78.8124,  4969.4434, 1296.3467, -98.2871,  240, 240, 240
L 4969.4434, 1296.3467, -98.2871,  4918.1826, 1296.5021, -74.1409,  240, 240, 240
L 4918.1826, 1296.5021, -74.1409,  4818.8809, 1296.4600, -102.8608,  240, 240, 240
L 4818.8809, 1296.4600, -102.8608,  4767.2837, 1297.0377, -106.4604,  240, 240, 240
L 4767.2837, 1297.0377, -106.4604,  4765.7856, 1351.0409, -117.0463,  240, 240, 240
L 4765.7856, 1351.0409, -117.0463,  4767.1758, 1396.0597, -109.9271,  240, 240, 240
L 4767.1758, 1396.0597, -109.9271,  4718.2573, 1402.9198, -119.3332,  240, 240, 240
L 4718.2573, 1402.9198, -119.3332,  4717.8608, 1500.8230, -71.5508,  240, 240, 240
L 4717.8608, 1500.8230, -71.5508,  4716.7534, 1545.5200, -55.5918,  240, 240, 240
L 4716.7534, 1545.5200, -55.5918,  4664.8682, 1545.5393, -63.8231,  240, 240, 240
L 4664.8682, 1545.5393, -63.8231,  4666.0630, 1596.6504, -63.2282,  240, 240, 240
L 4666.0630, 1596.6504, -63.2282,  4618.2388, 1594.3668, -77.3422,  240, 240, 240
L 4618.2388, 1594.3668, -77.3422,  4551.5938, 1595.6115, -103.0802,  240, 240, 240
L 4556.2397, 1595.5248, -103.0802,  4556.2397, 1595.5248, -103.0802,  240, 240, 240
L 4272.1392, 1645.7787, -104.4052,  4267.1860, 1645.6851, -90.5622,  240, 240, 240
L 4267.1860, 1645.6851, -90.5622,  4166.6187, 1595.1471, -74.8798,  240, 240, 240
L 4166.6187, 1595.1471, -74.8798,  4115.3467, 1544.4542, -68.3351,  240, 240, 240
L 4115.3467, 1544.4542, -68.3351,  4067.3843, 1549.3330, -100.5837,  240, 240, 240
L 4067.3843, 1549.3330, -100.5837,  4015.1128, 1546.2450, -72.3753,  240, 240, 240
L 4015.1128, 1546.2450, -72.3753,  3966.3528, 1545.8518, -63.2802,  240, 240, 240
L 3966.3528, 1545.8518, -63.2802,  3966.8672, 1594.1251, -63.2802,  240, 240, 240
L 3966.8672, 1594.1251, -63.2802,  3942.3650, 1595.9998, -62.8376,  240, 240, 240
L 3942.3650, 1595.9998, -62.8376,  3819.5657, 1596.1937, -59.0646,  240, 240, 240
L 3819.5657, 1596.1937, -59.0646,  3764.8086, 1544.0770, -63.2802,  240, 240, 240
L 3764.8086, 1544.0770, -63.2802,  3718.3965, 1545.6498, -63.2802,  240, 240, 240
L 3718.3965, 1545.6498, -63.2802,  3666.6177, 1494.8384, -63.2802,  240, 240, 240
L 3666.6177, 1494.8384, -63.2802,  3636.7146, 1472.4280, -53.1650,  240, 240, 240
L 3636.7146, 1472.4280, -53.1650,  3615.6543, 1444.3185, -63.2787,  240, 240, 240
L 3615.6543, 1444.3185, -63.2787,  3566.1050, 1445.6588, -59.2446,  240, 240, 240
L 3566.1050, 1445.6588, -59.2446,  3518.1880, 1445.7036, -51.7470,  240, 240, 240
L 3518.1880, 1445.7036, -51.7470,  3465.9500, 1445.7482, -47.7309,  240, 240, 240
L 3465.9500, 1445.7482, -47.7309,  3423.3892, 1445.8955, -50.4176,  240, 240, 240
L 3423.3892, 1445.8955, -50.4176,  3370.5486, 1445.7551, -55.1346,  240, 240, 240
L 3370.5486, 1445.7551, -55.1346,  3317.5132, 1446.2466, -58.5872,  240, 240, 240
L 3317.5132, 1446.2466, -58.5872,  3317.3335, 1495.1156, -58.9368,  240, 240, 240
L 3317.3335, 1495.1156, -58.9368,  3263.3699, 1496.4290, -63.2802,  240, 240, 240
L 3263.3699, 1496.4290, -63.2802,  3267.5596, 1545.0613, -62.8670,  240, 240, 240
L 3267.5596, 1545.0613, -62.8670,  3166.4551, 1445.0829, -63.2802,  240, 240, 240
L 3166.4551, 1445.0829, -63.2802,  3121.4263, 1445.6322, -63.2802,  240, 240, 240
L 3121.4263, 1445.6322, -63.2802,  3016.0564, 1445.8600, -63.2615,  240, 240, 240
L 3016.0564, 1445.8600, -63.2615,  3013.8169, 1494.2310, -34.1284,  240, 240, 240
L 3013.8169, 1494.2310, -34.1284,  2993.7039, 1497.4618, -40.3083,  240, 240, 240
L 2993.7039, 1497.4618, -40.3083,  2963.8152, 1499.4015, -59.0509,  240, 240, 240
L 2963.8152, 1499.4015, -59.0509,  2944.4966, 1546.9824, -8.7807,  240, 240, 240
L 2944.4966, 1546.9824, -8.7807,  2906.5452, 1543.1978, -30.0656,  240, 240, 240
L 2906.5452, 1543.1978, -30.0656,  2876.8289, 1544.2130, -51.7699,  240, 240, 240
L 2876.8289, 1544.2130, -51.7699,  2838.3223, 1546.4525, -59.9028,  240, 240, 240
L 2838.3223, 1546.4525, -59.9028,  2769.5901, 1545.8895, -63.1237,  240, 240, 240
L 2769.5901, 1545.8895, -63.1237,  2713.9744, 1546.2754, -62.6859,  240, 240, 240
L 2713.9744, 1546.2754, -62.6859,  2667.0691, 1545.2017, -63.2802,  240, 240, 240
L 2667.0691, 1545.2017, -63.2802,  2668.3013, 1596.4701, -32.7558,  240, 240, 240
L 2668.3013, 1596.4701, -32.7558,  2616.0938, 1545.4768, -63.0391,  240, 240, 240
L 2616.0938, 1545.4768, -63.0391,  2567.1023, 1545.4650, -47.4772,  240, 240, 240
L 2567.1023, 1545.4650, -47.4772,  2567.6990, 1497.2941, -62.9704,  240, 240, 240
L 2567.6990, 1497.2941, -62.9704,  2516.9805, 1445.9320, -62.6300,  240, 240, 240
L 2516.9805, 1445.9320, -62.6300,  2456.3538, 1445.7905, -63.1447,  240, 240, 240
L 2456.3538, 1445.7905, -63.1447,  2394.0828, 1445.3328, -59.7052,  240, 240, 240
L 2394.0828, 1445.3328, -59.7052,  2354.3694, 1444.5239, -57.3019,  240, 240, 240
L 2354.3694, 1444.5239, -57.3019,  2315.6072, 1445.4242, -63.2802,  240, 240, 240
L 2315.6072, 1445.4242, -63.2802,  2264.4170, 1445.6277, -63.2802,  240, 240, 240
L 2264.4170, 1445.6277, -63.2802,  2266.3887, 1495.3325, -55.5740,  240, 240, 240
L 2266.3887, 1495.3325, -55.5740,  2217.5298, 1495.8119, -59.1127,  240, 240, 240
L 2217.5298, 1495.8119, -59.1127,  2182.4878, 1461.4459, -61.2476,  240, 240, 240
L 2182.4878, 1461.4459, -61.2476,  2143.9368, 1422.9916, -61.7091,  240, 240, 240
L 2143.9368, 1422.9916, -61.7091,  2114.7957, 1394.3455, -63.2095,  240, 240, 240
L 2114.7957, 1394.3455, -63.2095,  2068.9358, 1395.5719, -59.5309,  240, 240, 240
L 2068.9358, 1395.5719, -59.5309,  2017.8795, 1396.0741, -62.3763,  240, 240, 240
L 2017.8795, 1396.0741, -62.3763,  1966.3516, 1345.5404, -59.0030,  240, 240, 240
L 1966.3516, 1345.5404, -59.0030,  1918.1448, 1346.4762, -27.7052,  240, 240, 240
L 1918.1448, 1346.4762, -27.7052,  1917.4060, 1282.0840, -62.4472,  240, 240, 240
L 1917.4060, 1282.0840, -62.4472,  1917.0188, 1241.9457, -63.5636,  240, 240, 240
L 1917.0188, 1241.9457, -63.5636,  1860.5465, 1188.3506, -63.3447,  240, 240, 240
L 1860.5465, 1188.3506, -63.3447,  1816.9917, 1145.1670, -63.3169,  240, 240, 240
L 1816.9917, 1145.1670, -63.3169,  1767.6436, 1147.0438, -42.4528,  240, 240, 240
L 1767.6436, 1147.0438, -42.4528,  1761.2655, 1144.7666, -44.9299,  240, 240, 240
L 1761.2655, 1144.7666, -44.9299,  1664.4221, 1145.7316, -51.9433,  240, 240, 240
L 1664.4221, 1145.7316, -51.9433,  1616.7100, 1143.6847, -59.5446,  240, 240, 240
L 1616.7100, 1143.6847, -59.5446,  1588.7533, 1118.4098, -60.9670,  240, 240, 240
L 1588.7533, 1118.4098, -60.9670,  1554.7083, 1083.8877, -62.6890,  240, 240, 240
L 1554.7083, 1083.8877, -62.6890,  1517.9132, 1045.7184, -62.1348,  240, 240, 240
L 1517.9132, 1045.7184, -62.1348,  1469.1096, 1044.6935, -51.3580,  240, 240, 240
L 1469.1096, 1044.6935, -51.3580,  1440.5956, 1019.1324, -51.0047,  240, 240, 240
L 1440.5956, 1019.1324, -51.0047,  1418.1205, 996.6605, -51.1273,  240, 240, 240
L 1418.1205, 996.6605, -51.1273,  1416.9376, 949.0071, -59.4589,  240, 240, 240
L 1416.9376, 949.0071, -59.4589,  1466.4492, 945.8245, -63.1802,  240, 240, 240
L 1466.4492, 945.8245, -63.1802,  1468.0027, 898.0319, -59.9599,  240, 240, 240
L 1468.0027, 898.0319, -59.9599,  1507.2941, 895.8127, -62.4390,  240, 240, 240
L 1507.2941, 895.8127, -62.4390,  1569.5908, 895.7437, -63.1581,  240, 240, 240
L 1569.5908, 895.7437, -63.1581,  1565.9529, 844.7711, -25.7269,  240, 240, 240
L 1565.9529, 844.7711, -25.7269,  1599.9109, 846.2228, -45.8049,  240, 240, 240
L 1599.9109, 846.2228, -45.8049,  1662.5453, 845.6552, -61.3983,  240, 240, 240
L 1662.5453, 845.6552, -61.3983,  1667.0608, 795.5145, -45.8431,  240, 240, 240
L 1667.0608, 795.5145, -45.8431,  1711.7935, 795.7911, -60.7501,  240, 240, 240
L 1711.7935, 795.7911, -60.7501,  1819.1156, 796.1639, -63.2802,  240, 240, 240
L 1819.1156, 796.1639, -63.2802,  1869.5863, 795.9319, -63.2802,  240, 240, 240
L 1869.5863, 795.9319, -63.2802,  1867.3989, 745.1132, -57.6226,  240, 240, 240
L 1867.3989, 745.1132, -57.6226,  1919.4336, 743.1153, -63.0642,  240, 240, 240
L 1919.4336, 743.1153, -63.0642,  1919.9899, 697.4296, -59.5900,  240, 240, 240
L 1919.9899, 697.4296, -59.5900,  1966.0542, 696.6321, -63.1566,  240, 240, 240
L 1966.0542, 696.6321, -63.1566,  2016.8933, 695.9009, -63.2676,  240, 240, 240
L 2016.8933, 695.9009, -63.2676,  2017.1847, 644.8954, -56.8199,  240, 240, 240
L 2017.1847, 644.8954, -56.8199,  1967.3086, 595.1290, -59.7675,  240, 240, 240
L 1967.3086, 595.1290, -59.7675,  1920.7019, 550.5768, -71.1290,  240, 240, 240
L 1920.7019, 550.5768, -71.1290,  1883.3032, 511.9459, -74.8677,  240, 240, 240
L 1883.3032, 511.9459, -74.8677,  1866.2483, 495.7103, -74.2712,  240, 240, 240
L 1866.2483, 495.7103, -74.2712,  1815.4142, 476.1274, -44.0719,  240, 240, 240
L 1815.4142, 476.1274, -44.0719,  1819.9993, 446.9944, -64.4226,  240, 240, 240
L 1819.9993, 446.9944, -64.4226,  1767.7112, 395.6869, -47.9628,  240, 240, 240
L 1767.7112, 395.6869, -47.9628,  1767.0841, 247.3328, -50.8611,  240, 240, 240
L 1767.0841, 247.3328, -50.8611,  1821.8716, 228.3287, -91.8603,  240, 240, 240
L 1821.8716, 228.3287, -91.8603,  1816.9574, 193.4313, -80.3973,  240, 240, 240
L 1816.9574, 193.4313, -80.3973,  1817.3538, 143.5598, -47.9056,  240, 240, 240
L 1817.3538, 143.5598, -47.9056,  1859.4534, 145.0237, -62.6358,  240, 240, 240
L 1859.4534, 145.0237, -62.6358,  1917.4348, 145.6530, -55.1335,  240, 240, 240
L 1917.4348, 145.6530, -55.1335,  1918.7195, 95.1134, -37.5775,  240, 240, 240
L 1918.7195, 95.1134, -37.5775,  1969.5912, 95.7003, -52.1133,  240, 240, 240
L 1969.5912, 95.7003, -52.1133,  1967.3130, 45.5585, -50.8376,  240, 240, 240
L 1967.3130, 45.5585, -50.8376,  2018.5082, 44.7785, -63.1069,  240, 240, 240
L 2018.5082, 44.7785, -63.1069,  2018.0304, -5.3747, -53.8736,  240, 240, 240
L 2018.0304, -5.3747, -53.8736,  2070.0000, -4.1902, -59.5943,  240, 240, 240
L 2070.0000, -4.1902, -59.5943,  2069.0303, -48.2573, -62.9326,  240, 240, 240
L 2069.0303, -48.2573, -62.9326,  2066.8418, -102.3918, -58.7866,  240, 240, 240
L 2066.8418, -102.3918, -58.7866,  2067.8340, -151.9276, -62.8563,  240, 240, 240
L 2067.8340, -151.9276, -62.8563,  2119.8262, -153.7908, -55.8989,  240, 240, 240
L 2119.8262, -153.7908, -55.8989,  2117.5901, -208.0587, -63.2802,  240, 240, 240
L 2117.5901, -208.0587, -63.2802,  2117.7676, -255.6939, -63.0310,  240, 240, 240
L 2117.7676, -255.6939, -63.0310,  2117.2593, -307.2719, -55.5382,  240, 240, 240
L 2117.2593, -307.2719, -55.5382,  2117.1309, -357.5292, -59.5247,  240, 240, 240
L 2117.1309, -357.5292, -59.5247,  2068.4231, -401.8077, -21.5544,  240, 240, 240
L 2068.4231, -401.8077, -21.5544,  2066.8877, -491.3527, -26.0446,  240, 240, 240
L 2066.8877, -491.3527, -26.0446,  2066.6763, -509.1243, -30.7454,  240, 240, 240
L 2066.6763, -509.1243, -30.7454,  2080.8643, -545.9493, -60.4396,  240, 240, 240
L 2080.8643, -545.9493, -60.4396,  2016.4010, -605.4733, -63.2802,  240, 240, 240
L 2016.4010, -605.4733, -63.2802,  1911.2816, -604.0059, -63.1400,  240, 240, 240
L 1911.2816, -604.0059, -63.1400,  1859.8192, -603.6575, -63.0272,  240, 240, 240
L 1859.8192, -603.6575, -63.0272,  1814.7831, -604.4443, -63.2802,  240, 240, 240
L 1814.7831, -604.4443, -63.2802,  1766.2816, -604.3600, -63.2802,  240, 240, 240
L 1766.2816, -604.3600, -63.2802,  1763.4722, -555.8465, -50.8568,  240, 240, 240
L 1763.4722, -555.8465, -50.8568,  1724.8866, -555.9570, -59.7878,  240, 240, 240
L 1724.8866, -555.9570, -59.7878,  1679.5203, -554.4734, -62.8657,  240, 240, 240
L 1679.5203, -554.4734, -62.8657,  1639.1227, -554.4730, -62.3769,  240, 240, 240
L 1639.1227, -554.4730, -62.3769,  1617.4005, -554.4730, -61.6710,  240, 240, 240
L 1617.4005, -554.4730, -61.6710,  1566.9773, -604.9185, -63.2802,  240, 240, 240
L 1566.9773, -604.9185, -63.2802,  1519.2299, -603.1044, -62.9539,  240, 240, 240
L 1519.2299, -603.1044, -62.9539,  1419.5712, -702.2914, -63.2802,  240, 240, 240
L 1419.5712, -702.2914, -63.2802,  1379.1061, -704.4311, -63.1092,  240, 240, 240
L 1379.1061, -704.4311, -63.1092,  1334.8877, -704.1800, -58.2053,  240, 240, 240
L 1334.8877, -704.1800, -58.2053,  1315.6638, -704.4053, -55.6000,  240, 240, 240
L 1315.6638, -704.4053, -55.6000,  1169.0181, -703.9481, -62.5266,  240, 240, 240
L 1182.4031, -752.9299, -59.1805,  1368.8119, -755.1996, -39.3941,  240, 240, 240
L 1368.8119, -755.1996, -39.3941,  1415.0957, -754.7549, -38.4251,  240, 240, 240
L 1415.0957, -754.7549, -38.4251,  1467.5575, -704.7438, -63.0131,  240, 240, 240
L 1467.5575, -704.7438, -63.0131,  1468.2299, -754.1512, -58.8750,  240, 240, 240
L 1468.2299, -754.1512, -58.8750,  1523.8079, -753.4014, -44.3675,  240, 240, 240
L 1523.8079, -753.4014, -44.3675,  1569.5106, -754.7601, -31.9038,  240, 240, 240
L 1569.5106, -754.7601, -31.9038,  1643.7024, -754.4825, -29.0721,  240, 240, 240
L 1643.7024, -754.4825, -29.0721,  1691.6371, -706.3207, -61.8257,  240, 240, 240
L 1691.6371, -706.3207, -61.8257,  1818.3389, -704.3163, -63.2802,  240, 240, 240
L 1818.3389, -704.3163, -63.2802,  1817.4282, -750.9510, -63.2802,  240, 240, 240
L 1817.4282, -750.9510, -63.2802,  1818.0490, -802.7272, -61.7006,  240, 240, 240
L 1818.0490, -802.7272, -61.7006,  1875.3633, -804.2316, -63.0373,  240, 240, 240
L 1875.3633, -804.2316, -63.0373,  1917.9746, -803.7735, -63.2802,  240, 240, 240
L 1917.9746, -803.7735, -63.2802,  1969.6162, -803.9832, -63.2802,  240, 240, 240
L 1969.6162, -803.9832, -63.2802,  1967.6565, -855.0342, -63.2802,  240, 240, 240
L 1967.6565, -855.0342, -63.2802,  1921.9066, -900.2443, -63.2802,  240, 240, 240
L 1921.9066, -900.2443, -63.2802,  1893.2455, -928.2253, -57.6492,  240, 240, 240
L 1893.2455, -928.2253, -57.6492,  1863.4319, -956.4438, -51.7270,  240, 240, 240
L 1863.4319, -956.4438, -51.7270,  1817.4270, -1004.5466, -63.2802,  240, 240, 240
L 1817.4270, -1004.5466, -63.2802,  1618.6881, -1004.3986, -63.2802,  240, 240, 240
L 1618.6881, -1004.3986, -63.2802,  1567.4717, -1004.3069, -59.4070,  240, 240, 240
L 1567.4717, -1004.3069, -59.4070,  1516.9634, -1054.0031, -62.9871,  240, 240, 240
L 1516.9634, -1054.0031, -62.9871,  1467.1615, -1054.7965, -55.5073,  240, 240, 240
L 1467.1615, -1054.7965, -55.5073,  1468.5983, -1103.6393, -63.2802,  240, 240, 240
L 1468.5983, -1103.6393, -63.2802,  1417.8861, -1152.5475, -59.3042,  240, 240, 240
L 1417.8861, -1152.5475, -59.3042,  1416.7445, -1209.1272, -52.9592,  240, 240, 240
L 1416.7445, -1209.1272, -52.9592,  1365.4928, -1254.4943, -30.5926,  240, 240, 240
L 1365.4928, -1254.4943, -30.5926,  1362.8036, -1307.6438, -56.9945,  240, 240, 240
L 1362.8036, -1307.6438, -56.9945,  1316.4750, -1355.2539, -53.5152,  240, 240, 240
L 1316.4750, -1355.2539, -53.5152,  1265.2595, -1354.0814, -51.5581,  240, 240, 240
L 1265.2595, -1354.0814, -51.5581,  1241.8208, -1278.5089, -40.7778,  240, 240, 240
L 1241.8208, -1278.5089, -40.7778,  1266.6704, -1241.1515, -26.4243,  240, 240, 240
L 1266.6704, -1241.1515, -26.4243,  1266.4397, -1155.9160, -32.8435,  240, 240, 240
L 1266.4397, -1155.9160, -32.8435,  1214.4153, -1152.3064, -62.4531,  240, 240, 240
L 1214.4153, -1152.3064, -62.4531,  1166.8938, -1153.4707, -63.2802,  240, 240, 240
L 1166.8938, -1153.4707, -63.2802,  1166.9258, -1107.2139, -63.2802,  240, 240, 240
L 1166.9258, -1107.2139, -63.2802,  1167.5967, -1054.0756, -54.1667,  240, 240, 240
L 1167.5967, -1054.0756, -54.1667,  1151.3418, -1055.4031, -57.8155,  240, 240, 240
L 1151.3418, -1055.4031, -57.8155,  1117.3761, -1055.1682, -63.1801,  240, 240, 240
L 1117.3761, -1055.1682, -63.1801,  1041.7859, -1054.1355, -63.2138,  240, 240, 240
L 1041.7859, -1054.1355, -63.2138,  968.6519, -1054.7448, -63.2802,  240, 240, 240
L 968.6519, -1054.7448, -63.2802,  915.6674, -1104.1935, -63.1251,  240, 240, 240
L 915.6674, -1104.1935, -63.1251,  867.2300, -1105.3446, -59.4662,  240, 240, 240
L 867.2300, -1105.3446, -59.4662,  867.1021, -1255.8777, -63.1246,  240, 240, 240
L 867.1021, -1255.8777, -63.1246,  867.4020, -1302.1880, -63.2802,  240, 240, 240
L 867.4020, -1302.1880, -63.2802,  914.7784, -1303.3317, -63.2802,  240, 240, 240
L 914.7784, -1303.3317, -63.2802,  917.6649, -1353.8119, -43.9050,  240, 240, 240
L 917.6649, -1353.8119, -43.9050,  966.2782, -1353.4204, -58.9264,  240, 240, 240
L 966.2782, -1353.4204, -58.9264,  1019.4088, -1354.0452, -63.2802,  240, 240, 240
L 1019.4088, -1354.0452, -63.2802,  1018.1000, -1403.2101, -63.2802,  240, 240, 240
L 1018.1000, -1403.2101, -63.2802,  1072.2936, -1406.6089, -63.2802,  240, 240, 240
L 1072.2936, -1406.6089, -63.2802,  1067.0685, -1453.3065, -63.2548,  240, 240, 240
L 1067.0685, -1453.3065, -63.2548,  1067.6814, -1554.7372, -50.5250,  240, 240, 240
L 1067.6814, -1554.7372, -50.5250,  1116.3064, -1553.0861, -59.2942,  240, 240, 240
L 1116.3064, -1553.0861, -59.2942,  1119.2272, -1577.7759, -57.6814,  240, 240, 240
L 1119.2272, -1577.7759, -57.6814,  1117.9392, -1614.0928, -56.3026,  240, 240, 240
L 1117.9392, -1614.0928, -56.3026,  1116.8761, -1699.6068, -57.7823,  240, 240, 240
L 1116.8761, -1699.6068, -57.7823,  1117.0542, -1906.2997, -63.2669,  240, 240, 240
L 1117.0542, -1906.2997, -63.2669,  1068.1702, -1953.4000, -59.4478,  240, 240, 240
L 1068.1702, -1953.4000, -59.4478,  1065.6294, -2059.0884, -62.3893,  240, 240, 240
L 1065.6294, -2059.0884, -62.3893,  1053.3074, -2068.3013, -55.6506,  240, 240, 240
L 1053.3074, -2068.3013, -55.6506,  1035.9177, -2085.7217, -46.1407,  240, 240, 240
L 1035.9177, -2085.7217, -46.1407,  1014.1376, -2107.5088, -36.0458,  240, 240, 240
L 1014.1376, -2107.5088, -36.0458,  969.4719, -2152.1724, -36.0359,  240, 240, 240
L 969.4719, -2152.1724, -36.0359,  913.8733, -2207.7234, -40.6360,  240, 240, 240
L 913.8733, -2207.7234, -40.6360,  864.6617, -2256.5120, -51.0325,  240, 240, 240
L 864.6617, -2256.5120, -51.0325,  822.8456, -2298.5308, -58.1266,  240, 240, 240
L 822.8456, -2298.5308, -58.1266,  816.5549, -2303.5347, -57.2138,  240, 240, 240
L 816.5549, -2303.5347, -57.2138,  765.9041, -2304.2935, -55.1906,  240, 240, 240
L 765.9041, -2304.2935, -55.1906,  712.4211, -2303.9197, -44.3868,  240, 240, 240
L 712.4211, -2303.9197, -44.3868,  661.2723, -2301.6067, -59.5739,  240, 240, 240
L 661.2723, -2301.6067, -59.5739,  615.6922, -2302.4104, -58.1319,  240, 240, 240
L 615.6922, -2302.4104, -58.1319,  614.3049, -2253.8926, -28.9377,  240, 240, 240
L 614.3049, -2253.8926, -28.9377,  567.4222, -2254.2034, -16.3543,  240, 240, 240
L 567.4222, -2254.2034, -16.3543,  522.0226, -2299.5774, -18.9622,  240, 240, 240
L 522.0226, -2299.5774, -18.9622,  464.6200, -2356.6006, -24.9634,  240, 240, 240
L 464.6200, -2356.6006, -24.9634,  443.6336, -2406.6912, -61.4372,  240, 240, 240
L 443.6336, -2406.6912, -61.4372,  418.4193, -2405.0708, -59.4673,  240, 240, 240
L 418.4193, -2405.0708, -59.4673,  365.2324, -2455.9275, -63.2649,  240, 240, 240
L 365.2324, -2455.9275, -63.2649,  313.7459, -2454.6685, -59.5797,  240, 240, 240
L 313.7459, -2454.6685, -59.5797,  216.4333, -2453.6912, -62.8924,  240, 240, 240
L 216.4360, -2453.4065, -62.8924,  216.9065, -2403.8733, -54.7974,  240, 240, 240
L 216.9065, -2403.8733, -54.7974,  166.4640, -2403.0408, -62.9279,  240, 240, 240
L 166.4640, -2403.0408, -62.9279,  167.0082, -2298.2349, -2.7228,  240, 240, 240
L 167.0082, -2298.2349, -2.7228,  115.3847, -2277.9185, -61.2324,  240, 240, 240
L 115.3847, -2277.9185, -61.2324,  117.9822, -2194.5701, -58.5114,  240, 240, 240
L 117.9822, -2194.5701, -58.5114,  142.5320, -2128.0398, -59.4334,  240, 240, 240
L 142.5320, -2128.0398, -59.4334,  217.7760, -2052.4324, -55.4011,  240, 240, 240
L 217.7760, -2052.4324, -55.4011,  167.0804, -2053.3660, -62.7080,  240, 240, 240
L 167.0804, -2053.3660, -62.7080,  168.3952, -1954.5935, -52.9886,  240, 240, 240
L 168.3952, -1954.5935, -52.9886,  116.8237, -1954.5631, -63.2166,  240, 240, 240
L 116.8237, -1954.5631, -63.2166,  115.9217, -1904.9667, -63.1784,  240, 240, 240
L 115.9217, -1904.9667, -63.1784,  118.0763, -1800.9589, -63.2128,  240, 240, 240
L 118.0763, -1800.9589, -63.2128,  218.5285, -1754.3286, -41.7443,  240, 240, 240
L 218.5285, -1754.3286, -41.7443,  268.3532, -1752.5801, -8.1754,  240, 240, 240
L 268.3532, -1752.5801, -8.1754,  272.8860, -1690.7179, -45.2597,  240, 240, 240
L 272.8860, -1690.7179, -45.2597,  265.1549, -1667.8081, -60.5492,  240, 240, 240
L 265.1549, -1667.8081, -60.5492,  266.9810, -1651.3333, -63.0617,  240, 240, 240
L 266.9810, -1651.3333, -63.0617,  316.8039, -1604.4749, -59.2773,  240, 240, 240
L 316.8039, -1604.4749, -59.2773,  317.1914, -1449.6172, -59.6457,  240, 240, 240
L 317.1914, -1449.6172, -59.6457,  316.8438, -1401.4757, -63.2494,  240, 240, 240
L 316.8438, -1401.4757, -63.2494,  365.6269, -1356.0209, -43.8668,  240, 240, 240
L 365.6269, -1356.0209, -43.8668,  366.4781, -1205.3285, -59.3348,  240, 240, 240
L 366.4781, -1205.3285, -59.3348,  416.0035, -1152.8534, -48.3235,  240, 240, 240
L 416.0035, -1152.8534, -48.3235,  416.8632, -1104.3380, -63.2406,  240, 240, 240
L 416.8632, -1104.3380, -63.2406,  466.3932, -1052.7755, -48.2180,  240, 240, 240
L 466.3932, -1052.7755, -48.2180,  467.6401, -1001.2792, -59.4929,  240, 240, 240
L 467.6401, -1001.2792, -59.4929,  483.4157, -985.9465, -56.9933,  240, 240, 240
L 483.4157, -985.9465, -56.9933,  528.9692, -941.9025, -51.3886,  240, 240, 240
L 528.9692, -941.9025, -51.3886,  568.6897, -901.5616, -50.7914,  240, 240, 240
L 568.6897, -901.5616, -50.7914,  616.9546, -853.2200, -55.5742,  240, 240, 240
L 616.9546, -853.2200, -55.5742,  663.2826, -806.6266, -62.7201,  240, 240, 240
L 663.2826, -806.6266, -62.7201,  718.6402, -803.9033, -34.1114,  240, 240, 240
L 718.6402, -803.9033, -34.1114,  766.6129, -754.0978, -59.4139,  240, 240, 240
L 766.6129, -754.0978, -59.4139,  819.3528, -753.7468, -51.0888,  240, 240, 240
L 819.3528, -753.7468, -51.0888,  867.5270, -703.0813, -63.2802,  240, 240, 240
L 867.5270, -703.0813, -63.2802,  964.9233, -703.0656, -63.2802,  240, 240, 240
L 964.9233, -703.0656, -63.2802,  970.6349, -755.5659, -50.5302,  240, 240, 240
L 970.6349, -755.5659, -50.5302,  1015.6592, -754.5563, -50.7388,  240, 240, 240
L 1015.6592, -754.5563, -50.7388,  1066.7949, -704.0066, -63.2779,  240, 240, 240
L 1066.7949, -704.0066, -63.2779,  1119.2703, -704.1754, -63.2622,  240, 240, 240
L 1119.2703, -704.1754, -63.2622,  1118.6627, -754.2296, -49.9534,  240, 240, 240
L 1118.6627, -754.2296, -49.9534,  1182.4031, -752.9299, -59.4851,  240, 240, 240
L 3797.0159, -3153.8960, -104.4052,  3815.9280, -3160.8577, -104.4052,  0, 0, 255
L 3815.9280, -3160.8577, -104.4052,  3858.0879, -3161.6199, -104.4052,  0, 0, 255
L 3858.0879, -3161.6199, -104.4052,  3866.2493, -3162.6387, -104.4052,  0, 0, 255
L 3866.2493, -3162.6387, -104.4052,  3907.6487, -3163.5691, -104.4052,  0, 0, 255
L 3907.6487, -3163.5691, -104.4052,  3916.8655, -3160.2344, -104.4052,  0, 0, 255
L 3916.8655, -3160.2344, -104.4052,  3955.4353, -3164.4263, -104.4052,  0, 0, 255
L 3955.4353, -3164.4263, -104.4052,  3968.5286, -3161.8169, -104.4052,  0, 0, 255
L 3968.5286, -3161.8169, -104.4052,  3991.1487, -3153.9966, -104.3455,  0, 0, 255
L 3991.4561, -3153.8904, -104.3455,  4004.4805, -3105.8792, -104.4052,  0, 0, 255
L 4004.4805, -3105.8792, -104.4052,  4010.2471, -3062.7710, -104.4052,  0, 0, 255
L 4010.2471, -3062.7710, -104.4052,  4008.8440, -3052.7891, -104.4052,  0, 0, 255
L 4008.8440, -3052.7891, -104.4052,  4007.9700, -3006.0957, -104.4052,  0, 0, 255
L 4007.9700, -3006.0957, -104.4052,  4011.3020, -2961.4224, -104.4052,  0, 0, 255
L 4011.3020, -2961.4224, -104.4052,  4015.8538, -2933.6016, -104.4052,  0, 0, 255
L 4015.8538, -2933.6016, -104.4052,  4029.9231, -2905.0486, -104.4052,  0, 0, 255
L 4029.9231, -2905.0486, -104.4052,  4031.8428, -2888.2007, -104.4052,  0, 0, 255
L 4031.8428, -2888.2007, -104.4052,  4052.5364, -2855.3455, -104.4052,  0, 0, 255
L 4052.5364, -2855.3455, -104.4052,  4057.1885, -2801.9026, -104.4052,  0, 0, 255
L 4057.1885, -2801.9026, -104.4052,  4066.8396, -2762.1570, -104.4052,  0, 0, 255
L 4066.8396, -2762.1570, -104.4052,  4077.3572, -2742.8501, -104.4052,  0, 0, 255
L 4077.3572, -2742.8501, -104.4052,  4116.6099, -2694.4341, -104.4052,  0, 0, 255
L 4116.6099, -2694.4341, -104.4052,  4140.8696, -2679.4751, -104.4052,  0, 0, 255
L 4140.8696, -2679.4751, -104.4052,  4166.2866, -2670.8362, -104.4052,  0, 0, 255
L 4166.2866, -2670.8362, -104.4052,  4186.6016, -2654.1858, -104.4052,  0, 0, 255
L 4186.6016, -2654.1858, -104.4052,  4217.3984, -2635.8428, -104.4052,  0, 0, 255
L 4217.3984, -2635.8428, -104.4052,  4248.1816, -2603.8838, -104.4052,  0, 0, 255
L 4248.1816, -2603.8838, -104.4052,  4244.0894, -2526.7710, -104.4052,  0, 0, 255
L 4244.0894, -2526.7710, -104.4052,  4247.0669, -2504.1250, -104.4052,  0, 0, 255
L 4247.0669, -2504.1250, -104.4052,  4248.6392, -2473.6875, -104.4052,  0, 0, 255
L 4248.6392, -2473.6875, -104.4052,  4251.3145, -2451.8147, -104.4052,  0, 0, 255
L 4251.3145, -2451.8147, -104.4052,  4267.0586, -2426.9473, -104.4052,  0, 0, 255
L 4267.0586, -2426.9473, -104.4052,  4291.7280, -2403.7393, -104.4052,  0, 0, 255
L 4291.7280, -2403.7393, -104.4052,  4316.3105, -2390.5984, -104.4052,  0, 0, 255
L 4316.3105, -2390.5984, -104.4052,  4332.9780, -2385.7378, -104.4052,  0, 0, 255
L 4332.9780, -2385.7378, -104.4052,  4364.4878, -2383.4292, -104.4052,  0, 0, 255
L 4364.4878, -2383.4292, -104.4052,  4398.0146, -2353.7593, -104.4052,  0, 0, 255
L 4398.0146, -2353.7593, -104.4052,  4409.6001, -2310.6929, -104.4052,  0, 0, 255
L 4409.6001, -2310.6929, -104.4052,  4412.3481, -2304.6392, -104.4052,  0, 0, 255
L 4412.3481, -2304.6392, -104.4052,  4416.1631, -2288.1304, -104.4052,  0, 0, 255
L 4416.1631, -2288.1304, -104.4052,  4432.7769, -2254.8057, -104.4052,  0, 0, 255
L 4432.7769, -2254.8057, -104.4052,  4433.8032, -2237.4502, -104.4052,  0, 0, 255
L 4433.8032, -2237.4502, -104.4052,  4442.2778, -2203.4021, -104.4052,  0, 0, 255
L 4442.2778, -2203.4021, -104.4052,  4444.4785, -2175.8533, -104.4052,  0, 0, 255
L 4444.4785, -2175.8533, -104.4052,  4451.4854, -2155.5840, -104.4052,  0, 0, 255
L 4451.4854, -2155.5840, -104.4052,  4458.2427, -2104.3638, -104.4052,  0, 0, 255
L 4458.2427, -2104.3638, -104.4052,  4466.9146, -2078.1531, -104.4052,  0, 0, 255
L 4466.9146, -2078.1531, -104.4052,  4483.8467, -2052.9246, -104.4052,  0, 0, 255
L 4483.8467, -2052.9246, -104.4052,  4483.5190, -2032.9132, -104.4052,  0, 0, 255
L 4483.5190, -2032.9132, -104.4052,  4481.2056, -2002.4158, -104.4052,  0, 0, 255
L 4481.2056, -2002.4158, -104.4052,  4481.3931, -1987.5519, -104.4052,  0, 0, 255
L 4481.3931, -1987.5519, -104.4052,  4498.3218, -1954.1978, -104.4052,  0, 0, 255
L 4498.3218, -1954.1978, -104.4052,  4497.1147, -1901.6746, -104.4052,  0, 0, 255
L 4497.1147, -1901.6746, -104.4052,  4497.0942, -1870.9485, -104.4052,  0, 0, 255
L 4497.0942, -1870.9485, -104.4052,  4499.5396, -1849.2594, -104.4052,  0, 0, 255
L 4499.5396, -1849.2594, -104.4052,  4506.1318, -1813.1493, -104.4052,  0, 0, 255
L 4506.1318, -1813.1493, -104.4052,  4508.8418, -1805.3048, -103.9283,  0, 0, 255
L 4508.8418, -1805.3048, -103.9283,  4511.9844, -1754.0133, -104.4052,  0, 0, 255
L 4511.9844, -1754.0133, -104.4052,  4516.2490, -1741.6978, -104.4052,  0, 0, 255
L 4516.2490, -1741.6978, -104.4052,  4549.9434, -1703.3563, -104.4052,  0, 0, 255
L 4549.9434, -1703.3563, -104.4052,  4568.3013, -1694.6724, -104.4052,  0, 0, 255
L 4568.3013, -1694.6724, -104.4052,  4616.6157, -1654.6781, -104.4052,  0, 0, 255
L 4616.6157, -1654.6781, -104.4052,  4604.4268, -1613.9973, -104.4052,  0, 0, 255
L 4604.4268, -1613.9973, -104.4052,  4598.7529, -1604.9983, -104.4052,  0, 0, 255
L 4598.7529, -1604.9983, -104.4052,  4602.9756, -1552.6406, -104.4052,  0, 0, 255
L 4602.9756, -1552.6406, -104.4052,  4614.1133, -1507.2805, -104.4052,  0, 0, 255
L 4614.1133, -1507.2805, -104.4052,  4616.2544, -1501.2593, -104.4052,  0, 0, 255
L 4616.2544, -1501.2593, -104.4052,  4644.6191, -1453.6227, -104.4052,  0, 0, 255
L 4644.6191, -1453.6227, -104.4052,  4642.3647, -1429.2438, -104.4052,  0, 0, 255
L 4642.3647, -1429.2438, -104.4052,  4643.9253, -1402.9063, -104.4052,  0, 0, 255
L 4643.9253, -1402.9063, -104.4052,  4641.0127, -1377.9418, -104.4052,  0, 0, 255
L 4641.0127, -1377.9418, -104.4052,  4648.2876, -1356.0768, -104.4052,  0, 0, 255
L 4648.2876, -1356.0768, -104.4052,  4648.5244, -1322.4099, -104.4052,  0, 0, 255
L 4648.5244, -1322.4099, -104.4052,  4639.2563, -1303.0928, -104.4052,  0, 0, 255
L 4639.2563, -1303.0928, -104.4052,  4645.2417, -1274.6388, -104.4052,  0, 0, 255
L 4645.2417, -1274.6388, -104.4052,  4657.2529, -1253.8373, -104.4052,  0, 0, 255
L 4657.2529, -1253.8373, -104.4052,  4654.6201, -1217.1299, -104.4052,  0, 0, 255
L 4654.6201, -1217.1299, -104.4052,  4651.6489, -1201.5818, -104.4052,  0, 0, 255
L 4651.6489, -1201.5818, -104.4052,  4661.7510, -1158.9523, -104.4052,  0, 0, 255
L 4661.7510, -1158.9523, -104.4052,  4662.1982, -1153.4988, -104.4052,  0, 0, 255
L 4662.1982, -1153.4988, -104.4052,  4667.4614, -1142.7394, -104.4052,  0, 0, 255
L 4667.4614, -1142.7394, -104.4052,  4696.2075, -1103.9209, -104.4052,  0, 0, 255
L 4696.2075, -1103.9209, -104.4052,  4696.9028, -1074.5641, -104.4052,  0, 0, 255
L 4696.9028, -1074.5641, -104.4052,  4701.0474, -1054.9385, -104.4052,  0, 0, 255
L 4701.0474, -1054.9385, -104.4052,  4717.0005, -1012.5200, -104.4052,  0, 0, 255
L 4717.0005, -1012.5200, -104.4052,  4744.3613, -1027.0049, -104.4052,  0, 0, 255
L 4744.3613, -1027.0049, -104.4052,  4767.7578, -1052.7188, -104.4052,  0, 0, 255
L 4767.7578, -1052.7188, -104.4052,  4775.1309, -1096.6969, -104.4052,  0, 0, 255
L 4775.1309, -1096.6969, -104.4052,  4774.6758, -1109.9069, -104.0523,  0, 0, 255
L 4774.6758, -1109.9069, -104.0523,  4778.6479, -1142.7854, -104.4052,  0, 0, 255
L 4778.6479, -1142.7854, -104.4052,  4777.7686, -1153.0469, -104.4052,  0, 0, 255
L 4777.7686, -1153.0469, -104.4052,  4783.5259, -1187.8048, -104.4052,  0, 0, 255
L 4783.5259, -1187.8048, -104.4052,  4821.2554, -1198.6598, -104.4052,  0, 0, 255
L 4821.2554, -1198.6598, -104.4052,  4822.0049, -1200.4884, -104.4052,  0, 0, 255
L 4822.0049, -1200.4884, -104.4052,  4834.1567, -1239.1254, -104.4052,  0, 0, 255
L 4834.1567, -1239.1254, -104.4052,  4867.2275, -1256.3313, -104.4052,  0, 0, 255
L 4867.2275, -1256.3313, -104.4052,  4877.7183, -1292.6454, -104.4052,  0, 0, 255
L 4877.7183, -1292.6454, -104.4052,  4879.3906, -1304.6403, -104.4052,  0, 0, 255
L 4879.3906, -1304.6403, -104.4052,  4879.0479, -1339.4872, -104.4052,  0, 0, 255
L 4879.0479, -1339.4872, -104.4052,  4878.6035, -1357.3402, -104.4052,  0, 0, 255
L 4878.6035, -1357.3402, -104.4052,  4880.1143, -1390.6503, -104.4052,  0, 0, 255
L 4880.1143, -1390.6503, -104.4052,  4890.0576, -1405.1538, -104.4052,  0, 0, 255
L 4890.0576, -1405.1538, -104.4052,  4891.5269, -1429.0359, -104.4052,  0, 0, 255
L 4891.5269, -1429.0359, -104.4052,  4919.3335, -1437.9136, -104.4052,  0, 0, 255
L 4919.3335, -1437.9136, -104.4052,  4927.0972, -1446.3195, -104.4052,  0, 0, 255
L 4927.0972, -1446.3195, -104.4052,  4940.5151, -1453.6333, -104.4052,  0, 0, 255
L 4940.5151, -1453.6333, -104.4052,  4947.0688, -1475.7318, -104.4052,  0, 0, 255
L 4947.0688, -1475.7318, -104.4052,  4959.4258, -1502.9568, -104.4052,  0, 0, 255
L 4959.4258, -1502.9568, -104.4052,  4957.9053, -1515.4817, -104.4052,  0, 0, 255
L 4957.9053, -1515.4817, -104.4052,  4940.7549, -1554.9376, -104.4052,  0, 0, 255
L 4940.7549, -1554.9376, -104.4052,  4946.2441, -1574.8461, -104.4052,  0, 0, 255
L 4946.2441, -1574.8461, -104.4052,  4968.3135, -1575.4131, -104.4052,  0, 0, 255
L 4968.3135, -1575.4131, -104.4052,  4984.4292, -1589.8474, -104.4052,  0, 0, 255
L 4984.4292, -1589.8474, -104.4052,  4988.5127, -1603.0100, -104.4052,  0, 0, 255
L 4988.5127, -1603.0100, -104.4052,  4989.2534, -1632.5431, -104.4052,  0, 0, 255
L 4989.2534, -1632.5431, -104.4052,  5017.1299, -1637.9409, -104.4052,  0, 0, 255
L 5017.1299, -1637.9409, -104.4052,  5029.1816, -1643.1558, -104.4052,  0, 0, 255
L 5029.1816, -1643.1558, -104.4052,  5033.4243, -1655.2399, -104.4052,  0, 0, 255
L 5033.4243, -1655.2399, -104.4052,  5040.2231, -1683.0193, -103.9846,  0, 0, 255
L 5040.2231, -1683.0193, -103.9846,  5067.0601, -1681.0924, -104.4052,  0, 0, 255
L 5067.0601, -1681.0924, -104.4052,  5083.6411, -1685.5261, -104.4052,  0, 0, 255
L 5083.6411, -1685.5261, -104.4052,  5118.0044, -1690.7665, -104.4052,  0, 0, 255
L 5118.0044, -1690.7665, -104.4052,  5127.6729, -1692.8845, -104.4052,  0, 0, 255
L 5127.6729, -1692.8845, -104.4052,  5130.5938, -1704.6011, -104.4052,  0, 0, 255
L 5130.5938, -1704.6011, -104.4052,  5133.2759, -1737.6179, -104.4052,  0, 0, 255
L 5133.2759, -1737.6179, -104.4052,  5135.0215, -1740.7113, -104.4052,  0, 0, 255
L 5135.0215, -1740.7113, -104.4052,  5143.3896, -1754.5634, -104.4052,  0, 0, 255
L 5143.3896, -1754.5634, -104.4052,  5143.8823, -1777.8479, -104.4052,  0, 0, 255
L 5143.8823, -1777.8479, -104.4052,  5167.6768, -1792.5734, -104.4052,  0, 0, 255
L 5167.6768, -1792.5734, -104.4052,  5172.0435, -1798.8573, -104.4052,  0, 0, 255
L 5172.0435, -1798.8573, -104.4052,  5177.3848, -1845.4368, -104.4052,  0, 0, 255
L 5177.3848, -1845.4368, -104.4052,  5177.9326, -1856.8928, -104.4052,  0, 0, 255
L 5177.9326, -1856.8928, -104.4052,  5176.7437, -1891.9601, -104.4052,  0, 0, 255
L 5176.7437, -1891.9601, -104.4052,  5176.0161, -1917.1763, -104.4052,  0, 0, 255
L 5176.0161, -1917.1763, -104.4052,  5181.0015, -1991.8582, -104.4052,  0, 0, 255
L 5181.0015, -1991.8582, -104.4052,  5190.8735, -2004.8375, -104.4052,  0, 0, 255
L 5190.8735, -2004.8375, -104.4052,  5191.1201, -2030.5685, -104.4052,  0, 0, 255
L 5191.1201, -2030.5685, -104.4052,  5219.0811, -2037.6034, -104.4052,  0, 0, 255
L 5219.0811, -2037.6034, -104.4052,  5225.9595, -2048.7625, -104.4052,  0, 0, 255
L 5225.9595, -2048.7625, -104.4052,  5226.6641, -2055.2913, -104.4052,  0, 0, 255
L 5226.6641, -2055.2913, -104.4052,  5228.7451, -2092.4600, -104.4052,  0, 0, 255
L 5228.7451, -2092.4600, -104.4052,  5234.8799, -2106.4927, -104.4052,  0, 0, 255
L 5234.8799, -2106.4927, -104.4052,  5231.0283, -2139.1570, -104.4052,  0, 0, 255
L 5231.0283, -2139.1570, -104.4052,  5237.5728, -2152.7244, -104.4052,  0, 0, 255
L 5237.5728, -2152.7244, -104.4052,  5240.2661, -2181.4595, -104.4052,  0, 0, 255
L 5240.2661, -2181.4595, -104.4052,  5269.2842, -2192.1680, -104.4052,  0, 0, 255
L 5269.2842, -2192.1680, -104.4052,  5274.8853, -2197.4617, -104.4052,  0, 0, 255
L 5274.8853, -2197.4617, -104.4052,  5278.1929, -2202.8621, -104.4052,  0, 0, 255
L 5278.1929, -2202.8621, -104.4052,  5284.9199, -2253.4607, -104.4052,  0, 0, 255
L 5284.9199, -2253.4607, -104.4052,  5282.3696, -2290.5066, -104.4052,  0, 0, 255
L 5282.3696, -2290.5066, -104.4052,  5291.3110, -2306.6331, -104.4052,  0, 0, 255
L 5291.3110, -2306.6331, -104.4052,  5279.7056, -2352.8279, -104.4052,  0, 0, 255
L 5279.7056, -2352.8279, -104.4052,  5294.3599, -2379.3914, -104.4052,  0, 0, 255
L 5294.3599, -2379.3914, -104.4052,  5295.6685, -2425.9229, -104.4052,  0, 0, 255
L 5295.6685, -2425.9229, -104.4052,  5318.4507, -2431.0762, -104.4052,  0, 0, 255
L 5318.4507, -2431.0762, -104.4052,  5329.3486, -2445.3035, -104.1572,  0, 0, 255
L 5329.3486, -2445.3035, -104.1572,  5346.6436, -2454.7915, -104.4052,  0, 0, 255
L 5346.6436, -2454.7915, -104.4052,  5349.8682, -2473.0740, -104.4052,  0, 0, 255
L 5349.8682, -2473.0740, -104.4052,  5367.1816, -2494.2500, -104.4052,  0, 0, 255
L 5367.1816, -2494.2500, -104.4052,  5371.4946, -2503.2405, -104.4052,  0, 0, 255
L 5371.4946, -2503.2405, -104.4052,  5389.5630, -2533.0706, -104.4052,  0, 0, 255
L 5389.5630, -2533.0706, -104.4052,  5416.9346, -2551.9280, -104.4052,  0, 0, 255
L 5416.9346, -2551.9280, -104.4052,  5418.1211, -2554.2422, -104.4052,  0, 0, 255
L 5418.1211, -2554.2422, -104.4052,  5418.0962, -2602.9790, -104.4052,  0, 0, 255
L 5418.0962, -2602.9790, -104.4052,  5418.2866, -2604.1482, -104.4052,  0, 0, 255
L 5418.2866, -2604.1482, -104.4052,  5431.4771, -2642.5042, -104.4052,  0, 0, 255
L 5431.4771, -2642.5042, -104.4052,  5441.1475, -2654.3003, -104.4052,  0, 0, 255
L 5441.1475, -2654.3003, -104.4052,  5444.4102, -2676.5154, -104.4052,  0, 0, 255
L 5444.4102, -2676.5154, -104.4052,  5466.5645, -2690.9827, -104.4052,  0, 0, 255
L 5466.5645, -2690.9827, -104.4052,  5472.7251, -2701.7815, -104.4052,  0, 0, 255
L 5472.7251, -2701.7815, -104.4052,  5468.3311, -2740.8960, -104.4052,  0, 0, 255
L 5468.3311, -2740.8960, -104.4052,  5462.4927, -2752.6543, -104.4052,  0, 0, 255
L 5462.4927, -2752.6543, -104.4052,  5462.5518, -2759.3611, -104.4052,  0, 0, 255
L 5462.5518, -2759.3611, -104.4052,  5466.6528, -2763.1753, -104.4052,  0, 0, 255
L 5466.6528, -2763.1753, -104.4052,  5476.2520, -2796.4412, -104.4052,  0, 0, 255
L 5476.2520, -2796.4412, -104.4052,  5478.7192, -2803.0203, -104.4052,  0, 0, 255
L 5478.7192, -2803.0203, -104.4052,  5486.7515, -2833.5833, -104.4052,  0, 0, 255
L 5486.7515, -2833.5833, -104.4052,  5517.5283, -2843.7642, -104.4052,  0, 0, 255
L 5517.5283, -2843.7642, -104.4052,  5522.6987, -2848.2891, -104.4052,  0, 0, 255
L 5522.6987, -2848.2891, -104.4052,  5553.3301, -2853.7024, -104.4052,  0, 0, 255
L 5553.3301, -2853.7024, -104.4052,  5561.4546, -2859.4568, -104.4052,  0, 0, 255
L 5561.4546, -2859.4568, -104.4052,  5568.5630, -2860.5894, -104.4052,  0, 0, 255
L 5568.5630, -2860.5894, -104.4052,  5576.8462, -2897.1016, -104.2657,  0, 0, 255
L 5576.8462, -2897.1016, -104.2657,  5579.8975, -2907.7002, -104.4052,  0, 0, 255
L 5579.8975, -2907.7002, -104.4052,  5580.4517, -2942.3030, -104.4052,  0, 0, 255
L 5580.4517, -2942.3030, -104.4052,  5583.3394, -2955.2217, -104.4052,  0, 0, 255
L 5583.3394, -2955.2217, -104.4052,  5581.9341, -3040.5713, -104.1141,  0, 0, 255
L 5581.9341, -3040.5713, -104.1141,  5599.6128, -3054.3611, -104.4052,  0, 0, 255
L 5599.6128, -3054.3611, -104.4052,  5549.8735, -3108.3853, -104.4052,  0, 0, 255
L 5549.8735, -3108.3853, -104.4052,  5568.4512, -3108.3223, -104.4052,  0, 0, 255
L 5568.4512, -3108.3223, -104.4052,  5603.4673, -3113.6089, -104.4052,  0, 0, 255
L 5603.4673, -3113.6089, -104.4052,  5607.8184, -3114.3677, -104.4052,  0, 0, 255
L 5607.8184, -3114.3677, -104.4052,  5617.3433, -3133.7288, -104.4052,  0, 0, 255
L 5617.3433, -3133.7288, -104.4052,  5631.8530, -3141.7144, -104.4052,  0, 0, 255
L 5631.8530, -3141.7144, -104.4052,  5636.3193, -3152.9087, -104.4052,  0, 0, 255
L 5636.3193, -3152.9087, -104.4052,  5659.8003, -3162.1631, -104.4052,  0, 0, 255
L 5659.8003, -3162.1631, -104.4052,  5668.4502, -3174.3960, -104.4052,  0, 0, 255
L 5668.4502, -3174.3960, -104.4052,  5755.7178, -3184.9292, -104.4051,  0, 0, 255
L 5755.7178, -3184.9292, -104.4051,  5769.9976, -3177.1609, -104.4052,  0, 0, 255
L 5769.9976, -3177.1609, -104.4052,  5800.7783, -3170.9744, -104.4050,  0, 0, 255
L 5800.7783, -3170.9744, -104.4050,  5817.1743, -3164.1563, -104.4048,  0, 0, 255
L 5817.1743, -3164.1563, -104.4048,  5832.4927, -3154.0752, -104.4052,  0, 0, 255
L 5832.4927, -3154.0752, -104.4052,  5848.0142, -3123.6582, -104.4052,  0, 0, 255
L 5848.0142, -3123.6582, -104.4052,  5842.3877, -3103.3313, -104.4052,  0, 0, 255
L 5842.3877, -3103.3313, -104.4052,  5856.0186, -3065.7178, -104.4052,  0, 0, 255
L 5856.0186, -3065.7178, -104.4052,  5853.5112, -3064.0081, -104.4052,  0, 0, 255
L 5853.5112, -3064.0081, -104.4052,  5817.5684, -3057.2039, -104.4052,  0, 0, 255
L 5817.5684, -3057.2039, -104.4052,  5816.3799, -3055.8638, -104.4052,  0, 0, 255
L 5816.3799, -3055.8638, -104.4052,  5812.2773, -3007.4878, -104.4052,  0, 0, 255
L 5812.2773, -3007.4878, -104.4052,  5806.7744, -2963.8528, -104.4052,  0, 0, 255
L 5806.7744, -2963.8528, -104.4052,  5801.5400, -2954.6619, -104.4052,  0, 0, 255
L 5801.5400, -2954.6619, -104.4052,  5798.0869, -2923.0259, -104.4052,  0, 0, 255
L 5798.0869, -2923.0259, -104.4052,  5783.5225, -2903.6492, -104.4052,  0, 0, 255
L 5783.5225, -2903.6492, -104.4052,  5782.7637, -2888.5552, -104.4052,  0, 0, 255
L 5782.7637, -2888.5552, -104.4052,  5766.2148, -2855.9082, -104.4052,  0, 0, 255
L 5766.2148, -2855.9082, -104.4052,  5755.4063, -2814.6604, -104.4052,  0, 0, 255
L 5755.4063, -2814.6604, -104.4052,  5756.8188, -2802.9358, -104.4052,  0, 0, 255
L 5756.8188, -2802.9358, -104.4052,  5752.7607, -2769.5242, -104.4052,  0, 0, 255
L 5752.7607, -2769.5242, -104.4052,  5735.4341, -2754.1641, -104.4052,  0, 0, 255
L 5735.4341, -2754.1641, -104.4052,  5734.1514, -2736.8462, -104.4052,  0, 0, 255
L 5734.1514, -2736.8462, -104.4052,  5715.9976, -2729.9849, -104.4052,  0, 0, 255
L 5715.9976, -2729.9849, -104.4052,  5704.3931, -2702.9849, -104.4052,  0, 0, 255
L 5704.3931, -2702.9849, -104.4052,  5699.5127, -2670.6365, -104.4052,  0, 0, 255
L 5699.5127, -2670.6365, -104.4052,  5687.9009, -2653.3462, -104.4052,  0, 0, 255
L 5687.9009, -2653.3462, -104.4052,  5689.3740, -2630.4600, -104.4052,  0, 0, 255
L 5689.3740, -2630.4600, -104.4052,  5677.4692, -2603.1548, -104.4052,  0, 0, 255
L 5677.4692, -2603.1548, -104.4052,  5676.7017, -2592.7537, -104.4052,  0, 0, 255
L 5676.7017, -2592.7537, -104.4052,  5688.4292, -2553.8550, -104.4052,  0, 0, 255
L 5688.4292, -2553.8550, -104.4052,  5686.8726, -2535.3040, -104.4052,  0, 0, 255
L 5686.8726, -2535.3040, -104.4052,  5667.1880, -2505.8157, -104.4052,  0, 0, 255
L 5667.1880, -2505.8157, -104.4052,  5657.2285, -2464.0247, -104.4052,  0, 0, 255
L 5657.2285, -2464.0247, -104.4052,  5655.0947, -2454.0447, -104.4052,  0, 0, 255
L 5655.0947, -2454.0447, -104.4052,  5656.5459, -2414.2974, -104.4052,  0, 0, 255
L 5656.5459, -2414.2974, -104.4052,  5634.5078, -2403.8770, -104.4052,  0, 0, 255
L 5634.5078, -2403.8770, -104.4052,  5633.3760, -2387.8494, -104.4052,  0, 0, 255
L 5633.3760, -2387.8494, -104.4052,  5615.8018, -2384.5054, -104.4052,  0, 0, 255
L 5615.8018, -2384.5054, -104.4052,  5607.8359, -2363.1802, -104.4052,  0, 0, 255
L 5607.8359, -2363.1802, -104.4052,  5575.4419, -2354.4922, -104.4052,  0, 0, 255
L 5575.4419, -2354.4922, -104.4052,  5578.6172, -2341.2317, -104.4052,  0, 0, 255
L 5578.6172, -2341.2317, -104.4052,  5566.0405, -2337.5125, -104.4052,  0, 0, 255
L 5566.0405, -2337.5125, -104.4052,  5562.7148, -2308.1675, -104.4052,  0, 0, 255
L 5562.7148, -2308.1675, -104.4052,  5559.7739, -2304.2002, -104.4052,  0, 0, 255
L 5559.7739, -2304.2002, -104.4052,  5559.0425, -2260.9861, -104.4052,  0, 0, 255
L 5559.0425, -2260.9861, -104.4052,  5560.1313, -2253.4495, -104.4052,  0, 0, 255
L 5560.1313, -2253.4495, -104.4052,  5553.6650, -2214.7432, -104.4052,  0, 0, 255
L 5553.6650, -2214.7432, -104.4052,  5549.2441, -2203.5415, -104.4052,  0, 0, 255
L 5549.2441, -2203.5415, -104.4052,  5544.9824, -2173.3987, -104.4052,  0, 0, 255
L 5544.9824, -2173.3987, -104.4052,  5541.9902, -2153.8667, -104.4052,  0, 0, 255
L 5541.9902, -2153.8667, -104.4052,  5543.0942, -2128.2417, -104.4052,  0, 0, 255
L 5543.0942, -2128.2417, -104.4052,  5516.6401, -2111.6475, -104.4052,  0, 0, 255
L 5516.6401, -2111.6475, -104.4052,  5515.0396, -2106.5520, -104.4052,  0, 0, 255
L 5515.0396, -2106.5520, -104.4052,  5511.4092, -2103.4258, -104.4052,  0, 0, 255
L 5511.4092, -2103.4258, -104.4052,  5504.9917, -2063.5896, -104.4052,  0, 0, 255
L 5504.9917, -2063.5896, -104.4052,  5499.1553, -2053.8528, -104.4052,  0, 0, 255
L 5499.1553, -2053.8528, -104.4052,  5493.4434, -2026.6006, -104.4052,  0, 0, 255
L 5493.4434, -2026.6006, -104.4052,  5489.3511, -2001.8628, -104.4052,  0, 0, 255
L 5489.3511, -2001.8628, -104.4052,  5485.3521, -1985.6095, -104.4052,  0, 0, 255
L 5485.3521, -1985.6095, -104.4052,  5465.8169, -1976.7355, -104.4052,  0, 0, 255
L 5465.8169, -1976.7355, -104.4052,  5455.7681, -1963.4600, -104.4052,  0, 0, 255
L 5455.7681, -1963.4600, -104.4052,  5449.1353, -1953.6323, -104.4052,  0, 0, 255
L 5449.1353, -1953.6323, -104.4052,  5440.0093, -1930.4551, -104.4052,  0, 0, 255
L 5440.0093, -1930.4551, -104.4052,  5415.4688, -1929.1481, -104.4052,  0, 0, 255
L 5415.4688, -1929.1481, -104.4052,  5404.8960, -1917.4850, -104.4052,  0, 0, 255
L 5404.8960, -1917.4850, -104.4052,  5402.4170, -1904.8541, -104.4052,  0, 0, 255
L 5402.4170, -1904.8541, -104.4052,  5403.8857, -1867.4452, -104.4052,  0, 0, 255
L 5403.8857, -1867.4452, -104.4052,  5398.6138, -1853.1996, -104.4052,  0, 0, 255
L 5398.6138, -1853.1996, -104.4052,  5402.8823, -1816.3815, -104.4052,  0, 0, 255
L 5402.8823, -1816.3815, -104.4052,  5403.2324, -1802.0425, -104.4052,  0, 0, 255
L 5403.2324, -1802.0425, -104.4052,  5398.7358, -1772.0189, -104.4052,  0, 0, 255
L 5398.7358, -1772.0189, -104.4052,  5382.6152, -1752.8982, -104.4052,  0, 0, 255
L 5382.6152, -1752.8982, -104.4052,  5382.3994, -1736.1659, -104.2831,  0, 0, 255
L 5382.3994, -1736.1659, -104.2831,  5366.9033, -1717.3405, -104.4052,  0, 0, 255
L 5366.9033, -1717.3405, -104.4052,  5364.7769, -1708.4856, -104.1457,  0, 0, 255
L 5364.7769, -1708.4856, -104.1457,  5360.9067, -1702.0325, -104.4052,  0, 0, 255
L 5360.9067, -1702.0325, -104.4052,  5366.8281, -1682.9740, -104.4052,  0, 0, 255
L 5366.8281, -1682.9740, -104.4052,  5378.3154, -1651.2959, -104.4052,  0, 0, 255
L 5378.3154, -1651.2959, -104.4052,  5401.2285, -1602.4391, -104.4052,  0, 0, 255
L 5401.2285, -1602.4391, -104.4052,  5395.9126, -1574.4641, -104.4052,  0, 0, 255
L 5395.9126, -1574.4641, -104.4052,  5354.6792, -1553.9691, -104.4052,  0, 0, 255
L 5354.6792, -1553.9691, -104.4052,  5339.7368, -1530.1001, -104.4052,  0, 0, 255
L 5339.7368, -1530.1001, -104.4052,  5315.8628, -1529.0160, -104.4052,  0, 0, 255
L 5315.8628, -1529.0160, -104.4052,  5306.3740, -1513.8527, -104.4052,  0, 0, 255
L 5306.3740, -1513.8527, -104.4052,  5274.2275, -1504.5380, -104.4052,  0, 0, 255
L 5274.2275, -1504.5380, -104.4052,  5277.7354, -1493.4268, -104.4052,  0, 0, 255
L 5277.7354, -1493.4268, -104.4052,  5267.1738, -1500.3700, -104.4052,  0, 0, 255
L 5267.1738, -1500.3700, -104.4052,  5248.2588, -1472.4840, -104.4052,  0, 0, 255
L 5248.2588, -1472.4840, -104.4052,  5223.4976, -1454.5377, -104.4052,  0, 0, 255
L 5223.4976, -1454.5377, -104.4052,  5225.1777, -1446.4469, -104.4052,  0, 0, 255
L 5225.1777, -1446.4469, -104.4052,  5216.3970, -1446.4181, -104.4052,  0, 0, 255
L 5216.3970, -1446.4181, -104.4052,  5175.4424, -1445.3405, -104.4052,  0, 0, 255
L 5175.4424, -1445.3405, -104.4052,  5165.8467, -1444.1492, -104.4052,  0, 0, 255
L 5165.8467, -1444.1492, -104.4052,  5158.6865, -1411.2798, -104.4052,  0, 0, 255
L 5158.6865, -1411.2798, -104.4052,  5152.3569, -1403.8274, -104.4052,  0, 0, 255
L 5152.3569, -1403.8274, -104.4052,  5154.5835, -1365.9899, -104.4052,  0, 0, 255
L 5154.5835, -1365.9899, -104.4052,  5117.0015, -1357.2554, -104.4052,  0, 0, 255
L 5117.0015, -1357.2554, -104.4052,  5116.0811, -1355.1720, -104.4052,  0, 0, 255
L 5116.0811, -1355.1720, -104.4052,  5109.4116, -1313.1183, -104.4052,  0, 0, 255
L 5109.4116, -1313.1183, -104.4052,  5107.0669, -1262.6450, -104.4052,  0, 0, 255
L 5107.0669, -1262.6450, -104.4052,  5105.0181, -1254.0022, -104.4052,  0, 0, 255
L 5105.0181, -1254.0022, -104.4052,  5108.6348, -1213.3949, -104.4052,  0, 0, 255
L 5108.6348, -1213.3949, -104.4052,  5083.2920, -1203.4019, -104.4052,  0, 0, 255
L 5083.2920, -1203.4019, -104.4052,  5078.9478, -1190.1798, -104.4052,  0, 0, 255
L 5078.9478, -1190.1798, -104.4052,  5094.2397, -1154.1680, -104.4052,  0, 0, 255
L 5094.2397, -1154.1680, -104.4052,  5092.4727, -1129.9387, -104.4052,  0, 0, 255
L 5092.4727, -1129.9387, -104.4052,  5066.4375, -1116.0967, -104.4052,  0, 0, 255
L 5066.4375, -1116.0967, -104.4052,  5062.7388, -1110.0956, -104.2442,  0, 0, 255
L 5062.7388, -1110.0956, -104.2442,  5061.2222, -1107.6218, -104.4052,  0, 0, 255
L 5061.2222, -1107.6218, -104.4052,  5061.4907, -1104.2487, -104.4052,  0, 0, 255
L 5061.4907, -1104.2487, -104.4052,  5057.1382, -1063.4088, -104.4052,  0, 0, 255
L 5057.1382, -1063.4088, -104.4052,  5046.1753, -1053.7212, -104.4052,  0, 0, 255
L 5046.1753, -1053.7212, -104.4052,  5039.4795, -1030.4303, -104.4052,  0, 0, 255
L 5039.4795, -1030.4303, -104.4052,  5016.9028, -1006.7045, -104.4052,  0, 0, 255
L 5016.9028, -1006.7045, -104.4052,  5006.0938, -964.0099, -104.4052,  0, 0, 255
L 5006.0938, -964.0099, -104.4052,  5006.1523, -952.8395, -104.4052,  0, 0, 255
L 5006.1523, -952.8395, -104.4052,  5002.8428, -918.5406, -104.4052,  0, 0, 255
L 5002.8428, -918.5406, -104.4052,  4984.2393, -903.3998, -104.4052,  0, 0, 255
L 4984.2393, -903.3998, -104.4052,  4986.2227, -883.5353, -104.4052,  0, 0, 255
L 4986.2227, -883.5353, -104.4052,  4966.4893, -864.7649, -104.4052,  0, 0, 255
L 4966.4893, -864.7649, -104.4052,  4963.4893, -854.8793, -104.4052,  0, 0, 255
L 4963.4893, -854.8793, -104.4052,  4956.8804, -813.9697, -104.4052,  0, 0, 255
L 4956.8804, -813.9697, -104.4052,  4954.6987, -795.4111, -104.4052,  0, 0, 255
L 4954.6987, -795.4111, -104.4052,  4951.0259, -770.9444, -104.4052,  0, 0, 255
L 4951.0259, -770.9444, -104.4052,  4941.2188, -753.4691, -104.4052,  0, 0, 255
L 4941.2188, -753.4691, -104.4052,  4940.5195, -729.5535, -104.4052,  0, 0, 255
L 4940.5195, -729.5535, -104.4052,  4916.7876, -720.7090, -104.4052,  0, 0, 255
L 4916.7876, -720.7090, -104.4052,  4908.3271, -711.3563, -104.4052,  0, 0, 255
L 4908.3271, -711.3563, -104.4052,  4908.5190, -702.5474, -104.4052,  0, 0, 255
L 4908.5190, -702.5474, -104.4052,  4902.2905, -668.7982, -103.7552,  0, 0, 255
L 4902.2905, -668.7982, -103.7552,  4899.9727, -652.5493, -104.4052,  0, 0, 255
L 4899.9727, -652.5493, -104.4052,  4900.3350, -619.1249, -104.4052,  0, 0, 255
L 4900.3350, -619.1249, -104.4052,  4896.1035, -602.8235, -104.4052,  0, 0, 255
L 4896.1035, -602.8235, -104.4052,  4897.1909, -573.9415, -104.4052,  0, 0, 255
L 4897.1909, -573.9415, -104.4052,  4884.8550, -554.1783, -104.4052,  0, 0, 255
L 4884.8550, -554.1783, -104.4052,  4884.5850, -536.6277, -104.4052,  0, 0, 255
L 4884.5850, -536.6277, -104.4052,  4867.2153, -533.6569, -104.4052,  0, 0, 255
L 4867.2153, -533.6569, -104.4052,  4855.1592, -514.5638, -104.4052,  0, 0, 255
L 4855.1592, -514.5638, -104.4052,  4853.6436, -505.5805, -104.4052,  0, 0, 255
L 4853.6436, -505.5805, -104.4052,  4850.8696, -470.2957, -104.4052,  0, 0, 255
L 4850.8696, -470.2957, -104.4052,  4817.8076, -465.2939, -104.4052,  0, 0, 255
L 4817.8076, -465.2939, -104.4052,  4810.3511, -460.1929, -104.4052,  0, 0, 255
L 4810.3511, -460.1929, -104.4052,  4808.7129, -451.9648, -104.4052,  0, 0, 255
L 4808.7129, -451.9648, -104.4052,  4805.4692, -414.1337, -104.0217,  0, 0, 255
L 4805.4692, -414.1337, -104.0217,  4797.6094, -405.0742, -104.4052,  0, 0, 255
L 4797.6094, -405.0742, -104.4052,  4795.9312, -375.1034, -104.4052,  0, 0, 255
L 4795.9312, -375.1034, -104.4052,  4777.6836, -352.7764, -104.4052,  0, 0, 255
L 4777.6836, -352.7764, -104.4052,  4779.4478, -341.3870, -104.4052,  0, 0, 255
L 4779.4478, -341.3870, -104.4052,  4766.6821, -320.2127, -104.4052,  0, 0, 255
L 4766.6821, -320.2127, -104.4052,  4763.8555, -308.8408, -104.4052,  0, 0, 255
L 4763.8555, -308.8408, -104.4052,  4760.1001, -261.0544, -104.4052,  0, 0, 255
L 4760.1001, -261.0544, -104.4052,  4760.5337, -251.7679, -104.4052,  0, 0, 255
L 4760.5337, -251.7679, -104.4052,  4754.7295, -215.9042, -104.4052,  0, 0, 255
L 4754.7295, -215.9042, -104.4052,  4746.2979, -203.5829, -104.4052,  0, 0, 255
L 4746.2979, -203.5829, -104.4052,  4746.1128, -174.5595, -104.4052,  0, 0, 255
L 4746.1128, -174.5595, -104.4052,  4741.8286, -154.3602, -104.4052,  0, 0, 255
L 4741.8286, -154.3602, -104.4052,  4741.8145, -129.0056, -104.4052,  0, 0, 255
L 4741.8145, -129.0056, -104.4052,  4716.2358, -121.7356, -104.4052,  0, 0, 255
L 4716.2358, -121.7356, -104.4052,  4709.3853, -110.5565, -104.4052,  0, 0, 255
L 4709.3853, -110.5565, -104.4052,  4704.2754, -106.4873, -104.4052,  0, 0, 255
L 4704.2754, -106.4873, -104.4052,  4698.4336, -71.2408, -104.4052,  0, 0, 255
L 4698.4336, -71.2408, -104.4052,  4699.6021, -54.9747, -104.4052,  0, 0, 255
L 4699.6021, -54.9747, -104.4052,  4702.6855, -18.9751, -104.4052,  0, 0, 255
L 4702.6855, -18.9751, -104.4052,  4705.0938, -2.9631, -104.4052,  0, 0, 255
L 4705.0938, -2.9631, -104.4052,  4715.8125, 18.2933, -104.4052,  0, 0, 255
L 4715.8125, 18.2933, -104.4052,  4735.0552, 46.4663, -104.4052,  0, 0, 255
L 4735.0552, 46.4663, -104.4052,  4734.1987, 63.4667, -104.4052,  0, 0, 255
L 4734.1987, 63.4667, -104.4052,  4716.3384, 84.7318, -104.4052,  0, 0, 255
L 4716.3384, 84.7318, -104.4052,  4713.5615, 93.1298, -104.4052,  0, 0, 255
L 4713.5615, 93.1298, -104.4052,  4716.5088, 129.0053, -104.4052,  0, 0, 255
L 4716.5088, 129.0053, -104.4052,  4722.9131, 147.0523, -104.4052,  0, 0, 255
L 4722.9131, 147.0523, -104.4052,  4721.9189, 150.6629, -104.4052,  0, 0, 255
L 4721.9189, 150.6629, -104.4052,  4737.3765, 197.9329, -104.4052,  0, 0, 255
L 4737.3765, 197.9329, -104.4052,  4736.0044, 216.1447, -104.4052,  0, 0, 255
L 4736.0044, 216.1447, -104.4052,  4724.5938, 246.6219, -104.4052,  0, 0, 255
L 4724.5938, 246.6219, -104.4052,  4726.7061, 257.1242, -104.4052,  0, 0, 255
L 4726.7061, 257.1242, -104.4052,  4754.0601, 346.6645, -104.4052,  0, 0, 255
L 4754.0601, 346.6645, -104.4052,  4745.9517, 373.3578, -104.4052,  0, 0, 255
L 4745.9517, 373.3578, -104.4052,  4742.8774, 395.2001, -104.4052,  0, 0, 255
L 4742.8774, 395.2001, -104.4052,  4748.0806, 427.3517, -104.4052,  0, 0, 255
L 4748.0806, 427.3517, -104.4052,  4753.9644, 447.1013, -104.4052,  0, 0, 255
L 4753.9644, 447.1013, -104.4052,  4760.5010, 489.2571, -104.4052,  0, 0, 255
L 4760.5010, 489.2571, -104.4052,  4760.4375, 495.8097, -104.4052,  0, 0, 255
L 4760.4375, 495.8097, -104.4052,  4767.1060, 546.3054, -104.4052,  0, 0, 255
L 4767.1060, 546.3054, -104.4052,  4756.8770, 589.3100, -104.4052,  0, 0, 255
L 4756.8770, 589.3100, -104.4052,  4754.9756, 593.7708, -104.4052,  0, 0, 255
L 4754.9756, 593.7708, -104.4052,  4750.2593, 630.0226, -104.4052,  0, 0, 255
L 4750.2593, 630.0226, -104.4052,  4743.8223, 644.5370, -104.4052,  0, 0, 255
L 4743.8223, 644.5370, -104.4052,  4742.8521, 669.6160, -104.4052,  0, 0, 255
L 4742.8521, 669.6160, -104.4052,  4716.3135, 667.0284, -104.4052,  0, 0, 255
L 4716.3135, 667.0284, -104.4052,  4701.3389, 681.3016, -104.4052,  0, 0, 255
L 4701.3389, 681.3016, -104.4052,  4673.9482, 697.3127, -104.4052,  0, 0, 255
L 4673.9482, 697.3127, -104.4052,  4672.8696, 702.7458, -104.4052,  0, 0, 255
L 4672.8696, 702.7458, -104.4052,  4666.2881, 702.7629, -104.4052,  0, 0, 255
L 4666.2881, 702.7629, -104.4052,  4655.4482, 735.3748, -104.4052,  0, 0, 255
L 4655.4482, 735.3748, -104.4052,  4648.5552, 746.9418, -104.4052,  0, 0, 255
L 4648.5552, 746.9418, -104.4052,  4648.6680, 776.4254, -104.4052,  0, 0, 255
L 4648.6680, 776.4254, -104.4052,  4618.3965, 796.8448, -104.4052,  0, 0, 255
L 4618.3965, 796.8448, -104.4052,  4627.6523, 847.0938, -104.4052,  0, 0, 255
L 4627.6523, 847.0938, -104.4052,  4624.9478, 854.3724, -104.4052,  0, 0, 255
L 4624.9478, 854.3724, -104.4052,  4615.1865, 863.6516, -104.4052,  0, 0, 255
L 4615.1865, 863.6516, -104.4052,  4609.1836, 895.4022, -104.4052,  0, 0, 255
L 4609.1836, 895.4022, -104.4052,  4613.7388, 941.2548, -104.4052,  0, 0, 255
L 4613.7388, 941.2548, -104.4052,  4614.5947, 946.2767, -104.4052,  0, 0, 255
L 4614.5947, 946.2767, -104.4052,  4610.1436, 989.4601, -104.4052,  0, 0, 255
L 4610.1436, 989.4601, -104.4052,  4608.0762, 994.8241, -104.4052,  0, 0, 255
L 4608.0762, 994.8241, -104.4052,  4601.0078, 1031.1117, -103.5935,  0, 0, 255
L 4601.0078, 1031.1117, -103.5935,  4590.0376, 1047.7820, -104.4052,  0, 0, 255
L 4590.0376, 1047.7820, -104.4052,  4589.7188, 1070.5840, -104.4052,  0, 0, 255
L 4589.7188, 1070.5840, -104.4052,  4579.7651, 1095.7960, -104.4052,  0, 0, 255
L 4579.7651, 1095.7960, -104.4052,  4580.5469, 1111.8015, -104.4052,  0, 0, 255
L 4580.5469, 1111.8015, -104.4052,  4582.6807, 1147.0211, -104.4052,  0, 0, 255
L 4582.6807, 1147.0211, -104.4052,  4579.6992, 1160.2118, -104.4052,  0, 0, 255
L 4579.6992, 1160.2118, -104.4052,  4566.3477, 1165.3322, -104.4052,  0, 0, 255
L 4566.3477, 1165.3322, -104.4052,  4554.9868, 1185.3246, -104.4052,  0, 0, 255
L 4554.9868, 1185.3246, -104.4052,  4553.4155, 1195.7008, -104.4052,  0, 0, 255
L 4553.4155, 1195.7008, -104.4052,  4552.0005, 1234.5966, -104.4052,  0, 0, 255
L 4552.0005, 1234.5966, -104.4052,  4551.9194, 1238.0861, -104.4052,  0, 0, 255
L 4551.9194, 1238.0861, -104.4052,  4552.9399, 1252.6946, -104.4052,  0, 0, 255
L 4552.9399, 1252.6946, -104.4052,  4558.1563, 1298.1702, -104.4052,  0, 0, 255
L 4558.1563, 1298.1702, -104.4052,  4557.6128, 1345.7621, -104.4052,  0, 0, 255
L 4557.6128, 1345.7621, -104.4052,  4566.4526, 1365.7650, -104.4052,  0, 0, 255
L 4566.4526, 1365.7650, -104.4052,  4590.0718, 1394.6830, -104.4052,  0, 0, 255
L 4590.0718, 1394.6830, -104.4052,  4590.0518, 1438.3279, -104.4052,  0, 0, 255
L 4590.0518, 1438.3279, -104.4052,  4587.7510, 1468.0635, -104.4052,  0, 0, 255
L 4587.7510, 1468.0635, -104.4052,  4580.6553, 1493.6487, -104.4052,  0, 0, 255
L 4580.6553, 1493.6487, -104.4052,  4581.4946, 1507.5983, -104.4052,  0, 0, 255
L 4581.4946, 1507.5983, -104.4052,  4570.3892, 1543.7838, -104.4052,  0, 0, 255
L 4570.3892, 1543.7838, -104.4052,  4570.1577, 1551.6234, -104.4052,  0, 0, 255
L 4570.1577, 1551.6234, -104.4052,  4566.6689, 1557.6001, -104.4052,  0, 0, 255
L 4566.6689, 1557.6001, -104.4052,  4562.1763, 1590.1342, -104.4052,  0, 0, 255
L 4562.4854, 1589.4219, -104.4052,  4550.0444, 1595.7522, -104.4052,  0, 0, 255
L 4550.0444, 1595.7522, -104.4052,  4527.5322, 1606.7841, -104.4052,  0, 0, 255
L 4527.5322, 1606.7841, -104.4052,  4517.6196, 1645.7611, -104.4052,  0, 0, 255
L 4517.6196, 1645.7611, -104.4052,  4473.8560, 1651.8401, -104.4052,  0, 0, 255
L 4473.8560, 1651.8401, -104.4052,  4466.9463, 1651.2910, -104.4052,  0, 0, 255
L 4466.9463, 1651.2910, -104.4052,  4429.1836, 1657.2781, -104.4052,  0, 0, 255
L 4429.1836, 1657.2781, -104.4052,  4416.4810, 1666.4572, -104.4052,  0, 0, 255
L 4416.4810, 1666.4572, -104.4052,  4396.0601, 1676.1106, -104.4052,  0, 0, 255
L 4396.0601, 1676.1106, -104.4052,  4388.9780, 1678.9312, -104.9677,  0, 0, 255
L 4388.9780, 1678.9312, -104.9677,  4357.7388, 1679.4215, -104.9677,  0, 0, 255
L 4357.7388, 1679.4215, -104.9677,  4304.8809, 1680.2511, -104.9677,  0, 0, 255
L 4305.1904, 1679.9076, -103.5896,  4272.1392, 1645.7787, -103.9297,  0, 0, 255
L 4273.8398, 1647.5341, -103.9209,  4279.8804, 1556.4708, -104.4052,  0, 0, 255
L 4279.8804, 1556.4708, -104.4052,  4282.8320, 1545.4297, -104.4052,  0, 0, 255
L 4282.8320, 1545.4297, -104.4052,  4276.0020, 1504.8611, -104.0530,  0, 0, 255
L 4276.0020, 1504.8611, -104.0530,  4297.0278, 1495.3253, -104.4052,  0, 0, 255
L 4297.0278, 1495.3253, -104.4052,  4304.2393, 1483.2875, -104.4052,  0, 0, 255
L 4304.2393, 1483.2875, -104.4052,  4318.2266, 1480.5065, -104.4052,  0, 0, 255
L 4318.2266, 1480.5065, -104.4052,  4328.5728, 1456.7313, -104.4052,  0, 0, 255
L 4328.5728, 1456.7313, -104.4052,  4337.5610, 1445.4252, -104.4052,  0, 0, 255
L 4337.5610, 1445.4252, -104.4052,  4340.3506, 1419.0691, -104.4052,  0, 0, 255
L 4340.3506, 1419.0691, -104.4052,  4368.6880, 1404.5651, -104.4052,  0, 0, 255
L 4368.6880, 1404.5651, -104.4052,  4370.7319, 1400.4613, -104.4052,  0, 0, 255
L 4370.7319, 1400.4613, -104.4052,  4374.6182, 1346.6239, -104.4052,  0, 0, 255
L 4374.6182, 1346.6239, -104.4052,  4371.5903, 1244.2771, -104.4052,  0, 0, 255
L 4371.5903, 1244.2771, -104.4052,  4367.6553, 1212.3733, -104.4052,  0, 0, 255
L 4367.6553, 1212.3733, -104.4052,  4361.5557, 1194.1478, -104.4052,  0, 0, 255
L 4361.5557, 1194.1478, -104.4052,  4360.9702, 1189.4531, -104.4052,  0, 0, 255
L 4360.9702, 1189.4531, -104.4052,  4367.2261, 1121.7761, -104.4052,  0, 0, 255
L 4367.2261, 1121.7761, -104.4052,  4368.8687, 1045.1338, -104.4052,  0, 0, 255
L 4368.8687, 1045.1338, -104.4052,  4378.3193, 1005.3354, -104.4052,  0, 0, 255
L 4378.3193, 1005.3354, -104.4052,  4376.7964, 995.3367, -104.4052,  0, 0, 255
L 4376.7964, 995.3367, -104.4052,  4378.5767, 956.7740, -104.4052,  0, 0, 255
L 4378.5767, 956.7740, -104.4052,  4388.9976, 944.9709, -104.4052,  0, 0, 255
L 4388.9976, 944.9709, -104.4052,  4389.0840, 915.6804, -104.4052,  0, 0, 255
L 4389.0840, 915.6804, -104.4052,  4395.7744, 894.4904, -104.4052,  0, 0, 255
L 4395.7744, 894.4904, -104.4052,  4396.7529, 874.7523, -104.4052,  0, 0, 255
L 4396.7529, 874.7523, -104.4052,  4405.3848, 844.7256, -104.4052,  0, 0, 255
L 4405.3848, 844.7256, -104.4052,  4405.3848, 831.8215, -104.4052,  0, 0, 255
L 4405.3848, 831.8215, -104.4052,  4430.2432, 757.2695, -104.4052,  0, 0, 255
L 4430.2432, 757.2695, -104.4052,  4429.3267, 707.7739, -104.4052,  0, 0, 255
L 4429.3267, 707.7739, -104.4052,  4439.2769, 694.1915, -104.4052,  0, 0, 255
L 4439.2769, 694.1915, -104.4052,  4436.7271, 663.4625, -104.4052,  0, 0, 255
L 4436.7271, 663.4625, -104.4052,  4448.1353, 646.3625, -104.4052,  0, 0, 255
L 4448.1353, 646.3625, -104.4052,  4435.2637, 612.7248, -104.4052,  0, 0, 255
L 4435.2637, 612.7248, -104.4052,  4430.5327, 597.1164, -104.4052,  0, 0, 255
L 4430.5327, 597.1164, -104.4052,  4431.2734, 560.9547, -104.4052,  0, 0, 255
L 4431.2734, 560.9547, -104.4052,  4467.6738, 552.1790, -104.4052,  0, 0, 255
L 4467.6738, 552.1790, -104.4052,  4469.6772, 547.5651, -104.4052,  0, 0, 255
L 4469.6772, 547.5651, -104.4052,  4469.6421, 544.0135, -104.4052,  0, 0, 255
L 4469.6421, 544.0135, -104.4052,  4477.5605, 496.6384, -104.4052,  0, 0, 255
L 4477.5605, 496.6384, -104.4052,  4479.4575, 455.3267, -103.3029,  0, 0, 255
L 4479.4575, 455.3267, -103.3029,  4484.0347, 445.9070, -104.4052,  0, 0, 255
L 4484.0347, 445.9070, -104.4052,  4485.4922, 413.3401, -104.4052,  0, 0, 255
L 4485.4922, 413.3401, -104.4052,  4497.6675, 394.8165, -104.4052,  0, 0, 255
L 4497.6675, 394.8165, -104.4052,  4499.2046, 375.9475, -104.4052,  0, 0, 255
L 4499.2046, 375.9475, -104.4052,  4504.9224, 345.8473, -104.4052,  0, 0, 255
L 4504.9224, 345.8473, -104.4052,  4499.9185, 325.8025, -104.4052,  0, 0, 255
L 4499.9185, 325.8025, -104.4052,  4487.1777, 295.6104, -104.4052,  0, 0, 255
L 4487.1777, 295.6104, -104.4052,  4492.2544, 270.0245, -104.0919,  0, 0, 255
L 4492.2544, 270.0245, -104.0919,  4518.7681, 261.6658, -104.4052,  0, 0, 255
L 4518.7681, 261.6658, -104.4052,  4526.3979, 253.1635, -104.4052,  0, 0, 255
L 4526.3979, 253.1635, -104.4052,  4527.4160, 204.4238, -104.4052,  0, 0, 255
L 4527.4160, 204.4238, -104.4052,  4526.5645, 191.5232, -104.4052,  0, 0, 255
L 4526.5645, 191.5232, -104.4052,  4525.0483, 45.8398, -104.4052,  0, 0, 255
L 4525.0483, 45.8398, -104.4052,  4517.2603, 33.8378, -104.3989,  0, 0, 255
L 4517.2603, 33.8378, -104.3989,  4487.1191, -4.4383, -104.4052,  0, 0, 255
L 4487.1191, -4.4383, -104.4052,  4488.8115, -33.3423, -104.4052,  0, 0, 255
L 4488.8115, -33.3423, -104.4052,  4481.4355, -55.2340, -104.4052,  0, 0, 255
L 4481.4355, -55.2340, -104.4052,  4481.3701, -90.2367, -104.4052,  0, 0, 255
L 4481.3701, -90.2367, -104.4052,  4480.0405, -106.0464, -103.0340,  0, 0, 255
L 4480.0405, -106.0464, -103.0340,  4481.2817, -141.4929, -103.0516,  0, 0, 255
L 4481.2817, -141.4929, -103.0516,  4524.5566, -151.7286, -104.4052,  0, 0, 255
L 4524.5566, -151.7286, -104.4052,  4527.9565, -193.4675, -104.4052,  0, 0, 255
L 4527.9565, -193.4675, -104.4052,  4532.6011, -205.1141, -104.4052,  0, 0, 255
L 4532.6011, -205.1141, -104.4052,  4528.4282, -243.1568, -104.4052,  0, 0, 255
L 4528.4282, -243.1568, -104.4052,  4539.6880, -253.8798, -104.4052,  0, 0, 255
L 4539.6880, -253.8798, -104.4052,  4547.2007, -275.1896, -104.4052,  0, 0, 255
L 4547.2007, -275.1896, -104.4052,  4568.6812, -280.2794, -104.4052,  0, 0, 255
L 4568.6812, -280.2794, -104.4052,  4575.7798, -296.1137, -104.4052,  0, 0, 255
L 4575.7798, -296.1137, -104.4052,  4578.0361, -306.2650, -104.4052,  0, 0, 255
L 4578.0361, -306.2650, -104.4052,  4580.9810, -339.8809, -104.4052,  0, 0, 255
L 4580.9810, -339.8809, -104.4052,  4605.3960, -353.7139, -104.4052,  0, 0, 255
L 4605.3960, -353.7139, -104.4052,  4606.0396, -365.7289, -104.4052,  0, 0, 255
L 4606.0396, -365.7289, -104.4052,  4617.7339, -372.4630, -104.4052,  0, 0, 255
L 4617.7339, -372.4630, -104.4052,  4625.0967, -406.4047, -104.4052,  0, 0, 255
L 4625.0967, -406.4047, -104.4052,  4629.6729, -442.9438, -104.4052,  0, 0, 255
L 4629.6729, -442.9438, -104.4052,  4636.2417, -454.1644, -104.4052,  0, 0, 255
L 4636.2417, -454.1644, -104.4052,  4635.9971, -486.2462, -104.4052,  0, 0, 255
L 4635.9971, -486.2462, -104.4052,  4668.4722, -499.5642, -104.4052,  0, 0, 255
L 4668.4722, -499.5642, -104.4052,  4669.6851, -502.5162, -104.4052,  0, 0, 255
L 4669.6851, -502.5162, -104.4052,  4673.1685, -548.6341, -104.4052,  0, 0, 255
L 4673.1685, -548.6341, -104.4052,  4675.1543, -553.8273, -104.4052,  0, 0, 255
L 4675.1543, -553.8273, -104.4052,  4678.3438, -594.8016, -104.4052,  0, 0, 255
L 4678.3438, -594.8016, -104.4052,  4680.5117, -604.0648, -104.4052,  0, 0, 255
L 4680.5117, -604.0648, -104.4052,  4680.4175, -644.3976, -104.4052,  0, 0, 255
L 4680.4175, -644.3976, -104.4052,  4680.2964, -654.6627, -104.4052,  0, 0, 255
L 4680.2964, -654.6627, -104.4052,  4673.4434, -699.1561, -104.4052,  0, 0, 255
L 4673.4434, -699.1561, -104.4052,  4674.2822, -702.7422, -104.4052,  0, 0, 255
L 4674.2822, -702.7422, -104.4052,  4672.9106, -705.6537, -104.4052,  0, 0, 255
L 4672.9106, -705.6537, -104.4052,  4667.7310, -713.5048, -104.4052,  0, 0, 255
L 4667.7310, -713.5048, -104.4052,  4629.2690, -754.0331, -104.4052,  0, 0, 255
L 4629.2690, -754.0331, -104.4052,  4618.0322, -777.0557, -104.4052,  0, 0, 255
L 4618.0322, -777.0557, -104.4052,  4599.5713, -805.0576, -104.4052,  0, 0, 255
L 4599.5713, -805.0576, -104.4052,  4574.2217, -846.5347, -104.4052,  0, 0, 255
L 4574.2217, -846.5347, -104.4052,  4569.4658, -854.0361, -104.4052,  0, 0, 255
L 4569.4658, -854.0361, -104.4052,  4520.6089, -902.8721, -104.4052,  0, 0, 255
L 4520.6089, -902.8721, -104.4052,  4516.0283, -907.1163, -104.4052,  0, 0, 255
L 4516.0283, -907.1163, -104.4052,  4474.5220, -953.9551, -104.2729,  0, 0, 255
L 4474.5220, -953.9551, -104.2729,  4467.3364, -1006.5539, -104.4052,  0, 0, 255
L 4467.3364, -1006.5539, -104.4052,  4441.1157, -1054.5586, -104.4052,  0, 0, 255
L 4441.1157, -1054.5586, -104.4052,  4440.9932, -1081.1124, -104.4052,  0, 0, 255
L 4440.9932, -1081.1124, -104.4052,  4452.6377, -1105.3585, -104.4052,  0, 0, 255
L 4452.6377, -1105.3585, -104.4052,  4449.8423, -1122.1957, -104.4052,  0, 0, 255
L 4449.8423, -1122.1957, -104.4052,  4435.5679, -1155.3336, -104.4052,  0, 0, 255
L 4435.5679, -1155.3336, -104.4052,  4435.6919, -1186.9119, -104.4052,  0, 0, 255
L 4435.6919, -1186.9119, -104.4052,  4433.7681, -1204.5773, -104.4052,  0, 0, 255
L 4433.7681, -1204.5773, -104.4052,  4381.5220, -1258.7598, -104.4052,  0, 0, 255
L 4381.5220, -1258.7598, -104.4052,  4378.6450, -1293.6898, -104.4052,  0, 0, 255
L 4378.6450, -1293.6898, -104.4052,  4377.2920, -1307.3673, -104.4052,  0, 0, 255
L 4377.2920, -1307.3673, -104.4052,  4383.4556, -1339.0775, -104.4052,  0, 0, 255
L 4383.4556, -1339.0775, -104.4052,  4387.2227, -1353.1013, -104.4052,  0, 0, 255
L 4387.2227, -1353.1013, -104.4052,  4387.3369, -1384.5419, -104.4052,  0, 0, 255
L 4387.3369, -1384.5419, -104.4052,  4412.3643, -1404.5636, -104.4052,  0, 0, 255
L 4412.3643, -1404.5636, -104.4052,  4413.9155, -1457.1796, -104.4052,  0, 0, 255
L 4413.9155, -1457.1796, -104.4052,  4392.2354, -1502.5542, -104.4052,  0, 0, 255
L 4392.2354, -1502.5542, -104.4052,  4368.2256, -1532.9033, -104.4052,  0, 0, 255
L 4368.2256, -1532.9033, -104.4052,  4346.2261, -1553.8335, -104.4052,  0, 0, 255
L 4346.2261, -1553.8335, -104.4052,  4317.3091, -1578.3745, -104.4052,  0, 0, 255
L 4317.3091, -1578.3745, -104.4052,  4292.8770, -1603.7477, -104.4052,  0, 0, 255
L 4292.8770, -1603.7477, -104.4052,  4290.8682, -1631.7339, -104.4052,  0, 0, 255
L 4290.8682, -1631.7339, -104.4052,  4286.0317, -1654.6884, -104.4052,  0, 0, 255
L 4286.0317, -1654.6884, -104.4052,  4288.2104, -1684.4509, -103.7651,  0, 0, 255
L 4288.2104, -1684.4509, -103.7651,  4317.3994, -1696.9049, -104.4052,  0, 0, 255
L 4317.3994, -1696.9049, -104.4052,  4322.4282, -1698.1565, -104.4052,  0, 0, 255
L 4322.4282, -1698.1565, -104.4052,  4322.5005, -1704.9821, -104.4052,  0, 0, 255
L 4322.5005, -1704.9821, -104.4052,  4328.0938, -1745.0890, -104.4052,  0, 0, 255
L 4328.0938, -1745.0890, -104.4052,  4327.2817, -1756.0929, -104.4052,  0, 0, 255
L 4327.2817, -1756.0929, -104.4052,  4317.9922, -1818.5623, -104.4052,  0, 0, 255
L 4317.9922, -1818.5623, -104.4052,  4303.2773, -1854.7905, -104.4052,  0, 0, 255
L 4303.2773, -1854.7905, -104.4052,  4302.9434, -1856.7620, -104.4052,  0, 0, 255
L 4302.9434, -1856.7620, -104.4052,  4302.5273, -1868.1677, -104.4052,  0, 0, 255
L 4302.5273, -1868.1677, -104.4052,  4283.8818, -1905.3385, -104.4052,  0, 0, 255
L 4283.8818, -1905.3385, -104.4052,  4279.1729, -1942.8246, -104.4052,  0, 0, 255
L 4279.1729, -1942.8246, -104.4052,  4275.5967, -1954.7125, -104.4052,  0, 0, 255
L 4275.5967, -1954.7125, -104.4052,  4275.4473, -2057.2366, -104.4052,  0, 0, 255
L 4275.4473, -2057.2366, -104.4052,  4267.3604, -2096.1758, -104.4052,  0, 0, 255
L 4267.3604, -2096.1758, -104.4052,  4262.3506, -2102.9624, -104.4052,  0, 0, 255
L 4262.3506, -2102.9624, -104.4052,  4262.0977, -2109.9075, -104.4052,  0, 0, 255
L 4262.0977, -2109.9075, -104.4052,  4235.4111, -2154.3511, -104.4052,  0, 0, 255
L 4235.4111, -2154.3511, -104.4052,  4230.1362, -2192.9495, -104.4052,  0, 0, 255
L 4230.1362, -2192.9495, -104.4052,  4225.8320, -2204.5315, -104.3325,  0, 0, 255
L 4225.8320, -2204.5315, -104.3325,  4217.2119, -2216.1431, -104.4052,  0, 0, 255
L 4217.2119, -2216.1431, -104.4052,  4165.0859, -2256.8694, -104.4052,  0, 0, 255
L 4165.0859, -2256.8694, -104.4052,  4116.9209, -2276.7642, -104.4052,  0, 0, 255
L 4116.9209, -2276.7642, -104.4052,  4088.9646, -2305.3125, -104.4052,  0, 0, 255
L 4088.9646, -2305.3125, -104.4052,  4069.3445, -2353.5464, -104.4052,  0, 0, 255
L 4069.3445, -2353.5464, -104.4052,  4034.7754, -2404.1055, -104.4052,  0, 0, 255
L 4034.7754, -2404.1055, -104.4052,  4034.2344, -2440.4976, -104.4052,  0, 0, 255
L 4034.2344, -2440.4976, -104.4052,  4033.6265, -2454.4607, -104.4052,  0, 0, 255
L 4033.6265, -2454.4607, -104.4052,  4021.7134, -2504.9666, -104.4052,  0, 0, 255
L 4021.7134, -2504.9666, -104.4052,  3967.7676, -2574.3284, -104.4052,  0, 0, 255
L 3967.7676, -2574.3284, -104.4052,  3936.3599, -2605.2886, -104.4052,  0, 0, 255
L 3936.3599, -2605.2886, -104.4052,  3917.6714, -2629.5806, -104.4052,  0, 0, 255
L 3917.6714, -2629.5806, -104.4052,  3892.2283, -2655.0425, -104.4052,  0, 0, 255
L 3892.2283, -2655.0425, -104.4052,  3892.5254, -2679.0242, -104.4052,  0, 0, 255
L 3892.5254, -2679.0242, -104.4052,  3883.7173, -2705.1133, -104.4052,  0, 0, 255
L 3883.7173, -2705.1133, -104.4052,  3876.3030, -2745.9602, -104.4052,  0, 0, 255
L 3876.3030, -2745.9602, -104.4052,  3872.1006, -2755.1951, -104.4052,  0, 0, 255
L 3872.1006, -2755.1951, -104.4052,  3866.9744, -2762.1084, -104.4052,  0, 0, 255
L 3866.9744, -2762.1084, -104.4052,  3826.6770, -2804.5745, -104.4052,  0, 0, 255
L 3826.6770, -2804.5745, -104.4052,  3828.0789, -2855.5896, -104.4052,  0, 0, 255
L 3828.0789, -2855.5896, -104.4052,  3836.4727, -2905.0259, -104.4052,  0, 0, 255
L 3836.4727, -2905.0259, -104.4052,  3837.5840, -2935.7073, -104.4052,  0, 0, 255
L 3837.5840, -2935.7073, -104.4052,  3835.1602, -2983.6714, -104.4052,  0, 0, 255
L 3835.1602, -2983.6714, -104.4052,  3831.4463, -3002.7837, -104.4052,  0, 0, 255
L 3831.4463, -3002.7837, -104.4052,  3821.4063, -3105.6504, -104.4052,  0, 0, 255
L 3821.4063, -3105.6504, -104.4052,  3816.9219, -3118.2461, -104.4052,  0, 0, 255
L 3816.9219, -3118.2461, -104.4052,  3797.7732, -3153.4966, -104.4052,  0, 0, 255
L 3916.3594, -3104.2417, -222.5455,  3866.4705, -3104.3687, -226.0446,  0, 0, 0
L 3866.4705, -3104.3687, -226.0446,  3860.6421, -3177.2769, -205.5935,  0, 0, 0
L 3860.6421, -3177.2769, -205.5935,  3834.8816, -3478.8406, -120.3751,  0, 0, 0
L 3834.8816, -3478.8406, -120.3751,  3830.4805, -3530.3560, -105.8136,  0, 0, 0
L 3830.4805, -3530.3560, -105.8136,  3828.6609, -3550.1189, -100.2490,  0, 0, 0
L 3828.6609, -3550.1189, -100.2490,  3808.8479, -3564.5315, -100.2490,  0, 0, 0
L 3916.3594, -3104.2417, -221.1735,  3915.2830, -3123.6531, -217.9106,  0, 0, 0
L 3915.2830, -3123.6531, -217.9106,  3900.7134, -3314.8594, -169.7884,  0, 0, 0
L 3900.7134, -3314.8594, -169.7884,  3894.5828, -3395.3206, -149.5359,  0, 0, 0
L 3894.5828, -3395.3206, -149.5359,  3889.8008, -3458.0813, -133.7387,  0, 0, 0
L 3889.8008, -3458.0813, -133.7387,  3884.2771, -3530.5271, -115.5165,  0, 0, 0
L 3884.2771, -3530.5271, -115.5165,  3879.6736, -3590.9080, -100.2490,  0, 0, 0
L 3879.6736, -3590.9080, -100.2490,  3812.7024, -3621.8101, -100.2490,  0, 0, 0
L 3812.7024, -3621.8101, -100.2490,  3810.6038, -3626.4175, -100.2490,  0, 0, 0
L 1188.0375, -704.8693, -63.2216,  1169.0181, -703.9481, -63.0583,  240, 240, 240
L 1170.4149, -704.0157, -63.0583,  1165.1858, -703.5113, -63.2173,  240, 240, 240
L 1165.1858, -703.5113, -63.2173,  1166.5093, -656.0089, -58.4077,  240, 240, 240
L 1166.5093, -656.0089, -58.4077,  1115.1532, -654.5900, -63.2802,  240, 240, 240
L 1115.1532, -654.5900, -63.2802,  1116.9706, -603.6570, -62.6011,  240, 240, 240
L 1116.9706, -603.6570, -62.6011,  766.6418, -603.9139, -63.1053,  240, 240, 240
L 766.6418, -603.9139, -63.1053,  567.2433, -604.2464, -63.2566,  240, 240, 240
L 567.2433, -604.2464, -63.2566,  566.4797, -556.4545, -59.5636,  240, 240, 240
L 566.4797, -556.4545, -59.5636,  517.7639, -553.9756, -63.1156,  240, 240, 240
L 517.7639, -553.9756, -63.1156,  516.5281, -302.0613, -55.7593,  240, 240, 240
L 516.5281, -302.0613, -55.7593,  517.1229, -252.7207, -63.2634,  240, 240, 240
L 517.1229, -252.7207, -63.2634,  617.6599, -153.2504, -10.5728,  240, 240, 240
L 617.6599, -153.2504, -10.5728,  616.7875, -92.4222, -18.4356,  240, 240, 240
L 616.7875, -92.4222, -18.4356,  618.5696, -46.5892, -26.3771,  240, 240, 240
L 618.5696, -46.5892, -26.3771,  623.3935, 3.8556, -58.5457,  240, 240, 240
L 623.3935, 3.8556, -58.5457,  712.6176, 90.4645, -37.9505,  240, 240, 240
L 712.6176, 90.4645, -37.9505,  760.0067, 139.6445, -56.5672,  240, 240, 240
L 760.0067, 139.6445, -56.5672,  767.5505, 147.4013, -59.4664,  240, 240, 240
L 767.5505, 147.4013, -59.4664,  816.9053, 145.3383, -54.2678,  240, 240, 240
L 816.9053, 145.3383, -54.2678,  816.5658, 195.9810, -59.3980,  240, 240, 240
L 816.5658, 195.9810, -59.3980,  867.1552, 246.9980, -43.7132,  240, 240, 240
L 867.1552, 246.9980, -43.7132,  866.7034, 392.6433, -44.3054,  240, 240, 240
L 866.7034, 392.6433, -44.3054,  816.2180, 396.4966, -63.2016,  240, 240, 240
L 816.2180, 396.4966, -63.2016,  815.6068, 493.2968, -48.4535,  240, 240, 240
L 815.6068, 493.2968, -48.4535,  766.3687, 495.7492, -63.2802,  240, 240, 240
L 766.3687, 495.7492, -63.2802,  716.6967, 495.5865, -63.2333,  240, 240, 240
L 716.6967, 495.5865, -63.2333,  716.8723, 573.8824, -59.4006,  240, 240, 240
L 716.8723, 573.8824, -59.4006,  717.2859, 651.7203, -55.5553,  240, 240, 240
L 717.2859, 651.7203, -55.5553,  717.2639, 698.6827, -59.5855,  240, 240, 240
L 717.2639, 698.6827, -59.5855,  767.7523, 746.2877, -59.3500,  240, 240, 240
L 767.7523, 746.2877, -59.3500,  817.0601, 745.5966, -42.3536,  240, 240, 240
L 817.0601, 745.5966, -42.3536,  865.2303, 794.5201, -62.7379,  240, 240, 240
L 865.2303, 794.5201, -62.7379,  868.2765, 795.1169, -62.2865,  240, 240, 240
L 868.2765, 795.1169, -62.2865,  918.6247, 796.0027, -62.7665,  240, 240, 240
L 918.6247, 796.0027, -62.7665,  967.2994, 845.8783, -63.2464,  240, 240, 240
L 967.2994, 845.8783, -63.2464,  1019.7734, 897.9373, -63.2802,  240, 240, 240
L 1019.7734, 897.9373, -63.2802,  1066.3279, 896.2396, -63.2802,  240, 240, 240
L 1066.3279, 896.2396, -63.2802,  1117.0985, 895.9340, -50.3902,  240, 240, 240
L 1117.0985, 895.9340, -50.3902,  1169.3535, 895.7958, -58.8335,  240, 240, 240
L 1169.3535, 895.7958, -58.8335,  1221.0143, 896.4385, -52.4460,  240, 240, 240
L 1221.0143, 896.4385, -52.4460,  1267.8053, 949.7382, 9.1999,  240, 240, 240
L 1267.8053, 949.7382, 9.1999,  1266.8677, 996.0121, 4.1041,  240, 240, 240
L 1266.8677, 996.0121, 4.1041,  1167.1859, 995.6023, -62.7974,  240, 240, 240
L 1167.1859, 995.6023, -62.7974,  1115.3855, 995.8715, -48.2206,  240, 240, 240
L 1115.3855, 995.8715, -48.2206,  1068.5751, 1044.5905, -62.8489,  240, 240, 240
L 1068.5751, 1044.5905, -62.8489,  1065.4159, 1095.6587, -63.2802,  240, 240, 240
L 1065.4159, 1095.6587, -63.2802,  1016.5258, 1094.7920, -63.2802,  240, 240, 240
L 1016.5258, 1094.7920, -63.2802,  1017.0001, 1143.9469, -59.5242,  240, 240, 240
L 1017.0001, 1143.9469, -59.5242,  982.4264, 1145.4644, -54.0279,  240, 240, 240
L 982.4264, 1145.4644, -54.0279,  863.3875, 1145.7360, -44.2678,  240, 240, 240
L 863.3875, 1145.7360, -44.2678,  815.4363, 1146.0742, -51.7828,  240, 240, 240
L 815.4363, 1146.0742, -51.7828,  814.9178, 1195.2682, -40.6013,  240, 240, 240
L 814.9178, 1195.2682, -40.6013,  766.8649, 1195.3015, -55.5121,  240, 240, 240
L 766.8649, 1195.3015, -55.5121,  767.4886, 1246.1100, -34.5473,  240, 240, 240
L 767.4886, 1246.1100, -34.5473,  715.5588, 1247.7764, -62.1707,  240, 240, 240
L 715.5588, 1247.7764, -62.1707,  716.8519, 1296.5082, -61.6404,  240, 240, 240
L 716.8519, 1296.5082, -61.6404,  664.3716, 1296.0984, -59.1511,  240, 240, 240
L 664.3716, 1296.0984, -59.1511,  667.0403, 1347.7775, -56.5371,  240, 240, 240
L 667.0403, 1347.7775, -56.5371,  616.4716, 1345.6366, -59.1894,  240, 240, 240
L 616.4716, 1345.6366, -59.1894,  619.2820, 1396.2228, -58.6731,  240, 240, 240
L 619.2820, 1396.2228, -58.6731,  515.4581, 1396.5730, -62.9786,  240, 240, 240
L 515.4581, 1396.5730, -62.9786,  509.3348, 1446.9036, -41.4464,  240, 240, 240
L 509.3348, 1446.9036, -41.4464,  465.8306, 1447.5126, -62.8922,  240, 240, 240
L 465.8306, 1447.5126, -62.8922,  465.3890, 1497.7151, -47.0675,  240, 240, 240
L 465.3890, 1497.7151, -47.0675,  414.3173, 1496.5133, -63.2802,  240, 240, 240
L 414.3173, 1496.5133, -63.2802,  416.4127, 1596.4508, -55.3057,  240, 240, 240
L 416.4127, 1596.4508, -55.3057,  365.0528, 1599.3905, -63.2802,  240, 240, 240
L 365.0528, 1599.3905, -63.2802,  367.0454, 1743.5702, -64.0197,  240, 240, 240
L 166.8993, 1695.1981, -63.2802,  117.4021, 1646.2853, -59.2989,  240, 240, 240
L 117.4021, 1646.2853, -59.2989,  117.5493, 1544.2671, -63.2802,  240, 240, 240
L 117.5493, 1544.2671, -63.2802,  66.3369, 1494.2040, -54.8965,  240, 240, 240
L 66.3369, 1494.2040, -54.8965,  67.1182, 1444.3452, -63.2802,  240, 240, 240
L 67.1182, 1444.3452, -63.2802,  16.8790, 1394.8368, -63.2802,  240, 240, 240
L 16.8790, 1394.8368, -63.2802,  -33.7153, 1395.5609, -59.2417,  240, 240, 240
L -33.7153, 1395.5609, -59.2417,  -84.2206, 1345.2346, -63.2802,  240, 240, 240
L -84.2206, 1345.2346, -63.2802,  -133.2966, 1396.1477, -41.8870,  240, 240, 240
L -133.2966, 1396.1477, -41.8870,  -227.2801, 1395.4784, -62.3483,  240, 240, 240
L -227.2801, 1395.4784, -62.3483,  -283.8508, 1395.5697, -63.2802,  240, 240, 240
L -283.8508, 1395.5697, -63.2802,  -283.6200, 1445.9249, -50.9680,  240, 240, 240
L -283.6200, 1445.9249, -50.9680,  -385.1918, 1442.7793, -63.2802,  240, 240, 240
L -385.1918, 1442.7793, -63.2802,  -534.6382, 1293.8125, -63.2802,  240, 240, 240
L -534.6382, 1293.8125, -63.2802,  -582.3091, 1295.2664, -59.4575,  240, 240, 240
L -582.3091, 1295.2664, -59.4575,  -633.3342, 1244.9779, -63.2802,  240, 240, 240
L -633.3342, 1244.9779, -63.2802,  -684.1667, 1245.1664, -62.8685,  240, 240, 240
L -684.1667, 1245.1664, -62.8685,  -731.5699, 1196.5753, -63.2802,  240, 240, 240
L -731.5699, 1196.5753, -63.2802,  -831.6601, 1195.5928, -63.2577,  240, 240, 240
L -831.6601, 1195.5928, -63.2577,  -1030.2653, 1195.8905, -62.5190,  240, 240, 240
L -1030.2653, 1195.8905, -62.5190,  -981.8569, 1145.0338, -63.2802,  240, 240, 240
L -981.8569, 1145.0338, -63.2802,  -982.5031, 943.6533, -63.2802,  240, 240, 240
L -982.5031, 943.6533, -63.2802,  -1083.1193, 845.0266, -63.1866,  240, 240, 240
L -1083.1193, 845.0266, -63.1866,  -1183.5739, 845.7573, -44.2786,  240, 240, 240
L -1183.5739, 845.7573, -44.2786,  -1182.6044, 745.7771, -43.4080,  240, 240, 240
L -1182.6044, 745.7771, -43.4080,  -1129.1384, 798.5915, -55.9636,  240, 240, 240
L -1129.1384, 798.5915, -55.9636,  -1081.9315, 796.5938, -58.8822,  240, 240, 240
L -1081.9315, 796.5938, -58.8822,  -1031.3009, 847.2027, -63.2123,  240, 240, 240
L -1031.3009, 847.2027, -63.2123,  -983.0731, 846.0195, -46.6287,  240, 240, 240
L -983.0731, 846.0195, -46.6287,  -931.6830, 896.9786, -59.4603,  240, 240, 240
L -931.6830, 896.9786, -59.4603,  -833.5314, 895.7789, -62.9902,  240, 240, 240
L -833.5314, 895.7789, -62.9902,  -830.3541, 845.5832, -38.8031,  240, 240, 240
L -830.3541, 845.5832, -38.8031,  -782.0150, 846.0115, -55.4915,  240, 240, 240
L -782.0150, 846.0115, -55.4915,  -732.6348, 846.8997, -59.4536,  240, 240, 240
L -732.6348, 846.8997, -59.4536,  -731.6631, 795.5178, -59.2437,  240, 240, 240
L -731.6631, 795.5178, -59.2437,  -684.3215, 797.0225, -63.1594,  240, 240, 240
L -684.3215, 797.0225, -63.1594,  -682.4457, 794.1341, -63.2536,  240, 240, 240
L -682.4457, 794.1341, -63.2536,  -681.8765, 697.7527, -63.2091,  240, 240, 240
L -681.8765, 697.7527, -63.2091,  -631.3577, 695.5728, -63.1692,  240, 240, 240
L -631.3577, 695.5728, -63.1692,  -630.1816, 646.2806, -63.2483,  240, 240, 240
L -630.1816, 646.2806, -63.2483,  -581.4564, 646.1581, -63.1057,  240, 240, 240
L -581.4564, 646.1581, -63.1057,  -582.0835, 596.1428, -63.2588,  240, 240, 240
L -582.0835, 596.1428, -63.2588,  -534.6021, 596.1648, -63.2570,  240, 240, 240
L -534.6021, 596.1648, -63.2570,  -532.2878, 593.1185, -63.1604,  240, 240, 240
L -532.2878, 593.1185, -63.1604,  -533.1684, 545.1125, -63.1853,  240, 240, 240
L -533.1684, 545.1125, -63.1853,  -643.3544, 435.3957, -56.7625,  240, 240, 240
L -643.3544, 435.3957, -56.7625,  -684.7346, 395.0450, -63.1915,  240, 240, 240
L -684.7346, 395.0450, -63.1915,  -732.8494, 395.4391, -59.4076,  240, 240, 240
L -732.8494, 395.4391, -59.4076,  -782.7065, 344.6587, -63.2802,  240, 240, 240
L -782.7065, 344.6587, -63.2802,  -883.7155, 345.4333, -51.2186,  240, 240, 240
L -883.7155, 345.4333, -51.2186,  -929.7332, 295.4429, -63.0401,  240, 240, 240
L -929.7332, 295.4429, -63.0401,  -1031.6321, 295.2781, -63.2802,  240, 240, 240
L -1031.6321, 295.2781, -63.2802,  -1082.3173, 246.2112, -63.2802,  240, 240, 240
L -1082.3173, 246.2112, -63.2802,  -1081.6090, 198.3613, -63.2802,  240, 240, 240
L -1081.6090, 198.3613, -63.2802,  -1134.5110, 143.9446, -51.1829,  240, 240, 240
L -1134.5110, 143.9446, -51.1829,  -1231.7222, 45.1342, -36.7728,  240, 240, 240
L -1231.7222, 45.1342, -36.7728,  -1232.2615, -396.9923, -49.3539,  240, 240, 240
L -1232.2615, -396.9923, -49.3539,  -1231.8972, -453.2310, -42.9529,  240, 240, 240
L -1231.8972, -453.2310, -42.9529,  -1183.1123, -456.8883, -62.7371,  240, 240, 240
L -1183.1123, -456.8883, -62.7371,  -1182.8286, -502.3603, -63.1137,  240, 240, 240
L -1182.8286, -502.3603, -63.1137,  -984.0918, -503.8613, -59.4960,  240, 240, 240
L -984.0918, -503.8613, -59.4960,  -931.8828, -452.4308, -63.2802,  240, 240, 240
L -931.8828, -452.4308, -63.2802,  -833.5721, -454.1350, -63.2346,  240, 240, 240
L -833.5721, -454.1350, -63.2346,  -832.4429, -654.5709, -8.9891,  240, 240, 240
L -832.4429, -654.5709, -8.9891,  -782.2067, -715.9593, -63.2349,  240, 240, 240
L -782.2067, -715.9593, -63.2349,  -782.7599, -803.3420, -59.1822,  240, 240, 240
L -782.7599, -803.3420, -59.1822,  -731.8322, -805.7809, -62.6613,  240, 240, 240
L -731.8322, -805.7809, -62.6613,  -732.5847, -854.1913, -51.3055,  240, 240, 240
L -732.5847, -854.1913, -51.3055,  -681.6622, -855.2654, -63.1035,  240, 240, 240
L -681.6622, -855.2654, -63.1035,  -682.2120, -955.5892, -59.4982,  240, 240, 240
L -682.2120, -955.5892, -59.4982,  -682.2653, -1058.3322, -55.3094,  240, 240, 240
L -682.2653, -1058.3322, -55.3094,  -631.8100, -1055.2140, -63.1258,  240, 240, 240
L -631.8100, -1055.2140, -63.1258,  -632.7488, -1206.0692, -63.2802,  240, 240, 240
L -632.7488, -1206.0692, -63.2802,  -732.8057, -1304.0120, -47.1822,  240, 240, 240
L -732.8057, -1304.0120, -47.1822,  -732.2476, -1453.9629, -59.3863,  240, 240, 240
L -732.2476, -1453.9629, -59.3863,  -782.5670, -1503.9789, -63.2016,  240, 240, 240
L -782.5670, -1503.9789, -63.2016,  -833.4337, -1504.7809, -55.5482,  240, 240, 240
L -833.4337, -1504.7809, -55.5482,  -879.0687, -1550.2660, -62.6084,  240, 240, 240
L -879.0687, -1550.2660, -62.6084,  -936.4870, -1554.7195, -51.6966,  240, 240, 240
L -936.4870, -1554.7195, -51.6966,  -1033.0104, -1553.9026, -61.9254,  240, 240, 240
L -1033.0104, -1553.9026, -61.9254,  -1181.2102, -1554.2240, -63.2802,  240, 240, 240
L -1181.2102, -1554.2240, -63.2802,  -1183.4314, -1607.6284, -63.2291,  240, 240, 240
L -1183.4314, -1607.6284, -63.2291,  -1232.7477, -1654.4373, -59.1995,  240, 240, 240
L -1232.7477, -1654.4373, -59.1995,  -1232.5377, -1755.2001, -58.8538,  240, 240, 240
L -1232.5377, -1755.2001, -58.8538,  -1140.7461, -1662.2749, -60.8939,  240, 240, 240
L -1140.7461, -1662.2749, -60.8939,  -1108.4414, -1628.6848, -63.2802,  240, 240, 240
L -1108.4414, -1628.6848, -63.2802,  -1082.1632, -1602.8467, -63.2802,  240, 240, 240
L -1082.1632, -1602.8467, -63.2802,  -930.4764, -1604.0082, -63.2802,  240, 240, 240
L -930.4764, -1604.0082, -63.2802,  -928.6750, -1653.0796, -37.9276,  240, 240, 240
L -928.6750, -1653.0796, -37.9276,  -870.3723, -1653.2416, -60.2986,  240, 240, 240
L -870.3723, -1653.2416, -60.2986,  -834.5718, -1653.1206, -63.1399,  240, 240, 240
L -834.5718, -1653.1206, -63.1399,  -832.5482, -1654.3633, -63.1032,  240, 240, 240
L -832.5482, -1654.3633, -63.1032,  -832.2399, -1704.5636, -31.0289,  240, 240, 240
L -832.2399, -1704.5636, -31.0289,  -782.7756, -1720.2920, -60.4502,  240, 240, 240
L -782.7756, -1720.2920, -60.4502,  -782.4517, -1805.4226, -59.5002,  240, 240, 240
L -782.4517, -1805.4226, -59.5002,  -832.5231, -1854.4116, -59.2346,  240, 240, 240
L -832.5231, -1854.4116, -59.2346,  -932.6454, -1878.1011, -61.2356,  240, 240, 240
L -932.6454, -1878.1011, -61.2356,  -983.8215, -1955.4469, -15.2161,  240, 240, 240
L -983.8215, -1955.4469, -15.2161,  -983.6536, -2008.3290, -28.2540,  240, 240, 240
L -1013.1200, -2035.9325, -29.9887,  -954.3321, -1976.1406, -39.0050,  240, 240, 240
L -954.3321, -1976.1406, -39.0050,  -882.6671, -1904.1536, -51.1531,  240, 240, 240
L -882.6671, -1904.1536, -51.1531,  -831.5286, -1853.4807, -59.4206,  240, 240, 240
L -831.5286, -1853.4807, -59.4206,  -784.8652, -1853.7886, -63.0902,  240, 240, 240
L -784.8652, -1853.7886, -63.0902,  -682.4257, -1854.6139, -63.2019,  240, 240, 240
L -682.4257, -1854.6139, -63.2019,  -682.4271, -1904.8882, -52.9729,  240, 240, 240
L -682.4271, -1904.8882, -52.9729,  -641.7014, -1903.9915, -61.8140,  240, 240, 240
L -641.7014, -1903.9915, -61.8140,  -630.7764, -1904.1046, -63.2802,  240, 240, 240
L -630.7764, -1904.1046, -63.2802,  -632.5594, -1953.1666, -55.6156,  240, 240, 240
L -632.5594, -1953.1666, -55.6156,  -580.5807, -1955.0059, -63.2802,  240, 240, 240
L -580.5807, -1955.0059, -63.2802,  -581.6133, -2002.5641, -63.2802,  240, 240, 240
L -581.6133, -2002.5641, -63.2802,  -633.9256, -2055.5796, -51.8084,  240, 240, 240
L -633.9256, -2055.5796, -51.8084,  -732.8350, -2154.7561, -63.2802,  240, 240, 240
L -732.8350, -2154.7561, -63.2802,  -781.9495, -2154.7400, -63.2802,  240, 240, 240
L -781.9495, -2154.7400, -63.2802,  -883.2625, -2255.0933, -62.7089,  240, 240, 240
L -883.2625, -2255.0933, -62.7089,  -933.8757, -2254.8140, -39.5424,  240, 240, 240
L -933.8757, -2254.8140, -39.5424,  -983.1605, -2303.0376, -61.4177,  240, 240, 240
L -983.1605, -2303.0376, -61.4177,  -1182.1294, -2304.4036, -55.5599,  240, 240, 240
L -1182.1294, -2304.4036, -55.5599,  -1232.4214, -2304.9458, -47.9583,  240, 240, 240
L -1232.4214, -2304.9458, -47.9583,  -1232.0973, -2354.7361, -63.2321,  240, 240, 240
L -1232.0973, -2354.7361, -63.2321,  -1232.4132, -2401.0789, -59.6115,  240, 240, 240
L -1232.4132, -2401.0789, -59.6115,  -1182.1233, -2403.5774, -63.2802,  240, 240, 240
L -1182.1233, -2403.5774, -63.2802,  -1181.5182, -2505.6531, -63.0612,  240, 240, 240
L -1181.5182, -2505.6531, -63.0612,  -1232.5781, -2554.7688, -43.8893,  240, 240, 240
L -1232.5781, -2554.7688, -43.8893,  -1232.7798, -2704.8665, -38.6971,  240, 240, 240
L -1232.7798, -2704.8665, -38.6971,  -1184.8594, -2702.9998, -62.0240,  240, 240, 240
L -1184.8594, -2702.9998, -62.0240,  -1182.9467, -2755.4756, -61.7523,  240, 240, 240
L -1182.9467, -2755.4756, -61.7523,  -1132.4391, -2753.8650, -61.9483,  240, 240, 240
L -1132.4391, -2753.8650, -61.9483,  -1132.4806, -2804.9202, -62.0988,  240, 240, 240
L -1132.4806, -2804.9202, -62.0988,  -1078.9867, -2804.2813, -55.4309,  240, 240, 240
L -1078.9867, -2804.2813, -55.4309,  -1083.0333, -2854.7439, -16.9832,  240, 240, 240
L -1083.0333, -2854.7439, -16.9832,  -1142.6686, -2856.6194, 29.4079,  240, 240, 240
L -1142.6686, -2856.6194, 29.4079,  -1132.6422, -2802.6709, -63.1111,  240, 240, 240
L -1132.6422, -2802.6709, -63.1111,  -1183.5431, -2804.3943, -32.9503,  240, 240, 240
L -1183.5431, -2804.3943, -32.9503,  -1183.7003, -2755.2471, -59.7419,  240, 240, 240
L -1183.7003, -2755.2471, -59.7419,  -1231.5122, -2752.9524, 1.5410,  240, 240, 240
L -1231.5122, -2752.9524, 1.5410,  -1233.4060, -2706.3606, -34.8545,  240, 240, 240
L -1233.4060, -2706.3606, -34.8545,  -1181.7542, -2649.7212, -49.5917,  240, 240, 240
L -1181.7542, -2649.7212, -49.5917,  -1183.2477, -2605.0415, -55.3840,  240, 240, 240
L -1183.2477, -2605.0415, -55.3840,  -1130.5773, -2551.2776, -25.8601,  240, 240, 240
L -1130.5773, -2551.2776, -25.8601,  -1125.7228, -2496.7400, -58.8457,  240, 240, 240
L -1125.7228, -2496.7400, -58.8457,  -1079.2842, -2449.9634, -54.4607,  240, 240, 240
L -1079.2842, -2449.9634, -54.4607,  -983.7560, -2304.5513, -63.2365,  240, 240, 240
L -983.7560, -2304.5513, -63.2365,  -932.0862, -2303.8892, -55.1037,  240, 240, 240
L -932.0862, -2303.8892, -55.1037,  -882.6625, -2253.9910, -63.1251,  240, 240, 240
L -882.6625, -2253.9910, -63.1251,  -777.6406, -2254.1548, -59.5290,  240, 240, 240
L -777.6406, -2254.1548, -59.5290,  -631.9546, -2253.9917, -63.2802,  240, 240, 240
L -631.9546, -2253.9917, -63.2802,  -632.5940, -2302.8677, -59.4716,  240, 240, 240
L -632.5940, -2302.8677, -59.4716,  -582.3406, -2300.9661, -63.2802,  240, 240, 240
L -582.3406, -2300.9661, -63.2802,  -582.7299, -2351.9009, -59.4983,  240, 240, 240
L -582.7299, -2351.9009, -59.4983,  -583.2781, -2453.6636, 10.3043,  240, 240, 240
L -583.2781, -2453.6636, 10.3043,  -531.6149, -2403.3992, -63.2802,  240, 240, 240
L -531.6149, -2403.3992, -63.2802,  -532.6965, -2655.0181, -63.2802,  240, 240, 240
L -532.6965, -2655.0181, -63.2802,  -631.9537, -2753.6177, -51.6285,  240, 240, 240
L -631.9537, -2753.6177, -51.6285,  -631.9300, -2905.1453, -59.3846,  240, 240, 240
L -631.9300, -2905.1453, -59.3846,  -632.5641, -3004.7710, -63.2443,  240, 240, 240
L -632.5641, -3004.7710, -63.2443,  -682.8638, -3054.1602, -35.2944,  240, 240, 240
L -682.8638, -3054.1602, -35.2944,  -682.4698, -3106.0513, -59.5479,  240, 240, 240
L -682.4698, -3106.0513, -59.5479,  -734.2311, -3155.6575, -54.9452,  240, 240, 240
L -734.2311, -3155.6575, -54.9452,  -782.1113, -3203.5525, -58.6476,  240, 240, 240
L -782.1113, -3203.5525, -58.6476,  -831.5904, -3204.1331, -20.4420,  240, 240, 240
L -732.8582, -3154.5037, -54.3048,  -682.3121, -3155.1897, -63.2802,  240, 240, 240
L -682.3121, -3155.1897, -63.2802,  -681.9268, -3204.3938, -63.2812,  240, 240, 240
L -681.9268, -3204.3938, -63.2812,  -629.0460, -3255.7017, -63.8874,  240, 240, 240
L -629.0460, -3255.7017, -63.8874,  -626.7498, -3408.4788, -39.5048,  240, 240, 240
L 1267.0502, -3054.9639, -46.5803,  1166.4462, -3053.1060, -58.8372,  240, 240, 240
L 1217.5753, -3009.2842, -62.6966,  1216.9982, -3102.7039, -55.1467,  240, 240, 240
L 1267.0499, -3103.7410, -50.3911,  1267.0833, -3150.9690, -22.0418,  240, 240, 240
L 1267.0833, -3150.9690, -22.0418,  1260.9856, -3153.9346, -15.4932,  240, 240, 240
L 1218.0048, -3003.8506, -61.1681,  1167.0249, -3004.8074, -58.5901,  240, 240, 240
L 1016.5161, -2854.1160, -58.6016,  1016.3596, -2803.2178, -35.8329,  240, 240, 240
L 216.4360, -2453.4065, -62.1064,  174.0692, -2454.3184, -45.6122,  240, 240, 240
L 174.0692, -2454.3184, -45.6122,  166.5957, -2454.0801, -42.1044,  240, 240, 240
L 166.5957, -2454.0801, -42.1044,  165.7363, -2404.5203, -61.7499,  240, 240, 240
L 165.7363, -2404.5203, -61.7499,  118.3650, -2404.4607, -50.7883,  240, 240, 240
L 118.3650, -2404.4607, -50.7883,  117.0361, -2352.5325, -63.2802,  240, 240, 240
L 117.0361, -2352.5325, -63.2802,  67.0736, -2353.9717, -63.1192,  240, 240, 240
L 67.0736, -2353.9717, -63.1192,  68.0716, -2302.9993, -63.2131,  240, 240, 240
L 68.0716, -2302.9993, -63.2131,  16.6971, -2303.7007, -54.1761,  240, 240, 240
L 16.6971, -2303.7007, -54.1761,  16.2160, -2154.4756, -62.6647,  240, 240, 240
L 16.2160, -2154.4756, -62.6647,  -33.0025, -2155.6602, -41.6642,  240, 240, 240
L -33.0025, -2155.6602, -41.6642,  -33.5889, -2104.9446, -24.5292,  240, 240, 240
L -33.5889, -2104.9446, -24.5292,  26.7022, -2094.6665, -59.0727,  240, 240, 240
L 26.7022, -2094.6665, -59.0727,  49.7627, -2070.0601, -55.6530,  240, 240, 240
L 49.7627, -2070.0601, -55.6530,  65.7607, -2049.3711, -55.5566,  240, 240, 240
L 65.7607, -2049.3711, -55.5566,  67.6240, -2033.4979, -57.8227,  240, 240, 240
L 67.6240, -2033.4979, -57.8227,  68.1328, -1986.2924, -56.8970,  240, 240, 240
L 68.1328, -1986.2924, -56.8970,  68.0935, -1856.7075, -59.3740,  240, 240, 240
L 68.0935, -1856.7075, -59.3740,  67.4875, -1778.1438, -57.3838,  240, 240, 240
L 67.4875, -1778.1438, -57.3838,  68.1398, -1752.6204, -54.7624,  240, 240, 240
L 68.1398, -1752.6204, -54.7624,  122.3369, -1698.6251, -59.4771,  240, 240, 240
L 122.3369, -1698.6251, -59.4771,  166.3812, -1654.6687, -62.9730,  240, 240, 240
L 166.3812, -1654.6687, -62.9730,  167.3799, -1649.9174, -62.6330,  240, 240, 240
L 167.3799, -1649.9174, -62.6330,  166.9299, -1605.3336, -55.4172,  240, 240, 240
L 166.9299, -1605.3336, -55.4172,  216.8827, -1554.3931, -59.2796,  240, 240, 240
L 216.8827, -1554.3931, -59.2796,  218.1464, -1351.5000, -62.7350,  240, 240, 240
L 218.1464, -1351.5000, -62.7350,  267.4006, -1303.1306, -63.2158,  240, 240, 240
L 267.4006, -1303.1306, -63.2158,  267.4735, -1254.1847, -59.3976,  240, 240, 240
L 267.4735, -1254.1847, -59.3976,  317.0818, -1203.6227, -63.0035,  240, 240, 240
L 317.0818, -1203.6227, -63.0035,  317.7690, -1100.1038, -55.8239,  240, 240, 240
L 317.7690, -1100.1038, -55.8239,  216.6305, -1103.9258, -16.9210,  240, 240, 240
L 216.6305, -1103.9258, -16.9210,  116.1759, -1103.3958, -63.2802,  240, 240, 240
L 116.1759, -1103.3958, -63.2802,  17.0876, -1103.5630, -63.2802,  240, 240, 240
L 17.0876, -1103.5630, -63.2802,  -86.3761, -1206.9213, -44.4169,  240, 240, 240
L -86.3761, -1206.9213, -44.4169,  -183.5753, -1304.2550, -51.5020,  240, 240, 240
L -183.5753, -1304.2550, -51.5020,  -234.5472, -1305.1194, -63.0429,  240, 240, 240
L -234.5472, -1305.1194, -63.0429,  -282.8816, -1354.3457, -50.6894,  240, 240, 240
L -282.8816, -1354.3457, -50.6894,  -432.5841, -1354.1516, -63.1011,  240, 240, 240
L -432.5841, -1354.1516, -63.1011,  -482.1023, -1354.0540, -55.5252,  240, 240, 240
L -482.1023, -1354.0540, -55.5252,  -482.6395, -1304.4020, -63.2351,  240, 240, 240
L -482.6395, -1304.4020, -63.2351,  -585.1352, -1304.0713, -59.5611,  240, 240, 240
L -585.1352, -1304.0713, -59.5611,  -631.9073, -1353.7008, -26.8623,  240, 240, 240
L -631.9073, -1353.7008, -26.8623,  -682.9650, -1411.4343, -62.7105,  240, 240, 240
L -682.9650, -1411.4343, -62.7105,  -683.0560, -1561.6403, -63.2802,  240, 240, 240
L -683.0560, -1561.6403, -63.2802,  -631.8311, -1605.2146, -41.2435,  240, 240, 240
L -631.8311, -1605.2146, -41.2435,  -631.7584, -1654.5088, -62.6715,  240, 240, 240
L -631.7584, -1654.5088, -62.6715,  -582.0739, -1655.6316, -32.3444,  240, 240, 240
L -582.0739, -1655.6316, -32.3444,  -582.2806, -1716.7704, -61.0498,  240, 240, 240
L -582.2806, -1716.7704, -61.0498,  -582.1970, -1804.4525, -63.1871,  240, 240, 240
L -582.1970, -1804.4525, -63.1871,  -533.0793, -1804.2383, -55.5124,  240, 240, 240
L -533.0793, -1804.2383, -55.5124,  -530.6705, -1853.3888, -62.5626,  240, 240, 240
L -530.6705, -1853.3888, -62.5626,  -484.8202, -1854.7122, -59.5328,  240, 240, 240
L -484.8202, -1854.7122, -59.5328,  -432.2562, -1803.8596, -34.3230,  240, 240, 240
L -432.2562, -1803.8596, -34.3230,  -378.4303, -1799.6404, -62.3765,  240, 240, 240
L -378.4303, -1799.6404, -62.3765,  -331.5020, -1752.8328, -59.4730,  240, 240, 240
L -331.5020, -1752.8328, -59.4730,  -332.5620, -1604.3545, -63.2626,  240, 240, 240
L -332.5620, -1604.3545, -63.2626,  -233.9358, -1606.7998, -48.4837,  240, 240, 240
L -233.9358, -1606.7998, -48.4837,  -233.1591, -1687.1082, -63.2802,  240, 240, 240
L -233.1591, -1687.1082, -63.2802,  -232.5758, -1855.3402, -52.8843,  240, 240, 240
L -232.5758, -1855.3402, -52.8843,  -335.7788, -1853.1655, 6.6594,  240, 240, 240
L -335.7788, -1853.1655, 6.6594,  -380.3146, -1801.7217, -62.9134,  240, 240, 240
L -380.3146, -1801.7217, -62.9134,  -438.9136, -1858.5829, -23.3098,  240, 240, 240
L -438.9136, -1858.5829, -23.3098,  -533.3669, -1951.3043, -63.2802,  240, 240, 240
L -533.3669, -1951.3043, -63.2802,  -532.2154, -2204.6287, -63.0960,  240, 240, 240
L -532.2154, -2204.6287, -63.0960,  -483.6384, -2206.0352, -48.1652,  240, 240, 240
L -483.6384, -2206.0352, -48.1652,  -482.7332, -2355.5464, -63.2628,  240, 240, 240
L -482.7332, -2355.5464, -63.2628,  -425.0546, -2367.0425, -36.6055,  240, 240, 240
L -425.0546, -2367.0425, -36.6055,  -430.0117, -2406.4463, -61.7438,  240, 240, 240
L -430.0117, -2406.4463, -61.7438,  -382.7086, -2403.5142, -34.1600,  240, 240, 240
L -382.7086, -2403.5142, -34.1600,  -383.1458, -2505.8147, -63.2802,  240, 240, 240
L -383.1458, -2505.8147, -63.2802,  -331.5772, -2504.3826, -58.6116,  240, 240, 240
L -331.5772, -2504.3826, -58.6116,  -332.1304, -2555.8638, -63.2802,  240, 240, 240
L -332.1304, -2555.8638, -63.2802,  -233.1955, -2554.8982, -50.5992,  240, 240, 240
L -233.1955, -2554.8982, -50.5992,  -232.8281, -2605.0940, -63.2802,  240, 240, 240
L -232.8281, -2605.0940, -63.2802,  -182.0683, -2604.3538, -49.8138,  240, 240, 240
L -182.0683, -2604.3538, -49.8138,  -181.8969, -2705.8816, -63.2802,  240, 240, 240
L -181.8969, -2705.8816, -63.2802,  166.9252, -2704.2747, -63.2802,  240, 240, 240
L 166.9252, -2704.2747, -63.2802,  219.7030, -2652.0208, -50.9154,  240, 240, 240
L 219.7030, -2652.0208, -50.9154,  255.9374, -2666.3831, -63.2802,  240, 240, 240
L 255.9374, -2666.3831, -63.2802,  318.0261, -2602.5850, -63.2802,  240, 240, 240
L 318.0261, -2602.5850, -63.2802,  316.1873, -2502.9224, -63.1048,  240, 240, 240
L 316.1873, -2502.9224, -63.1048,  266.6534, -2504.0918, -58.5112,  240, 240, 240
L 266.6534, -2504.0918, -58.5112,  267.2604, -2454.0994, -63.0457,  240, 240, 240
L 316.4829, -1605.1449, -58.7569,  420.5215, -1604.0204, 15.3127,  240, 240, 240
L 119.5540, -951.8517, -39.9669,  66.3172, -1005.2245, -59.4594,  240, 240, 240
L 66.3172, -1005.2245, -59.4594,  -35.0615, -1004.1630, -63.2802,  240, 240, 240
L -35.0615, -1004.1630, -63.2802,  -32.8016, -955.2347, -50.6499,  240, 240, 240
L -32.8016, -955.2347, -50.6499,  -83.4144, -954.6138, -63.2802,  240, 240, 240
L -83.4144, -954.6138, -63.2802,  -83.6579, -904.3315, -50.6259,  240, 240, 240
L -83.6579, -904.3315, -50.6259,  -129.2611, -905.1058, -62.3687,  240, 240, 240
L -129.2611, -905.1058, -62.3687,  -133.5739, -903.5137, -62.5493,  240, 240, 240
L -133.5739, -903.5137, -62.5493,  -132.8621, -803.4791, -57.5999,  240, 240, 240
L -132.8621, -803.4791, -57.5999,  -185.2878, -804.0327, -57.4697,  240, 240, 240
L -185.2878, -804.0327, -57.4697,  -182.9328, -752.7881, -35.9096,  240, 240, 240
L -182.9328, -752.7881, -35.9096,  -235.0559, -751.5163, -54.9518,  240, 240, 240
L -235.0559, -751.5163, -54.9518,  -233.0397, -703.6230, -23.3811,  240, 240, 240
L -233.0397, -703.6230, -23.3811,  -285.2018, -696.6942, -46.7379,  240, 240, 240
L -285.2018, -696.6942, -46.7379,  -326.8157, -604.0911, 49.2298,  240, 240, 240
L -281.1732, -622.4288, -29.8676,  -283.6824, -697.2944, -51.5803,  240, 240, 240
L -283.6824, -697.2944, -51.5803,  -284.0984, -754.7798, 0.3088,  240, 240, 240
L -284.0984, -754.7798, 0.3088,  -233.7441, -751.9382, -56.6832,  240, 240, 240
L -233.7441, -751.9382, -56.6832,  -232.9658, -805.2499, -19.9527,  240, 240, 240
L -232.9658, -805.2499, -19.9527,  -183.3414, -804.1741, -58.6379,  240, 240, 240
L -183.3414, -804.1741, -58.6379,  -182.8797, -954.2073, -18.4645,  240, 240, 240
L -182.8797, -954.2073, -18.4645,  -128.4336, -954.3799, -63.2802,  240, 240, 240
L -128.4336, -954.3799, -63.2802,  -132.5673, -1105.8170, -63.2802,  240, 240, 240
L -132.5673, -1105.8170, -63.2802,  -183.9890, -1155.4607, -51.8386,  240, 240, 240
L -183.9890, -1155.4607, -51.8386,  -248.2664, -1220.2971, -63.2802,  240, 240, 240
L -248.2664, -1220.2971, -63.2802,  -282.3965, -1254.4777, -63.2802,  240, 240, 240
L -282.3965, -1254.4777, -63.2802,  -333.0768, -1254.6996, -50.5481,  240, 240, 240
L -333.0768, -1254.6996, -50.5481,  -382.9602, -1304.8812, -63.2802,  240, 240, 240
L -382.9602, -1304.8812, -63.2802,  -428.6880, -1304.9625, -63.2802,  240, 240, 240
L -428.6880, -1304.9625, -63.2802,  -433.6823, -1303.7017, -63.1768,  240, 240, 240
L -433.6823, -1303.7017, -63.1768,  -432.9935, -1253.8716, -50.5144,  240, 240, 240
L -432.9935, -1253.8716, -50.5144,  -484.0250, -1252.7920, -62.5294,  240, 240, 240
L -484.0250, -1252.7920, -62.5294,  -484.3459, -1203.6299, -36.2859,  240, 240, 240
L -484.3459, -1203.6299, -36.2859,  -532.4734, -1190.6709, -61.7063,  240, 240, 240
L -532.4734, -1190.6709, -61.7063,  -533.0157, -1104.0131, -51.1639,  240, 240, 240
L -533.0157, -1104.0131, -51.1639,  -584.4964, -1104.4301, -63.2559,  240, 240, 240
L -584.4964, -1104.4301, -63.2559,  -584.3287, -904.6407, -55.7069,  240, 240, 240
L -584.3287, -904.6407, -55.7069,  -635.6509, -903.4470, -63.1724,  240, 240, 240
L -635.6509, -903.4470, -63.1724,  -632.9169, -852.8677, -52.8430,  240, 240, 240
L -632.9169, -852.8677, -52.8430,  -683.6805, -853.2414, -62.8568,  240, 240, 240
L -683.6805, -853.2414, -62.8568,  -683.0303, -804.3119, -51.5678,  240, 240, 240
L -683.0303, -804.3119, -51.5678,  -733.3563, -805.3845, -62.4902,  240, 240, 240
L -733.3563, -805.3845, -62.4902,  -733.1363, -703.6475, -59.4381,  240, 240, 240
L -733.1363, -703.6475, -59.4381,  -682.3470, -653.9105, -26.3464,  240, 240, 240
L -682.3470, -653.9105, -26.3464,  -682.8368, -603.3538, -43.4666,  240, 240, 240
L -682.8368, -603.3538, -43.4666,  -683.0938, -554.8564, -40.0105,  240, 240, 240
L -683.0938, -554.8564, -40.0105,  -731.9103, -554.3141, -62.8557,  240, 240, 240
L -731.9103, -554.3141, -62.8557,  -733.1698, -550.9747, -63.0028,  240, 240, 240
L -733.1698, -550.9747, -63.0028,  -733.4222, -504.0380, -58.9905,  240, 240, 240
L -733.4222, -504.0380, -58.9905,  -782.7927, -504.6581, -63.2101,  240, 240, 240
L -782.7927, -504.6581, -63.2101,  -779.2831, -454.8005, -51.1835,  240, 240, 240
L -779.2831, -454.8005, -51.1835,  -833.2997, -454.5922, -62.9914,  240, 240, 240
L -833.2997, -454.5922, -62.9914,  -833.9050, -402.2410, -63.2802,  240, 240, 240
L -833.9050, -402.2410, -63.2802,  -731.8752, -302.0901, -63.2802,  240, 240, 240
L -731.8752, -302.0901, -63.2802,  -685.4142, -304.1844, -55.5397,  240, 240, 240
L -685.4142, -304.1844, -55.5397,  -631.2222, -252.9030, -63.2531,  240, 240, 240
L -631.2222, -252.9030, -63.2531,  -331.7769, -253.6160, -59.2398,  240, 240, 240
L -331.7769, -253.6160, -59.2398,  -280.4419, -201.8065, -63.2732,  240, 240, 240
L -280.4419, -201.8065, -63.2732,  -231.8854, -203.5560, -55.3863,  240, 240, 240
L -231.8854, -203.5560, -55.3863,  -182.6447, -153.5362, -63.2058,  240, 240, 240
L -182.6447, -153.5362, -63.2058,  -132.0159, -152.4626, -55.6653,  240, 240, 240
L -132.0159, -152.4626, -55.6653,  -82.5924, -104.2441, -59.0566,  240, 240, 240
L -82.5924, -104.2441, -59.0566,  -31.7227, -103.8064, -51.6932,  240, 240, 240
L -31.7227, -103.8064, -51.6932,  68.2988, -103.8135, -63.0906,  240, 240, 240
L 68.2988, -103.8135, -63.0906,  66.8628, -153.7018, -42.8223,  240, 240, 240
L 66.8628, -153.7018, -42.8223,  119.4264, -154.5895, -62.0511,  240, 240, 240
L 119.4264, -154.5895, -62.0511,  116.9958, -203.3974, -62.7621,  240, 240, 240
L 116.9958, -203.3974, -62.7621,  117.6284, -253.9916, -47.7361,  240, 240, 240
L 117.6284, -253.9916, -47.7361,  168.9052, -254.0371, -57.1723,  240, 240, 240
L 168.9052, -254.0371, -57.1723,  167.4233, -458.0348, 5.0687,  240, 240, 240
L 167.4233, -458.0348, 5.0687,  162.1199, -515.9291, 52.0470,  240, 240, 240
L 162.1199, -515.9291, 52.0470,  216.5389, -502.6470, -58.2222,  240, 240, 240
L 216.5389, -502.6470, -58.2222,  268.7123, -504.2114, -54.9574,  240, 240, 240
L 268.7123, -504.2114, -54.9574,  318.2290, -560.5181, -21.3789,  240, 240, 240
L 318.2290, -560.5181, -21.3789,  341.5006, -604.2731, -51.7664,  240, 240, 240
L 341.5006, -604.2731, -51.7664,  375.7900, -604.6523, -44.9534,  240, 240, 240
L 375.7900, -604.6523, -44.9534,  420.8310, -600.1910, -48.2104,  240, 240, 240
L 420.8310, -600.1910, -48.2104,  450.3535, -570.9850, -45.3567,  240, 240, 240
L 450.3535, -570.9850, -45.3567,  467.0139, -555.9601, -44.3551,  240, 240, 240
L 517.3073, -654.3763, -62.9998,  317.3068, -653.9404, -55.4467,  240, 240, 240
L 317.3068, -653.9404, -55.4467,  317.1324, -603.9811, -59.1406,  240, 240, 240
L 317.1324, -603.9811, -59.1406,  266.8667, -603.9294, -45.6264,  240, 240, 240
L 266.8667, -603.9294, -45.6264,  267.1732, -504.9518, -59.2433,  240, 240, 240
L 267.1732, -504.9518, -59.2433,  267.2584, -453.8384, -14.4604,  240, 240, 240
L 267.2584, -453.8384, -14.4604,  216.7816, -454.5920, -58.6084,  240, 240, 240
L 216.7816, -454.5920, -58.6084,  217.6959, -348.3769, -50.6614,  240, 240, 240
L 217.6959, -348.3769, -50.6614,  217.4119, -302.2392, -29.7596,  240, 240, 240
L 217.4119, -302.2392, -29.7596,  168.2127, -254.4066, -58.1467,  240, 240, 240
L 168.2127, -254.4066, -58.1467,  166.8412, -202.0477, -54.7020,  240, 240, 240
L 166.8412, -202.0477, -54.7020,  118.1604, -200.6079, -62.7435,  240, 240, 240
L 118.1604, -200.6079, -62.7435,  61.5785, -200.7884, 34.9969,  240, 240, 240
L 61.5785, -200.7884, 34.9969,  66.9844, -152.4035, -43.6171,  240, 240, 240
L 66.9844, -152.4035, -43.6171,  117.1249, -104.5754, -59.3606,  240, 240, 240
L 117.1249, -104.5754, -59.3606,  117.0665, -52.7163, -42.3031,  240, 240, 240
L 117.0665, -52.7163, -42.3031,  66.2754, -50.1879, -63.2802,  240, 240, 240
L 66.2754, -50.1879, -63.2802,  67.5135, 298.8004, -63.1806,  240, 240, 240
L 67.5135, 298.8004, -63.1806,  116.6446, 347.7082, -48.2528,  240, 240, 240
L 116.6446, 347.7082, -48.2528,  115.7246, 397.4799, -59.6152,  240, 240, 240
L 115.7246, 397.4799, -59.6152,  151.1250, 449.7850, -49.9727,  240, 240, 240
L 151.1250, 449.7850, -49.9727,  116.8323, 496.0169, -63.2133,  240, 240, 240
L 116.8323, 496.0169, -63.2133,  65.5107, 496.3228, -63.2802,  240, 240, 240
L 65.5107, 496.3228, -63.2802,  68.1340, 696.6022, -35.7197,  240, 240, 240
L 68.1340, 696.6022, -35.7197,  15.0719, 698.2072, -62.6028,  240, 240, 240
L 15.0719, 698.2072, -62.6028,  -32.5864, 695.8885, -47.6727,  240, 240, 240
L -32.5864, 695.8885, -47.6727,  -31.8508, 750.9225, -63.2802,  240, 240, 240
L -31.8508, 750.9225, -63.2802,  -32.8178, 849.2464, -62.7952,  240, 240, 240
L -32.8178, 849.2464, -62.7952,  16.4772, 895.8712, -38.8739,  240, 240, 240
L 16.8048, 895.8654, -38.8739,  -36.5549, 896.8027, -59.1503,  240, 240, 240
L -36.5549, 896.8027, -59.1503,  -84.0845, 896.0693, -53.6288,  240, 240, 240
L -84.0845, 896.0693, -53.6288,  -83.2161, 945.6069, -62.6983,  240, 240, 240
L -83.2161, 945.6069, -62.6983,  -132.2150, 945.9725, -55.5543,  240, 240, 240
L -132.2150, 945.9725, -55.5543,  -132.5849, 1097.9513, -63.2802,  240, 240, 240
L -132.5849, 1097.9513, -63.2802,  -183.6317, 1096.0365, -36.8931,  240, 240, 240
L -183.6317, 1096.0365, -36.8931,  -182.1074, 1295.8180, -63.2550,  240, 240, 240
L -182.1074, 1295.8180, -63.2550,  -232.8094, 1301.3588, -31.7902,  240, 240, 240
L -232.8094, 1301.3588, -31.7902,  -233.4265, 1345.5499, -62.3394,  240, 240, 240
L -233.4265, 1345.5499, -62.3394,  -334.7462, 1345.8971, -63.2661,  240, 240, 240
L -334.7462, 1345.8971, -63.2661,  -382.7012, 1295.6731, -30.8143,  240, 240, 240
L -382.7012, 1295.6731, -30.8143,  -435.0592, 1296.2710, -52.1799,  240, 240, 240
L -435.0592, 1296.2710, -52.1799,  -486.0362, 1242.4087, -42.4799,  240, 240, 240
L -486.0362, 1242.4087, -42.4799,  -533.9084, 1195.2080, -55.4815,  240, 240, 240
L -533.9084, 1195.2080, -55.4815,  -532.8452, 1146.6832, -43.8174,  240, 240, 240
L -532.8452, 1146.6832, -43.8174,  -582.5367, 1147.0188, -51.7853,  240, 240, 240
L -582.5367, 1147.0188, -51.7853,  -582.7966, 1195.4978, -63.1646,  240, 240, 240
L -582.7966, 1195.4978, -63.1646,  -731.6039, 1196.6135, -63.2802,  240, 240, 240
L -731.6039, 1196.6135, -63.2802,  -782.1996, 1146.1482, -35.8633,  240, 240, 240
L -782.1996, 1146.1482, -35.8633,  -833.9791, 1093.4287, -26.4709,  240, 240, 240
L -833.9791, 1093.4287, -26.4709,  -882.6652, 1046.7809, -63.1590,  240, 240, 240
L -882.6652, 1046.7809, -63.1590,  -882.4766, 996.1351, -62.8515,  240, 240, 240
L -882.4766, 996.1351, -62.8515,  -832.7073, 995.6589, -50.3156,  240, 240, 240
L -832.7073, 995.6589, -50.3156,  -835.4296, 945.3021, -63.2353,  240, 240, 240
L -835.4296, 945.3021, -63.2353,  -732.6302, 945.2169, -59.2194,  240, 240, 240
L -732.6302, 945.2169, -59.2194,  -732.0789, 893.3702, -63.0841,  240, 240, 240
L -732.0789, 893.3702, -63.0841,  -682.1121, 895.8823, -62.6250,  240, 240, 240
L -682.1121, 895.8823, -62.6250,  -683.0508, 843.6833, -63.2587,  240, 240, 240
L -683.0508, 843.6833, -63.2587,  -584.1290, 846.3608, -42.3256,  240, 240, 240
L -584.1290, 846.3608, -42.3256,  -583.3906, 700.2590, -59.4213,  240, 240, 240
L -583.3906, 700.2590, -59.4213,  -582.7964, 696.7787, -59.1578,  240, 240, 240
L -582.7964, 696.7787, -59.1578,  -580.2861, 695.6353, -58.8032,  240, 240, 240
L -580.2861, 695.6353, -58.8032,  -533.4543, 696.0876, -47.1266,  240, 240, 240
L -533.4543, 696.0876, -47.1266,  -533.7253, 644.3494, -59.4922,  240, 240, 240
L -533.7253, 644.3494, -59.4922,  -483.3028, 645.9979, -31.7288,  240, 240, 240
L -483.3028, 645.9979, -31.7288,  -533.0934, 594.7106, -63.0259,  240, 240, 240
L -533.0934, 594.7106, -63.0259,  -484.1059, 595.3531, -51.8677,  240, 240, 240
L -484.1059, 595.3531, -51.8677,  -482.7815, 494.8945, -50.5576,  240, 240, 240
L -482.7815, 494.8945, -50.5576,  -581.8613, 396.6538, -51.3562,  240, 240, 240
L -581.8613, 396.6538, -51.3562,  -632.7560, 395.5485, -58.7253,  240, 240, 240
L -632.7560, 395.5485, -58.7253,  -634.4703, 394.9397, -59.2820,  240, 240, 240
L -634.4703, 394.9397, -59.2820,  -685.8857, 343.3753, -51.6949,  240, 240, 240
L -685.8857, 343.3753, -51.6949,  -784.1429, 244.4693, -63.2802,  240, 240, 240
L -784.1429, 244.4693, -63.2802,  -782.9407, 144.2503, -63.2802,  240, 240, 240
L -782.9407, 144.2503, -63.2802,  -733.0917, 144.9789, -55.6059,  240, 240, 240
L -733.0917, 144.9789, -55.6059,  -732.6495, 64.9547, -63.0609,  240, 240, 240
L -732.6495, 64.9547, -63.0609,  -732.1298, -5.8489, -63.2289,  240, 240, 240
L -732.1298, -5.8489, -63.2289,  -683.3760, -4.5865, -59.4200,  240, 240, 240
L -683.3760, -4.5865, -59.4200,  -680.5912, -104.2938, -59.0426,  240, 240, 240
L -680.5912, -104.2938, -59.0426,  -654.0825, -103.9754, -54.6288,  240, 240, 240
L -654.0825, -103.9754, -54.6288,  -582.1794, -104.3902, -42.0320,  240, 240, 240
L -582.1794, -104.3902, -42.0320,  -583.0905, -153.4151, -62.9735,  240, 240, 240
L -583.0905, -153.4151, -62.9735,  -580.2753, -154.2596, -63.0840,  240, 240, 240
L -580.2753, -154.2596, -63.0840,  -330.4216, -154.3966, -63.2802,  240, 240, 240
L -330.4216, -154.3966, -63.2802,  -282.0279, -104.3100, -47.8781,  240, 240, 240
L -282.0279, -104.3100, -47.8781,  -230.9332, -104.1891, -59.0428,  240, 240, 240
L -230.9332, -104.1891, -59.0428,  -130.8762, -104.2824, -63.1045,  240, 240, 240
L -130.8762, -104.2824, -63.1045,  -81.3950, -53.2225, -59.4818,  240, 240, 240
L -81.3950, -53.2225, -59.4818,  -82.7753, -16.6215, -50.4891,  240, 240, 240
L -83.0757, -8.6569, -50.4891,  -82.7353, 0.0582, -50.8844,  240, 240, 240
L -82.7753, -16.6215, -50.8844,  -82.3847, 146.1456, -63.2802,  240, 240, 240
L -82.3847, 146.1456, -63.2802,  -30.1502, 199.2987, -63.2802,  240, 240, 240
L -30.1502, 199.2987, -63.2802,  -32.4394, 497.3014, -54.4571,  240, 240, 240
L -32.4394, 497.3014, -54.4571,  18.7512, 548.7106, -63.1775,  240, 240, 240
L 18.7512, 548.7106, -63.1775,  16.7239, 697.9362, -63.1184,  240, 240, 240
L 16.8048, 895.8654, -39.1867,  15.5336, 864.8392, -51.6335,  240, 240, 240
L 15.5336, 864.8392, -51.6335,  16.8393, 697.9216, -63.1544,  240, 240, 240
L -30.8809, 897.8353, -56.2332,  -33.5081, 1096.7550, -59.4986,  240, 240, 240
L -33.5081, 1096.7550, -59.4986,  18.2001, 1146.9977, -43.1411,  240, 240, 240
L 18.2001, 1146.9977, -43.1411,  70.1933, 1199.3390, -19.5293,  240, 240, 240
L 70.1933, 1199.3390, -19.5293,  88.7271, 1266.8334, -61.0870,  240, 240, 240
L 88.7271, 1266.8334, -61.0870,  118.3808, 1297.3341, -58.3403,  240, 240, 240
L 118.3808, 1297.3341, -58.3403,  117.7376, 1348.8230, -63.2392,  240, 240, 240
L 117.7376, 1348.8230, -63.2392,  123.8868, 1352.3091, -62.4618,  240, 240, 240
L 123.8868, 1352.3091, -62.4618,  267.9633, 1496.2168, -63.2802,  240, 240, 240
L 267.9633, 1496.2168, -63.2802,  370.6022, 1495.8850, -63.2802,  240, 240, 240
L 370.6022, 1495.8850, -63.2802,  367.6681, 1445.7844, -63.2548,  240, 240, 240
L 367.6681, 1445.7844, -63.2548,  418.6783, 1446.3289, -63.1696,  240, 240, 240
L 418.6783, 1446.3289, -63.1696,  417.9041, 1395.0950, -62.7647,  240, 240, 240
L 417.9041, 1395.0950, -62.7647,  468.4749, 1395.6703, -63.2464,  240, 240, 240
L 468.4749, 1395.6703, -63.2464,  467.3754, 1346.7161, -55.5973,  240, 240, 240
L 467.3754, 1346.7161, -55.5973,  617.0811, 1345.7843, -59.2882,  240, 240, 240
L 617.0811, 1345.7843, -59.2882,  617.0195, 1296.1598, -55.3522,  240, 240, 240
L 617.0195, 1296.1598, -55.3522,  665.8199, 1296.1228, -59.2642,  240, 240, 240
L 665.8199, 1296.1228, -59.2642,  667.3843, 1245.8550, -31.8790,  240, 240, 240
L 667.3843, 1245.8550, -31.8790,  718.2281, 1247.8375, -61.7282,  240, 240, 240
L 718.2281, 1247.8375, -61.7282,  717.1121, 1146.5591, -58.8171,  240, 240, 240
L 717.1121, 1146.5591, -58.8171,  816.5246, 1145.7650, -51.4853,  240, 240, 240
L 816.5246, 1145.7650, -51.4853,  814.9742, 1094.3621, -23.9238,  240, 240, 240
L 814.9742, 1094.3621, -23.9238,  918.9172, 1095.4164, -59.5062,  240, 240, 240
L 918.9172, 1095.4164, -59.5062,  917.2433, 1047.2263, -59.3435,  240, 240, 240
L 917.2433, 1047.2263, -59.3435,  968.8629, 1044.7654, -63.2802,  240, 240, 240
L 968.8629, 1044.7654, -63.2802,  967.2527, 945.0914, -63.2189,  240, 240, 240
L 967.2527, 945.0914, -63.2189,  866.6548, 845.0974, -59.4339,  240, 240, 240
L 866.6548, 845.0974, -59.4339,  817.6537, 845.3445, -44.0736,  240, 240, 240
L 817.6537, 845.3445, -44.0736,  766.7663, 796.0082, -59.0356,  240, 240, 240
L 766.7663, 796.0082, -59.0356,  717.0176, 795.9083, -50.3434,  240, 240, 240
L 717.0176, 795.9083, -50.3434,  667.8571, 745.6720, -59.4388,  240, 240, 240
L 667.8571, 745.6720, -59.4388,  667.1456, 692.6812, -63.2589,  240, 240, 240
L 667.1456, 692.6812, -63.2589,  618.4059, 646.6279, -51.8355,  240, 240, 240
L 618.4059, 646.6279, -51.8355,  617.5674, 545.1927, -58.1183,  240, 240, 240
L 617.5674, 545.1927, -58.1183,  669.0815, 545.6633, -63.1342,  240, 240, 240
L 669.0815, 545.6633, -63.1342,  667.5837, 394.6188, -47.3622,  240, 240, 240
L 667.5837, 394.6188, -47.3622,  717.9847, 396.2873, -63.2802,  240, 240, 240
L 717.9847, 396.2873, -63.2802,  717.7668, 246.0742, -63.2802,  240, 240, 240
L 717.7668, 246.0742, -63.2802,  615.9695, 142.9117, -40.9593,  240, 240, 240
L 615.9695, 142.9117, -40.9593,  617.2250, 93.9277, -59.5228,  240, 240, 240
L 617.2250, 93.9277, -59.5228,  567.3174, 44.6090, -55.5404,  240, 240, 240
L 567.3174, 44.6090, -55.5404,  567.1447, -7.2801, -59.5422,  240, 240, 240
L 567.1447, -7.2801, -59.5422,  517.9991, -57.9648, -32.0082,  240, 240, 240
L 517.9991, -57.9648, -32.0082,  517.9496, -206.2540, -63.0445,  240, 240, 240
L 517.9496, -206.2540, -63.0445,  468.9117, -252.5192, -55.7033,  240, 240, 240
L 468.9117, -252.5192, -55.7033,  468.1569, -254.1274, -55.6125,  240, 240, 240
L 468.1569, -254.1274, -55.6125,  467.0139, -555.9601, -56.2849,  240, 240, 240
L 517.3073, -654.3763, -50.3547,  537.7413, -654.5978, -50.9156,  240, 240, 240
L 537.7413, -654.5978, -52.7859,  557.6121, -653.3915, -54.8285,  240, 240, 240
L 557.6121, -653.3915, -54.8285,  618.8766, -654.8264, -62.9948,  240, 240, 240
L 618.8766, -654.8264, -62.9948,  617.3853, -757.9369, -41.3830,  240, 240, 240
L 617.3853, -757.9369, -41.3830,  650.3893, -771.4612, -61.9650,  240, 240, 240
L 650.3893, -771.4612, -61.9650,  566.2190, -855.3569, -63.2104,  240, 240, 240
L 566.2190, -855.3569, -63.2104,  515.7607, -854.7375, -62.8527,  240, 240, 240
L 515.7607, -854.7375, -62.8527,  466.3831, -904.7186, -63.2802,  240, 240, 240
L 466.3831, -904.7186, -63.2802,  416.4979, -904.7194, -63.2567,  240, 240, 240
L 416.4979, -904.7194, -63.2567,  366.7253, -953.9903, -63.2573,  240, 240, 240
L 366.7253, -953.9903, -63.2573,  266.4557, -954.9457, -63.2802,  240, 240, 240
L 266.4557, -954.9457, -63.2802,  215.9767, -1005.9109, -63.2802,  240, 240, 240
L 215.9767, -1005.9109, -63.2802,  167.2366, -1003.7756, -63.1334,  240, 240, 240
L 167.2366, -1003.7756, -63.1334,  119.5540, -951.8517, -38.6214,  240, 240, 240
L -1033.9325, -85.0881, -63.2802,  -1041.3933, -81.1077, -63.2545,  64, 64, 64
L -1041.3933, -81.1077, -63.2545,  -1040.3673, -79.3801, -63.2802,  64, 64, 64
L -1040.3673, -79.3801, -63.2802,  -1044.8866, -65.0754, -63.2802,  64, 64, 64
L -1044.8866, -65.0754, -63.2802,  -1057.8571, -58.3410, -63.1232,  64, 64, 64
L -1057.8571, -58.3410, -63.1232,  -1058.1754, -58.2624, -63.2802,  64, 64, 64
L -1058.1754, -58.2624, -63.2802,  -1071.8624, -62.4806, -63.2419,  64, 64, 64
L -1071.8624, -62.4806, -63.2419,  -1072.2744, -62.6999, -63.2802,  64, 64, 64
L -1072.2744, -62.6999, -63.2802,  -1079.1089, -75.5161, -63.2802,  64, 64, 64
L -1079.1089, -75.5161, -63.2802,  -1079.1384, -75.7338, -63.2782,  64, 64, 64
L -1079.1384, -75.7338, -63.2782,  -1074.8539, -89.8789, -63.2802,  64, 64, 64
L -1074.8539, -89.8789, -63.2802,  -1074.6946, -90.0543, -63.2802,  64, 64, 64
L -1074.6946, -90.0543, -63.2802,  -1061.8993, -96.8923, -63.2802,  64, 64, 64
L -1061.8993, -96.8923, -63.2802,  -1061.1620, -96.8092, -63.2802,  64, 64, 64
L -1061.1620, -96.8092, -63.2802,  -1047.5972, -92.7239, -63.2802,  64, 64, 64
L -1047.5972, -92.7239, -63.2802,  -1047.3502, -92.5920, -63.2802,  64, 64, 64
L -1047.3502, -92.5920, -63.2802,  -1046.5725, -91.0176, -63.2802,  64, 64, 64
L -1046.5725, -91.0176, -63.2802,  -1032.9625, -98.2727, -63.2802,  64, 64, 64
L -1032.9625, -98.2727, -63.2802,  -1032.6156, -97.8515, -63.2802,  64, 64, 64
L -1032.6156, -97.8515, -63.2802,  -1032.2736, -97.1950, -63.2802,  64, 64, 64
L -1032.2736, -97.1950, -63.2802,  -1047.6022, -89.0585, -63.2802,  64, 64, 64
L -1047.6022, -89.0585, -63.2802,  -1048.7863, -90.8011, -63.2802,  64, 64, 64
L -1048.7863, -90.8011, -63.2802,  -1061.1023, -94.9193, -63.2802,  64, 64, 64
L -1061.1023, -94.9193, -63.2802,  -1073.1984, -88.6911, -63.2802,  64, 64, 64
L -1073.1984, -88.6911, -63.2802,  -1077.0260, -76.4114, -63.2802,  64, 64, 64
L -1077.0260, -76.4114, -63.2802,  -1070.8600, -64.2400, -63.2802,  64, 64, 64
L -1070.8600, -64.2400, -63.2802,  -1059.0355, -60.6361, -63.2802,  64, 64, 64
L -1059.0355, -60.6361, -63.2802,  -1058.5886, -60.4977, -63.2802,  64, 64, 64
L -1058.5886, -60.4977, -63.2802,  -1046.8661, -66.2981, -63.2802,  64, 64, 64
L -1046.8661, -66.2981, -63.2802,  -1042.4618, -78.8715, -63.2802,  64, 64, 64
L -1042.4618, -78.8715, -63.2802,  -1043.0659, -81.9748, -63.2802,  64, 64, 64
L -1043.0659, -81.9748, -63.2802,  -1028.8505, -90.4959, -63.2802,  64, 64, 64
L -1028.8505, -90.4959, -63.2802,  -1028.2899, -89.7352, -63.2802,  64, 64, 64
L -1028.2899, -89.7352, -63.2802,  -1027.7244, -88.6394, -63.2802,  64, 64, 64
L -1027.7244, -88.6394, -63.2802,  -1028.1841, -88.1281, -63.2802,  64, 64, 64
L -1028.1841, -88.1281, -63.2802,  -1034.6902, -84.6833, -63.2802,  64, 64, 64
L -1031.7069, -170.4375, -63.2763,  -1032.0382, -184.2374, -63.2238,  64, 64, 64
L -1032.0382, -184.2374, -63.2238,  -1033.7482, -184.1840, -63.2545,  64, 64, 64
L -1033.7482, -184.1840, -63.2545,  -1034.1559, -184.2838, -63.2802,  64, 64, 64
L -1034.1559, -184.2838, -63.2802,  -1044.6592, -194.4448, -63.2802,  64, 64, 64
L -1044.6592, -194.4448, -63.2802,  -1044.9860, -208.8994, -63.2605,  64, 64, 64
L -1044.9860, -208.8994, -63.2605,  -1044.9949, -209.2685, -63.2802,  64, 64, 64
L -1044.9949, -209.2685, -63.2802,  -1034.9547, -219.7651, -63.2802,  64, 64, 64
L -1034.9547, -219.7651, -63.2802,  -1034.8296, -219.8618, -63.2802,  64, 64, 64
L -1034.8296, -219.8618, -63.2802,  -1020.1521, -220.2280, -63.2802,  64, 64, 64
L -1020.1521, -220.2280, -63.2802,  -1019.5690, -219.7345, -63.2802,  64, 64, 64
L -1019.5690, -219.7345, -63.2802,  -1009.3733, -210.0982, -63.2802,  64, 64, 64
L -1009.3733, -210.0982, -63.2802,  -1009.2762, -209.9101, -63.2802,  64, 64, 64
L -1009.2762, -209.9101, -63.2802,  -1008.9901, -195.5323, -63.2802,  64, 64, 64
L -1008.9901, -195.5323, -63.2802,  -1009.2051, -194.8469, -63.2802,  64, 64, 64
L -1009.2051, -194.8469, -63.2802,  -1019.1432, -184.5750, -63.2762,  64, 64, 64
L -1019.1432, -184.5750, -63.2762,  -1019.3488, -184.5164, -63.2802,  64, 64, 64
L -1019.3488, -184.5164, -63.2802,  -1021.0381, -184.3655, -63.2802,  64, 64, 64
L -1021.0381, -184.3655, -63.2802,  -1020.6479, -169.0959, -63.2802,  64, 64, 64
L -1020.6479, -169.0959, -63.2802,  -1020.7674, -168.8285, -63.2802,  64, 64, 64
L -1020.7674, -168.8285, -63.2802,  -1022.2070, -168.7820, -63.2802,  64, 64, 64
L -1022.2070, -168.7820, -63.2802,  -1022.3348, -186.4006, -63.2802,  64, 64, 64
L -1022.3348, -186.4006, -63.2802,  -1019.7217, -186.3916, -63.2802,  64, 64, 64
L -1019.7217, -186.3916, -63.2802,  -1010.6677, -195.5601, -63.2802,  64, 64, 64
L -1010.6677, -195.5601, -63.2802,  -1010.8132, -208.9533, -63.2802,  64, 64, 64
L -1010.8132, -208.9533, -63.2802,  -1020.5737, -218.2492, -63.2802,  64, 64, 64
L -1020.5737, -218.2492, -63.2802,  -1033.7682, -218.0476, -63.2802,  64, 64, 64
L -1033.7682, -218.0476, -63.2802,  -1043.1161, -208.4045, -63.2802,  64, 64, 64
L -1043.1161, -208.4045, -63.2802,  -1043.0857, -194.9371, -63.2802,  64, 64, 64
L -1043.0857, -194.9371, -63.2802,  -1033.8816, -185.6903, -63.2802,  64, 64, 64
L -1033.8816, -185.6903, -63.2802,  -1030.6974, -185.7415, -63.2802,  64, 64, 64
L -1030.6974, -185.7415, -63.2802,  -1030.3605, -168.5175, -63.2802,  64, 64, 64
L -1030.3605, -168.5175, -63.2802,  -1031.8905, -168.6556, -63.2802,  64, 64, 64
L -1031.8905, -168.6556, -63.2802,  -1031.7588, -172.5616, -63.2767,  64, 64, 64
L -1067.5021, -123.3484, -63.2802,  -1071.1338, -119.0486, -63.2802,  64, 64, 64
L -1071.1338, -119.0486, -63.2802,  -1086.2793, -117.5473, -63.2802,  64, 64, 64
L -1086.2793, -117.5473, -63.2802,  -1097.9491, -127.1012, -63.2802,  64, 64, 64
L -1097.9491, -127.1012, -63.2802,  -1099.3224, -142.0084, -63.2802,  64, 64, 64
L -1099.3224, -142.0084, -63.2802,  -1089.8468, -153.6535, -63.2802,  64, 64, 64
L -1089.8468, -153.6535, -63.2802,  -1089.4918, -153.8610, -63.2802,  64, 64, 64
L -1089.4918, -153.8610, -63.2802,  -1075.0034, -155.1788, -63.2802,  64, 64, 64
L -1075.0034, -155.1788, -63.2802,  -1074.4633, -154.9105, -63.2506,  64, 64, 64
L -1074.4633, -154.9105, -63.2506,  -1063.4076, -145.8369, -63.2561,  64, 64, 64
L -1063.4076, -145.8369, -63.2561,  -1063.0363, -143.8780, -63.1527,  64, 64, 64
L -1063.0363, -143.8780, -63.1527,  -1047.9336, -145.3976, -63.2802,  64, 64, 64
L -1047.9336, -145.3976, -63.2802,  -1047.5397, -144.0167, -63.2802,  64, 64, 64
L -1047.5397, -144.0167, -63.2802,  -1047.6028, -143.8234, -63.2802,  64, 64, 64
L -1047.6028, -143.8234, -63.2802,  -1064.2499, -141.9843, -63.2802,  64, 64, 64
L -1064.2499, -141.9843, -63.2802,  -1064.8485, -144.4437, -63.2802,  64, 64, 64
L -1064.8485, -144.4437, -63.2802,  -1065.2428, -145.1481, -63.2802,  64, 64, 64
L -1065.2428, -145.1481, -63.2802,  -1074.6188, -153.4494, -63.2802,  64, 64, 64
L -1074.6188, -153.4494, -63.2802,  -1088.6331, -152.3079, -63.2802,  64, 64, 64
L -1088.6331, -152.3079, -63.2802,  -1097.3552, -141.5996, -63.2802,  64, 64, 64
L -1097.3552, -141.5996, -63.2802,  -1096.1830, -128.6401, -63.2802,  64, 64, 64
L -1096.1830, -128.6401, -63.2802,  -1085.7517, -119.7304, -63.2802,  64, 64, 64
L -1085.7517, -119.7304, -63.2802,  -1072.7102, -120.7978, -63.2802,  64, 64, 64
L -1072.7102, -120.7978, -63.2802,  -1063.5160, -131.1516, -63.2802,  64, 64, 64
L -1063.5160, -131.1516, -63.2802,  -1063.6310, -133.2495, -63.2802,  64, 64, 64
L -1063.6310, -133.2495, -63.2802,  -1063.0341, -133.9824, -63.2802,  64, 64, 64
L -1063.0341, -133.9824, -63.2802,  -1046.3915, -135.5881, -63.2802,  64, 64, 64
L -1046.3915, -135.5881, -63.2802,  -1046.5110, -133.9472, -63.2802,  64, 64, 64
L -1046.5110, -133.9472, -63.2802,  -1061.6620, -132.4674, -63.2802,  64, 64, 64
L -1061.6620, -132.4674, -63.2802,  -1061.7090, -130.9749, -63.2802,  64, 64, 64
L -1061.7090, -130.9749, -63.2802,  -1067.6985, -123.4720, -63.0707,  64, 64, 64
L 234.1783, -1641.2411, -62.2732,  232.5084, -1654.9207, -63.2178,  64, 64, 64
L 232.5084, -1654.9207, -63.2178,  231.0273, -1654.7517, -63.2802,  64, 64, 64
L 231.0273, -1654.7517, -63.2802,  218.9610, -1664.5259, -63.2802,  64, 64, 64
L 218.9610, -1664.5259, -63.2802,  217.4879, -1679.7809, -63.2802,  64, 64, 64
L 217.4879, -1679.7809, -63.2802,  227.1635, -1691.6117, -63.2802,  64, 64, 64
L 227.1635, -1691.6117, -63.2802,  242.2677, -1692.0276, -60.2370,  64, 64, 64
L 242.2677, -1692.0276, -60.2370,  253.3134, -1682.5591, -59.8674,  64, 64, 64
L 253.3134, -1682.5591, -59.8674,  255.8086, -1668.2300, -62.6404,  64, 64, 64
L 255.8086, -1668.2300, -62.6404,  246.1998, -1656.2866, -63.2802,  64, 64, 64
L 246.1998, -1656.2866, -63.2802,  244.6001, -1656.0889, -63.2732,  64, 64, 64
L 244.6001, -1656.0889, -63.2732,  245.7832, -1641.2157, -62.2712,  64, 64, 64
L 245.7832, -1641.2157, -62.2712,  244.1176, -1640.3954, -62.2071,  64, 64, 64
L 244.1176, -1640.3954, -62.2071,  242.7658, -1657.8114, -63.2802,  64, 64, 64
L 242.7658, -1657.8114, -63.2802,  245.3852, -1658.1804, -63.2802,  64, 64, 64
L 245.3852, -1658.1804, -63.2802,  253.9756, -1668.4490, -63.0186,  64, 64, 64
L 253.9756, -1668.4490, -63.0186,  251.7192, -1682.2509, -60.3132,  64, 64, 64
L 251.7192, -1682.2509, -60.3132,  241.9470, -1690.1826, -60.7445,  64, 64, 64
L 241.9470, -1690.1826, -60.7445,  228.6994, -1689.8722, -63.2802,  64, 64, 64
L 228.6994, -1689.8722, -63.2802,  219.5846, -1679.0120, -63.2802,  64, 64, 64
L 219.5846, -1679.0120, -63.2802,  220.9172, -1665.5435, -63.2802,  64, 64, 64
L 220.9172, -1665.5435, -63.2802,  231.6865, -1656.7023, -63.2802,  64, 64, 64
L 231.6865, -1656.7023, -63.2802,  234.0760, -1656.2278, -63.2802,  64, 64, 64
L 234.0760, -1656.2278, -63.2802,  235.9689, -1640.2661, -62.1971,  64, 64, 64
L 235.9689, -1640.2661, -62.1971,  234.7955, -1639.9972, -62.1760,  64, 64, 64
L 234.7955, -1639.9972, -62.1760,  234.2392, -1640.2294, -62.1942,  64, 64, 64
L 234.2392, -1640.2294, -62.1942,  233.8449, -1643.4564, -62.4463,  64, 64, 64
L -626.7498, -3408.4788, -38.7187,  -626.7462, -3434.1326, -31.7955,  0, 0, 0
L -626.7462, -3434.1326, -31.7955,  -627.8105, -3553.8870, -2.0692,  0, 0, 0
L -627.8105, -3553.8870, -2.0692,  -627.8151, -3554.1062, -2.0261,  0, 0, 0
L -627.8151, -3554.1062, -2.0261,  -628.0944, -3554.4517, -2.0187,  0, 0, 0
L -628.0944, -3554.4517, -2.0187,  -659.9023, -3575.7498, 0.6260,  0, 0, 0
L -659.9023, -3575.7498, 0.6260,  -715.9645, -3530.1973, 0.8755,  0, 0, 0
L -715.9645, -3530.1973, 0.8755,  -762.4410, -3533.7581, 0.8755,  0, 0, 0
L -762.4410, -3533.7581, 0.8755,  -794.7876, -3687.0005, 0.6266,  0, 0, 0
L -794.7876, -3687.0005, 0.6266,  -710.5201, -3724.6460, 0.6265,  0, 0, 0
L -710.5201, -3724.6460, 0.6265,  -683.5607, -3697.7051, 0.6265,  0, 0, 0
L -683.5607, -3697.7051, 0.6265,  -591.1865, -3665.1541, 0.6250,  0, 0, 0
L -591.1865, -3665.1541, 0.6250,  -567.9974, -3661.5984, 0.6260,  0, 0, 0
L -567.9974, -3661.5984, 0.6260,  -497.7550, -3677.7339, 0.6260,  0, 0, 0
L -497.7550, -3677.7339, 0.6260,  -397.3903, -3679.2605, 0.6260,  0, 0, 0
L -397.3903, -3679.2605, 0.6260,  -397.1875, -3679.5977, 0.6260,  0, 0, 0
L -396.9667, -3786.9888, 0.6260,  -396.9716, -3786.9883, 0.6260,  0, 0, 0
L -397.1875, -3679.6045, 0.6260,  -396.9716, -3786.9883, 0.6260,  0, 0, 0
L -347.7187, -3788.2820, 0.6260,  -347.7187, -3678.5923, 0.6260,  0, 0, 0
L -347.7187, -3678.5923, 0.6260,  -397.4932, -3628.8184, 0.6260,  0, 0, 0
L -397.4932, -3628.8184, 0.6260,  -497.5536, -3628.4275, 0.6260,  0, 0, 0
L -497.5536, -3628.4275, 0.6260,  -537.5591, -3618.8682, 0.6260,  0, 0, 0
L -537.5591, -3618.8682, 0.6260,  -546.6451, -3584.3152, 0.6149,  0, 0, 0
L -546.6451, -3584.3152, 0.6149,  -528.0616, -3554.0164, -2.0524,  0, 0, 0
L -528.0616, -3554.0164, -2.0524,  -527.4999, -3400.4353, -40.5134,  0, 0, 0
L 367.3239, 1744.1886, -64.0293,  367.7262, 2143.7068, -12.6950,  0, 0, 0
L 367.7262, 2143.7068, -12.6950,  367.7147, 2317.6211, -2.2490,  0, 0, 0
L 367.7147, 2317.6211, -2.2490,  354.2834, 2320.0149, -2.2490,  0, 0, 0
L 354.2834, 2320.0149, -2.2490,  357.7383, 2338.8328, -2.2469,  0, 0, 0
L 357.7383, 2338.8328, -2.2469,  358.4767, 2338.8816, -2.2451,  0, 0, 0
L 358.4767, 2338.8816, -2.2451,  367.7187, 2337.2456, -2.2375,  0, 0, 0
L 367.7187, 2337.2456, -2.2375,  367.7187, 2343.6089, -2.2490,  0, 0, 0
L 367.7187, 2343.6089, -2.2490,  318.2159, 2410.6880, 0.6260,  0, 0, 0
L 318.2159, 2410.6880, 0.6260,  340.0878, 2413.5066, 0.6260,  0, 0, 0
L 340.0878, 2413.5066, 0.6260,  363.3988, 2435.5879, 0.6260,  0, 0, 0
L 363.3988, 2435.5879, 0.6260,  356.6287, 2537.1348, 0.6260,  0, 0, 0
L 356.6287, 2537.1348, 0.6260,  335.6783, 2559.9690, 0.6260,  0, 0, 0
L 335.6783, 2559.9690, 0.6260,  277.5588, 2554.4695, 0.6260,  0, 0, 0
L 277.5588, 2554.4695, 0.6260,  276.9999, 2557.2542, 0.6260,  0, 0, 0
L 276.9999, 2557.2542, 0.6260,  286.8211, 2591.7227, -5.6233,  0, 0, 0
L 286.8211, 2591.7227, -5.6233,  303.2365, 2594.6465, -8.0345,  0, 0, 0
L 303.2365, 2594.6465, -8.0345,  323.8470, 2601.8457, -12.5236,  0, 0, 0
L 323.8470, 2601.8457, -12.5236,  358.6707, 2636.3689, -21.7093,  0, 0, 0
L 358.6707, 2636.3689, -21.7093,  404.4939, 2649.3479, -29.6084,  0, 0, 0
L 404.4939, 2649.3479, -29.6084,  448.1155, 2679.6614, -36.5204,  0, 0, 0
L 448.1155, 2679.6614, -36.5204,  456.4309, 2691.1504, -38.7266,  0, 0, 0
L 456.4309, 2691.1504, -38.7266,  461.5797, 2751.8357, -48.0644,  0, 0, 0
L 461.5797, 2751.8357, -48.0644,  434.8348, 2805.5862, -58.3056,  0, 0, 0
L 434.8348, 2805.5862, -58.3056,  383.4374, 2859.8040, -68.2591,  0, 0, 0
L 383.4374, 2859.8040, -68.2591,  383.4657, 2884.8926, -76.7197,  0, 0, 0
L 383.4657, 2884.8926, -76.7197,  401.9881, 2907.9561, -84.1573,  0, 0, 0
L 371.7156, 2928.6299, -85.2649,  352.2951, 2894.9175, -76.6505,  0, 0, 0
L 352.2951, 2894.9175, -76.6505,  358.4479, 2848.8157, -67.6793,  0, 0, 0
L 358.4479, 2848.8157, -67.6793,  415.6515, 2784.8389, -55.9363,  0, 0, 0
L 415.6515, 2784.8389, -55.9363,  429.5981, 2753.8516, -48.5649,  0, 0, 0
L 429.5981, 2753.8516, -48.5649,  430.6923, 2746.9353, -47.1378,  0, 0, 0
L 430.6923, 2746.9353, -47.1378,  426.7762, 2699.8623, -37.8095,  0, 0, 0
L 426.7762, 2699.8623, -37.8095,  426.0318, 2698.8230, -37.5954,  0, 0, 0
L 426.0318, 2698.8230, -37.5954,  384.2723, 2671.0535, -28.6165,  0, 0, 0
L 384.2723, 2671.0535, -28.6165,  344.0728, 2657.8926, -20.7492,  0, 0, 0
L 344.0728, 2657.8926, -20.7492,  302.6501, 2624.6287, -11.3501,  0, 0, 0
L 302.6501, 2624.6287, -11.3501,  243.3229, 2566.2295, 0.6260,  0, 0, 0
L 243.3229, 2566.2295, 0.6260,  241.4061, 2547.9878, 0.6260,  0, 0, 0
L 241.4061, 2547.9878, 0.6260,  324.9163, 2535.7178, 0.6260,  0, 0, 0
L 324.9163, 2535.7178, 0.6260,  325.9577, 2534.1575, 0.6260,  0, 0, 0
L 325.9577, 2534.1575, 0.6260,  333.2133, 2475.3501, 0.6260,  0, 0, 0
L 333.2133, 2475.3501, 0.6260,  337.3624, 2434.0718, 0.6260,  0, 0, 0
L 337.3624, 2434.0718, 0.6260,  297.6562, 2434.9688, 0.6260,  0, 0, 0
L 297.6562, 2434.9688, 0.6260,  297.5731, 2410.0061, 0.6116,  0, 0, 0
L 297.5731, 2410.0061, 0.6116,  268.3887, 2343.5496, -2.2490,  0, 0, 0
L 268.3887, 2343.5496, -2.2490,  168.4687, 2343.4063, -2.2490,  0, 0, 0
L 168.4687, 2343.4063, -2.2490,  168.4689, 2287.2571, -2.2490,  0, 0, 0
L 168.4689, 2287.2571, -2.2490,  168.4689, 2210.5691, -5.6946,  0, 0, 0
L 168.4689, 2210.5691, -5.6946,  168.3233, 1936.3761, -34.5646,  0, 0, 0
L 168.3233, 1936.3761, -34.5646,  167.6566, 1763.0282, -60.7121,  0, 0, 0
L 167.6566, 1763.0282, -60.7121,  166.8993, 1695.1981, -63.3479,  0, 0, 0
L -397.1175, -3683.9695, 0.6260,  -347.7812, -3684.4539, 0.6260,  150, 0, 200
L 401.9881, 2907.9561, -81.3820,  443.4088, 2991.4170, -103.6532,  0, 0, 0
L 443.4088, 2991.4170, -103.6532,  453.2986, 2996.8174, -107.2596,  0, 0, 0
L 453.2986, 2996.8174, -107.2596,  518.4214, 2996.0269, -110.0196,  0, 0, 0
L 518.4214, 2996.0269, -110.0196,  545.2009, 3020.6680, -110.0615,  0, 0, 0
L 4373.8350, -4466.9072, -100.2490,  4375.1431, -4466.6104, -100.8740,  0, 0, 0
L 4375.1431, -4466.6104, -100.8740,  4412.3257, -4458.1362, -100.8740,  0, 0, 0
L 4412.3257, -4458.1362, -100.8740,  4413.5654, -4457.9614, -100.8740,  0, 0, 0
L 4413.5654, -4457.9614, -100.8740,  4422.7202, -4456.4355, -100.8740,  0, 0, 0
L 4422.7202, -4456.4355, -100.8740,  4535.1699, -4437.6016, -100.8740,  0, 0, 0
L 4535.1699, -4437.6016, -100.8740,  4534.6631, -4436.7148, -100.8740,  0, 0, 0
L 4534.6631, -4436.7148, -100.8740,  4519.7861, -4410.6978, -100.8740,  0, 0, 0
L 4519.7861, -4410.6978, -100.8740,  4514.9526, -4402.2437, -100.8740,  0, 0, 0
L 4514.9526, -4402.2437, -100.8740,  4513.6021, -4402.3994, -100.8740,  0, 0, 0
L 4513.6021, -4402.3994, -100.8740,  4383.1699, -4417.4282, -100.2490,  0, 0, 0
L 4383.9648, -4417.3369, -100.8740,  4246.0737, -4433.2568, -100.8740,  0, 0, 0
L 4246.0737, -4433.2568, -100.8740,  4236.2212, -4432.4937, -100.8740,  0, 0, 0
L 4236.2212, -4432.4937, -100.8740,  4226.3462, -4431.8359, -100.8740,  0, 0, 0
L 4226.3462, -4431.8359, -100.8740,  4168.4702, -4427.9839, -100.8740,  0, 0, 0
L 4168.4702, -4427.9839, -100.8740,  4186.2588, -4404.2681, -100.2490,  0, 0, 0
L 4186.2588, -4404.2681, -100.2490,  4201.2070, -4384.2676, -100.8740,  0, 0, 0
L 4201.2070, -4384.2676, -100.8740,  4201.8613, -4383.3516, -100.8740,  0, 0, 0
L 4201.8613, -4383.3516, -100.8740,  4251.4375, -4313.9395, -100.8740,  0, 0, 0
L 4251.4375, -4313.9395, -100.8740,  4251.4360, -4312.6074, -100.8740,  0, 0, 0
L 4251.4360, -4312.6074, -100.8740,  4251.4375, -4257.7813, -100.8740,  0, 0, 0
L 4251.4375, -4257.7813, -100.8740,  4250.1968, -4258.2476, -100.8740,  0, 0, 0
L 4250.1968, -4258.2476, -100.8740,  4127.2886, -4304.3394, -100.8740,  0, 0, 0
L 4127.2886, -4304.3394, -100.8740,  4126.4976, -4304.1201, -100.8740,  0, 0, 0
L 4126.4976, -4304.1201, -100.8740,  4125.6860, -4304.0938, -100.8740,  0, 0, 0
L 4125.6860, -4304.0938, -100.8740,  4115.7310, -4304.0938, -100.8740,  0, 0, 0
L 4115.7310, -4304.0938, -100.8740,  4060.5779, -4304.0933, -100.8740,  0, 0, 0
L 4060.5779, -4304.0933, -100.8740,  4059.4363, -4303.2930, -100.8740,  0, 0, 0
L 4059.4363, -4303.2930, -100.8740,  4051.4248, -4297.9507, -100.8740,  0, 0, 0
L 4051.4248, -4297.9507, -100.8740,  4029.0496, -4283.0259, -100.8740,  0, 0, 0
L 4029.0496, -4283.0259, -100.8740,  4050.4629, -4271.6104, -100.2490,  0, 0, 0
L 4050.4629, -4271.6104, -100.2490,  4107.1826, -4241.3423, -100.8740,  0, 0, 0
L 4107.1826, -4241.3423, -100.8740,  4107.8716, -4241.2446, -100.8740,  0, 0, 0
L 4107.8716, -4241.2446, -100.8740,  4117.5894, -4239.4253, -100.8740,  0, 0, 0
L 4117.5894, -4239.4253, -100.8740,  4189.7310, -4225.9189, -100.8740,  0, 0, 0
L 4189.7310, -4225.9189, -100.8740,  4190.6587, -4225.4785, -100.8740,  0, 0, 0
L 4190.6587, -4225.4785, -100.8740,  4287.9302, -4179.2637, -100.8740,  0, 0, 0
L 4287.9302, -4179.2637, -100.8740,  4288.7046, -4178.3101, -100.8740,  0, 0, 0
L 4288.7046, -4178.3101, -100.8740,  4355.0117, -4096.6904, -100.8740,  0, 0, 0
L 4355.0117, -4096.6904, -100.8740,  4356.0313, -4096.3403, -100.8740,  0, 0, 0
L 4356.0313, -4096.3403, -100.8740,  4356.8633, -4095.9563, -100.8740,  0, 0, 0
L 4356.8633, -4095.9563, -100.8740,  4422.5894, -4065.6023, -100.8740,  0, 0, 0
L 4422.5894, -4065.6023, -100.8740,  4431.7617, -4069.4478, -100.8740,  0, 0, 0
L 4431.7617, -4069.4478, -100.8740,  4440.3784, -4072.8943, -100.8740,  0, 0, 0
L 4440.3784, -4072.8943, -100.8740,  4443.0366, -4074.0586, -100.8740,  0, 0, 0
L 4443.0366, -4074.0586, -100.8740,  4443.7324, -4074.4185, -100.8740,  0, 0, 0
L 4443.7324, -4074.4185, -100.8740,  4452.5586, -4078.7964, -100.8740,  0, 0, 0
L 4452.5586, -4078.7964, -100.8740,  4453.7012, -4079.2869, -100.8740,  0, 0, 0
L 4453.7012, -4079.2869, -100.8740,  4458.7559, -4081.6812, -100.8740,  0, 0, 0
L 4458.7559, -4081.6812, -100.8740,  4455.3296, -4093.6802, -100.8740,  0, 0, 0
L 4455.3296, -4093.6802, -100.8740,  4455.0571, -4094.6304, -100.8740,  0, 0, 0
L 4455.0571, -4094.6304, -100.8740,  4454.6553, -4096.0396, -100.8740,  0, 0, 0
L 4454.6553, -4096.0396, -100.8740,  4452.3296, -4104.1714, -100.2490,  0, 0, 0
L 4452.3296, -4104.1714, -100.2490,  4452.3296, -4104.1714, -100.2490,  0, 0, 0
L 4452.3296, -4104.1714, -100.2490,  4452.0059, -4105.3057, -100.8740,  0, 0, 0
L 4452.0059, -4105.3057, -100.8740,  4451.5103, -4107.0381, -100.8740,  0, 0, 0
L 4451.5103, -4107.0381, -100.8740,  4448.3301, -4118.1631, -100.8740,  0, 0, 0
L 4448.3301, -4118.1631, -100.8740,  4422.8140, -4123.6230, -100.2490,  0, 0, 0
L 4422.8140, -4123.6230, -100.2490,  4375.9209, -4133.6592, -100.8740,  0, 0, 0
L 4375.9209, -4133.6592, -100.8740,  4374.8560, -4134.5684, -100.8740,  0, 0, 0
L 4374.8560, -4134.5684, -100.8740,  4352.4487, -4153.7822, -100.8740,  0, 0, 0
L 4352.4487, -4153.7822, -100.8740,  4339.8950, -4164.5469, -100.8740,  0, 0, 0
L 4339.8950, -4164.5469, -100.8740,  4339.3179, -4165.7021, -100.8740,  0, 0, 0
L 4339.3179, -4165.7021, -100.8740,  4319.3066, -4205.7231, -100.8740,  0, 0, 0
L 4319.3066, -4205.7231, -100.8740,  4319.2417, -4206.9102, -100.8740,  0, 0, 0
L 4319.2417, -4206.9102, -100.8740,  4318.7656, -4215.4795, -100.8740,  0, 0, 0
L 4318.7656, -4215.4795, -100.8740,  4318.7075, -4216.5352, -100.8740,  0, 0, 0
L 4318.7075, -4216.5352, -100.8740,  4318.2344, -4225.0703, -100.8740,  0, 0, 0
L 4318.2344, -4225.0703, -100.8740,  4318.1729, -4226.1758, -100.8740,  0, 0, 0
L 4318.1729, -4226.1758, -100.8740,  4317.6982, -4234.7227, -100.8740,  0, 0, 0
L 4317.6982, -4234.7227, -100.8740,  4317.6265, -4236.0220, -100.8740,  0, 0, 0
L 4317.6265, -4236.0220, -100.8740,  4317.1431, -4244.7388, -100.8740,  0, 0, 0
L 4317.1431, -4244.7388, -100.8740,  4317.0938, -4245.6240, -100.8740,  0, 0, 0
L 4317.0938, -4245.6240, -100.8740,  4316.6021, -4254.4824, -100.8740,  0, 0, 0
L 4316.6021, -4254.4824, -100.8740,  4316.5313, -4255.7603, -100.8740,  0, 0, 0
L 4316.5313, -4255.7603, -100.8740,  4316.0425, -4264.5718, -100.8740,  0, 0, 0
L 4316.0425, -4264.5718, -100.8740,  4315.9741, -4265.7974, -100.8740,  0, 0, 0
L 4315.9741, -4265.7974, -100.8740,  4315.5107, -4274.1484, -100.8740,  0, 0, 0
L 4315.5107, -4274.1484, -100.8740,  4315.4678, -4274.9424, -100.8740,  0, 0, 0
L 4315.4678, -4274.9424, -100.8740,  4314.9839, -4283.6528, -100.8740,  0, 0, 0
L 4314.9839, -4283.6528, -100.8740,  4314.9321, -4284.5894, -100.8740,  0, 0, 0
L 4314.9321, -4284.5894, -100.8740,  4314.4570, -4293.1367, -100.8740,  0, 0, 0
L 4314.4570, -4293.1367, -100.8740,  4314.3936, -4294.2856, -100.8740,  0, 0, 0
L 4314.3936, -4294.2856, -100.8740,  4314.8228, -4299.4092, -100.8740,  0, 0, 0
L 4314.8228, -4299.4092, -100.8740,  4315.6021, -4300.5347, -100.8740,  0, 0, 0
L 4315.6021, -4300.5347, -100.8740,  4360.4785, -4365.3125, -100.8740,  0, 0, 0
L 4360.4785, -4365.3125, -100.8740,  4361.7422, -4365.3115, -100.8740,  0, 0, 0
L 4361.7422, -4365.3115, -100.8740,  4422.5479, -4365.2515, -100.8740,  0, 0, 0
L 4422.5479, -4365.2515, -100.8740,  4423.9170, -4365.0229, -100.8740,  0, 0, 0
L 4423.9170, -4365.0229, -100.8740,  4545.9775, -4344.6743, -100.8740,  0, 0, 0
L 4545.9775, -4344.6743, -100.8740,  4547.0557, -4343.9053, -100.8740,  0, 0, 0
L 4547.0557, -4343.9053, -100.8740,  4581.9878, -4318.9668, -100.8740,  0, 0, 0
L 4581.9878, -4318.9668, -100.8740,  4582.5894, -4317.7617, -100.8740,  0, 0, 0
L 4582.5894, -4317.7617, -100.8740,  4595.8667, -4291.2061, -100.8740,  0, 0, 0
L 4595.8667, -4291.2061, -100.8740,  4602.5615, -4277.7529, -100.8740,  0, 0, 0
L 4602.5615, -4277.7529, -100.8740,  4602.5615, -4276.4727, -100.8740,  0, 0, 0
L 4602.5615, -4276.4727, -100.8740,  4602.1812, -4153.6230, -100.8740,  0, 0, 0
L 4602.1812, -4153.6230, -100.8740,  4601.4131, -4152.6641, -100.8740,  0, 0, 0
L 4601.4131, -4152.6641, -100.8740,  4561.1191, -4102.3140, -100.8740,  0, 0, 0
L 4561.1191, -4102.3140, -100.8740,  4572.4590, -4090.9788, -100.2490,  0, 0, 0
L 4572.4590, -4090.9788, -100.2490,  4587.5137, -4075.9170, -100.8740,  0, 0, 0
L 4587.5137, -4075.9170, -100.8740,  4588.4741, -4075.8931, -100.8740,  0, 0, 0
L 4588.4741, -4075.8931, -100.8740,  4589.9556, -4075.7913, -100.8740,  0, 0, 0
L 4589.9556, -4075.7913, -100.8740,  4598.8320, -4074.5215, -100.8740,  0, 0, 0
L 4598.8320, -4074.5215, -100.8740,  4659.7510, -4065.8079, -100.8740,  0, 0, 0
L 4659.7510, -4065.8079, -100.8740,  4661.0898, -4066.1697, -100.8740,  0, 0, 0
L 4661.0898, -4066.1697, -100.8740,  4670.3252, -4068.9297, -100.8740,  0, 0, 0
L 4670.3252, -4068.9297, -100.8740,  4698.9678, -4077.3555, -100.8740,  0, 0, 0
L 4698.9678, -4077.3555, -100.8740,  4747.8657, -4091.7383, -100.8740,  0, 0, 0
L 4747.8657, -4091.7383, -100.8740,  4748.3389, -4092.8528, -100.8740,  0, 0, 0
L 4748.3389, -4092.8528, -100.8740,  4748.8145, -4100.6143, -100.8740,  0, 0, 0
L 4748.8145, -4100.6143, -100.8740,  4748.9629, -4101.9976, -100.8740,  0, 0, 0
L 4748.9629, -4101.9976, -100.8740,  4749.4478, -4106.5298, -100.8740,  0, 0, 0
L 4749.4478, -4106.5298, -100.8740,  4749.5977, -4107.9312, -100.8740,  0, 0, 0
L 4749.5977, -4107.9312, -100.8740,  4750.0688, -4112.3350, -100.8740,  0, 0, 0
L 4750.0688, -4112.3350, -100.8740,  4750.2134, -4113.6816, -100.8740,  0, 0, 0
L 4750.2134, -4113.6816, -100.8740,  4750.6826, -4118.0684, -100.8740,  0, 0, 0
L 4750.6826, -4118.0684, -100.8740,  4750.8257, -4119.3965, -100.8740,  0, 0, 0
L 4750.8257, -4119.3965, -100.8740,  4751.3110, -4123.9302, -100.8740,  0, 0, 0
L 4751.3110, -4123.9302, -100.8740,  4751.3853, -4124.6221, -100.8740,  0, 0, 0
L 4751.3853, -4124.6221, -100.8740,  4751.8560, -4129.0127, -100.8740,  0, 0, 0
L 4751.8560, -4129.0127, -100.8740,  4751.9395, -4129.7959, -100.8740,  0, 0, 0
L 4751.9395, -4129.7959, -100.8740,  4752.3921, -4134.0215, -100.8740,  0, 0, 0
L 4752.3921, -4134.0215, -100.8740,  4752.5229, -4135.2427, -100.8740,  0, 0, 0
L 4752.5229, -4135.2427, -100.8740,  4752.9683, -4139.3965, -100.8740,  0, 0, 0
L 4752.9683, -4139.3965, -100.8740,  4753.1060, -4140.6895, -100.8740,  0, 0, 0
L 4753.1060, -4140.6895, -100.8740,  4753.5645, -4144.9702, -100.8740,  0, 0, 0
L 4753.5645, -4144.9702, -100.8740,  4753.6948, -4146.1899, -100.8740,  0, 0, 0
L 4753.6948, -4146.1899, -100.8740,  4754.1323, -4150.2700, -100.8740,  0, 0, 0
L 4754.1323, -4150.2700, -100.8740,  4754.2710, -4151.5635, -100.8740,  0, 0, 0
L 4754.2710, -4151.5635, -100.8740,  4754.7314, -4155.8633, -100.8740,  0, 0, 0
L 4754.7314, -4155.8633, -100.8740,  4754.8643, -4157.1025, -100.8740,  0, 0, 0
L 4754.8643, -4157.1025, -100.8740,  4755.3027, -4161.2012, -100.8740,  0, 0, 0
L 4755.3027, -4161.2012, -100.8740,  4755.3867, -4161.9844, -100.8740,  0, 0, 0
L 4755.3867, -4161.9844, -100.8740,  4755.8125, -4165.9546, -100.8740,  0, 0, 0
L 4755.8125, -4165.9546, -100.8740,  4755.9004, -4166.7744, -100.8740,  0, 0, 0
L 4755.9004, -4166.7744, -100.8740,  4756.3506, -4170.9814, -100.8740,  0, 0, 0
L 4756.3506, -4170.9814, -100.8740,  4756.4722, -4172.1108, -100.8740,  0, 0, 0
L 4756.4722, -4172.1108, -100.8740,  4756.9224, -4176.3184, -100.8740,  0, 0, 0
L 4756.9224, -4176.3184, -100.8740,  4757.0684, -4177.6851, -100.8740,  0, 0, 0
L 4757.0684, -4177.6851, -100.8740,  4757.5356, -4182.0557, -100.8740,  0, 0, 0
L 4757.5356, -4182.0557, -100.8740,  4757.6865, -4183.4575, -100.8740,  0, 0, 0
L 4757.6865, -4183.4575, -100.8740,  4758.1743, -4188.0127, -100.8740,  0, 0, 0
L 4758.1743, -4188.0127, -100.8740,  4758.2739, -4188.9419, -100.8740,  0, 0, 0
L 4758.2739, -4188.9419, -100.8740,  4758.7520, -4193.4043, -100.8740,  0, 0, 0
L 4758.7520, -4193.4043, -100.8740,  4758.9019, -4194.8062, -100.8740,  0, 0, 0
L 4758.9019, -4194.8062, -100.8740,  4759.3779, -4199.2500, -100.8740,  0, 0, 0
L 4759.3779, -4199.2500, -100.8740,  4759.4502, -4199.9233, -100.8740,  0, 0, 0
L 4759.4502, -4199.9233, -100.8740,  4759.9004, -4204.1309, -100.8740,  0, 0, 0
L 4759.9004, -4204.1309, -100.8740,  4759.9849, -4204.9146, -100.8740,  0, 0, 0
L 4759.9849, -4204.9146, -100.8740,  4760.4180, -4208.9595, -100.8740,  0, 0, 0
L 4760.4180, -4208.9595, -100.8740,  4760.5137, -4209.8521, -100.8740,  0, 0, 0
L 4760.5137, -4209.8521, -100.8740,  4760.9404, -4213.8403, -100.8740,  0, 0, 0
L 4760.9404, -4213.8403, -100.8740,  4761.0425, -4214.7881, -100.8740,  0, 0, 0
L 4761.0425, -4214.7881, -100.8740,  4761.5234, -4219.2856, -100.8740,  0, 0, 0
L 4761.5234, -4219.2856, -100.8740,  4761.6113, -4220.1060, -100.8740,  0, 0, 0
L 4761.6113, -4220.1060, -100.8740,  4762.0864, -4224.5479, -100.8740,  0, 0, 0
L 4762.0864, -4224.5479, -100.8740,  4762.2285, -4225.8770, -100.8740,  0, 0, 0
L 4762.2285, -4225.8770, -100.8740,  4762.6973, -4230.2446, -100.8740,  0, 0, 0
L 4762.6973, -4230.2446, -100.8740,  4762.8433, -4231.6099, -100.8740,  0, 0, 0
L 4762.8433, -4231.6099, -100.8740,  4763.3105, -4235.9771, -100.8740,  0, 0, 0
L 4763.3105, -4235.9771, -100.8740,  4763.5752, -4237.0596, -100.8740,  0, 0, 0
L 4763.5752, -4237.0596, -100.8740,  4763.9897, -4238.1655, -100.8740,  0, 0, 0
L 4763.9897, -4238.1655, -100.8740,  4774.4111, -4265.9512, -100.8740,  0, 0, 0
L 4774.4111, -4265.9512, -100.8740,  4825.4312, -4402.0078, -100.8740,  0, 0, 0
L 4825.4312, -4402.0078, -100.8740,  4820.0605, -4405.1177, -100.8740,  0, 0, 0
L 4820.0605, -4405.1177, -100.8740,  4812.1270, -4409.7100, -100.2490,  0, 0, 0
L 4812.1270, -4409.7100, -100.2490,  4726.7544, -4459.1279, -100.8740,  0, 0, 0
L 4726.7544, -4459.1279, -100.8740,  4725.9126, -4459.0313, -100.8740,  0, 0, 0
L 4725.9126, -4459.0313, -100.8740,  4716.3203, -4459.3511, -100.8740,  0, 0, 0
L 4716.3203, -4459.3511, -100.8740,  4571.5142, -4464.2944, -100.8740,  0, 0, 0
L 4571.5142, -4464.2944, -100.8740,  4570.5127, -4464.5117, -100.8740,  0, 0, 0
L 4570.5127, -4464.5117, -100.8740,  4425.6265, -4496.0942, -100.8740,  0, 0, 0
L 4427.8936, -4495.5088, -100.2490,  4427.0293, -4495.6968, -100.8740,  0, 0, 0
L 4427.0293, -4495.6968, -100.8740,  4333.6812, -4515.9858, -100.8740,  0, 0, 0
L 4333.6812, -4515.9858, -100.8740,  4332.6685, -4516.0361, -100.8740,  0, 0, 0
L 4332.6685, -4516.0361, -100.8740,  4323.2603, -4517.2100, -100.8740,  0, 0, 0
L 4323.2603, -4517.2100, -100.8740,  4251.7158, -4526.1392, -100.8740,  0, 0, 0
L 4251.7158, -4526.1392, -100.8740,  4232.1187, -4512.5723, -100.2490,  0, 0, 0
L 4232.1187, -4512.5723, -100.2490,  4183.3975, -4478.8452, -100.8740,  0, 0, 0
L 4183.3975, -4478.8452, -100.8740,  4204.1426, -4479.7881, -100.2490,  0, 0, 0
L 4204.1426, -4479.7881, -100.2490,  4298.2510, -4484.0596, -100.8740,  0, 0, 0
L 4298.2510, -4484.0596, -100.8740,  4299.3438, -4483.8101, -100.8740,  0, 0, 0
L 4299.3438, -4483.8101, -100.8740,  4381.3643, -4465.1934, -100.2490,  0, 0, 0
L 4133.5811, -4548.1846, -100.2490,  4134.9634, -4547.9854, -100.8740,  0, 0, 0
L 4134.9634, -4547.9854, -100.8740,  4184.9058, -4540.8394, -100.8740,  0, 0, 0
L 4184.9058, -4540.8394, -100.8740,  4185.9893, -4541.5825, -100.8740,  0, 0, 0
L 4185.9893, -4541.5825, -100.8740,  4189.3398, -4543.9951, -100.8740,  0, 0, 0
L 4189.3398, -4543.9951, -100.8740,  4190.0059, -4544.6528, -100.8740,  0, 0, 0
L 4190.0059, -4544.6528, -100.8740,  4190.7651, -4545.2046, -100.8740,  0, 0, 0
L 4190.7651, -4545.2046, -100.8740,  4241.5923, -4582.1646, -100.8740,  0, 0, 0
L 4241.5923, -4582.1646, -100.8740,  4242.9517, -4581.9214, -100.8740,  0, 0, 0
L 4242.9517, -4581.9214, -100.8740,  4395.1733, -4554.5435, -100.8740,  0, 0, 0
L 4395.1733, -4554.5435, -100.8740,  4404.2051, -4552.7368, -100.8740,  0, 0, 0
L 4404.2051, -4552.7368, -100.8740,  4593.4321, -4514.9976, -100.8740,  0, 0, 0
L 4593.4321, -4514.9976, -100.8740,  4594.1592, -4514.9438, -100.8740,  0, 0, 0
L 4594.1592, -4514.9438, -100.8740,  4731.9644, -4504.7217, -100.8740,  0, 0, 0
L 4731.9644, -4504.7217, -100.8740,  4733.0859, -4504.3760, -100.8740,  0, 0, 0
L 4733.0859, -4504.3760, -100.8740,  4868.3657, -4462.5728, -100.8740,  0, 0, 0
L 4868.3657, -4462.5728, -100.8740,  4869.6226, -4462.0688, -100.8740,  0, 0, 0
L 4869.6226, -4462.0688, -100.8740,  4943.9268, -4432.3237, -100.8740,  0, 0, 0
L 4943.9268, -4432.3237, -100.8740,  4944.8760, -4432.5088, -100.8740,  0, 0, 0
L 4944.8760, -4432.5088, -100.8740,  4945.7363, -4432.5625, -100.8740,  0, 0, 0
L 4945.7363, -4432.5625, -100.8740,  5109.5225, -4442.8140, -100.8740,  0, 0, 0
L 5109.5225, -4442.8140, -100.8740,  5110.2422, -4443.3896, -100.8740,  0, 0, 0
L 5110.2422, -4443.3896, -100.8740,  5110.9937, -4443.8687, -100.8740,  0, 0, 0
L 5110.9937, -4443.8687, -100.8740,  5119.2144, -4448.5156, -100.8740,  0, 0, 0
L 5119.2144, -4448.5156, -100.8740,  5228.0723, -4510.0483, -100.8740,  0, 0, 0
L 5228.0723, -4510.0483, -100.8740,  5230.0283, -4529.5225, -100.8740,  0, 0, 0
L 5230.0283, -4529.5225, -100.8740,  5230.1616, -4530.8452, -100.8740,  0, 0, 0
L 5230.1616, -4530.8452, -100.8740,  5230.6504, -4535.7002, -100.8740,  0, 0, 0
L 5230.6504, -4535.7002, -100.8740,  5230.7144, -4536.3442, -100.8740,  0, 0, 0
L 5230.7144, -4536.3442, -100.8740,  5231.1226, -4540.3994, -100.8740,  0, 0, 0
L 5231.1226, -4540.3994, -100.8740,  5231.2148, -4541.3213, -100.8740,  0, 0, 0
L 5231.2148, -4541.3213, -100.8740,  5231.7119, -4546.2725, -100.8740,  0, 0, 0
L 5231.7119, -4546.2725, -100.8740,  5231.8237, -4547.3823, -100.8740,  0, 0, 0
L 5231.8237, -4547.3823, -100.8740,  5232.1436, -4550.5728, -100.2490,  0, 0, 0
L 5232.1436, -4550.5728, -100.2490,  5232.6201, -4555.3076, -100.8740,  0, 0, 0
L 5232.6201, -4555.3076, -100.8740,  5232.7178, -4556.2725, -100.8740,  0, 0, 0
L 5232.7178, -4556.2725, -100.8740,  5233.3530, -4562.6118, -100.8740,  0, 0, 0
L 5233.3530, -4562.6118, -100.8740,  5222.4282, -4556.0615, -100.2490,  0, 0, 0
L 5222.4282, -4556.0615, -100.2490,  5222.4199, -4556.0566, -100.2490,  0, 0, 0
L 5222.4199, -4556.0566, -100.2490,  5181.1001, -4531.2847, -100.8740,  0, 0, 0
L 5181.1001, -4531.2847, -100.8740,  5179.8403, -4530.9316, -100.8740,  0, 0, 0
L 5179.8403, -4530.9316, -100.8740,  5051.6284, -4495.1558, -100.8740,  0, 0, 0
L 5051.6284, -4495.1558, -100.8740,  5050.4180, -4495.1558, -100.8740,  0, 0, 0
L 5050.4180, -4495.1558, -100.8740,  4943.8135, -4495.1558, -100.8740,  0, 0, 0
L 4943.8135, -4495.1558, -100.8740,  4942.5688, -4495.8257, -100.8740,  0, 0, 0
L 4942.5688, -4495.8257, -100.8740,  4877.3799, -4530.9390, -100.2490,  0, 0, 0
L 4877.3799, -4530.9390, -100.2490,  4894.2515, -4540.1353, -100.8740,  0, 0, 0
L 4894.2515, -4540.1353, -100.8740,  5047.2461, -4623.4263, -100.8740,  0, 0, 0
L 5047.2461, -4623.4263, -100.8740,  5048.5991, -4623.0869, -100.8740,  0, 0, 0
L 5048.5991, -4623.0869, -100.8740,  5088.6294, -4613.0640, -100.8740,  0, 0, 0
L 5088.6294, -4613.0640, -100.8740,  5089.7222, -4612.9014, -100.8740,  0, 0, 0
L 5089.7222, -4612.9014, -100.8740,  5099.3535, -4611.2031, -100.8740,  0, 0, 0
L 5099.3535, -4611.2031, -100.8740,  5176.1094, -4597.6777, -100.8740,  0, 0, 0
L 5176.1094, -4597.6777, -100.8740,  5185.9600, -4598.9150, -100.8740,  0, 0, 0
L 5185.9600, -4598.9150, -100.8740,  5218.0132, -4602.9150, -100.8740,  0, 0, 0
L 5218.0132, -4602.9150, -100.8740,  5218.4448, -4603.6172, -100.8740,  0, 0, 0
L 5217.5439, -4602.1528, -100.8740,  5221.5396, -4619.4614, -100.8740,  0, 0, 0
L 5221.5396, -4619.4614, -100.8740,  5221.8472, -4620.7935, -100.8740,  0, 0, 0
L 5221.8472, -4620.7935, -100.8740,  5222.3047, -4622.7769, -100.8740,  0, 0, 0
L 5222.3047, -4622.7769, -100.8740,  5222.5767, -4623.9556, -100.8740,  0, 0, 0
L 5222.5767, -4623.9556, -100.8740,  5223.0015, -4625.7964, -100.8740,  0, 0, 0
L 5223.0015, -4625.7964, -100.8740,  5223.1851, -4626.5898, -100.8740,  0, 0, 0
L 5223.1851, -4626.5898, -100.8740,  5223.6816, -4628.7437, -100.8740,  0, 0, 0
L 5223.6816, -4628.7437, -100.8740,  5224.0195, -4630.2119, -100.2490,  0, 0, 0
L 5224.0195, -4630.2119, -100.2490,  5224.3154, -4631.4917, -100.8740,  0, 0, 0
L 5224.3154, -4631.4917, -100.8740,  5224.6973, -4633.1436, -100.8740,  0, 0, 0
L 5224.6973, -4633.1436, -100.8740,  5224.9648, -4634.3071, -100.8740,  0, 0, 0
L 5224.9648, -4634.3071, -100.8740,  5225.3535, -4635.9897, -100.8740,  0, 0, 0
L 5225.3535, -4635.9897, -100.8740,  5225.4868, -4636.5674, -100.8740,  0, 0, 0
L 5225.4868, -4636.5674, -100.8740,  5225.9761, -4638.6846, -100.8740,  0, 0, 0
L 5225.9761, -4638.6846, -100.8740,  5226.2896, -4640.0435, -100.8740,  0, 0, 0
L 5226.2896, -4640.0435, -100.8740,  5226.7314, -4641.9600, -100.8740,  0, 0, 0
L 5226.7314, -4641.9600, -100.8740,  5227.0127, -4643.1768, -100.8740,  0, 0, 0
L 5227.0127, -4643.1768, -100.8740,  5227.3379, -4644.5854, -100.8740,  0, 0, 0
L 5227.3379, -4644.5854, -100.8740,  5227.5757, -4645.6143, -100.8740,  0, 0, 0
L 5227.5757, -4645.6143, -100.8740,  5228.0142, -4647.5210, -100.8740,  0, 0, 0
L 5228.0142, -4647.5210, -100.8740,  5228.3101, -4648.8022, -100.8740,  0, 0, 0
L 5228.3101, -4648.8022, -100.8740,  5228.7686, -4650.7905, -100.8740,  0, 0, 0
L 5228.7686, -4650.7905, -100.8740,  5229.0557, -4652.0337, -100.8740,  0, 0, 0
L 5229.0557, -4652.0337, -100.8740,  5229.5479, -4654.1650, -100.8740,  0, 0, 0
L 5229.5479, -4654.1650, -100.8740,  5229.8257, -4655.3682, -100.8740,  0, 0, 0
L 5229.8257, -4655.3682, -100.8740,  5230.3198, -4657.5132, -100.8740,  0, 0, 0
L 5230.3198, -4657.5132, -100.8740,  5230.6035, -4658.7427, -100.8740,  0, 0, 0
L 5230.6035, -4658.7427, -100.8740,  5231.0391, -4660.6265, -100.8740,  0, 0, 0
L 5231.0391, -4660.6265, -100.8740,  5231.2319, -4661.4639, -100.8740,  0, 0, 0
L 5231.2319, -4661.4639, -100.8740,  5231.5801, -4662.9688, -100.8740,  0, 0, 0
L 5231.5801, -4662.9688, -100.8740,  5231.8481, -4664.1343, -100.8740,  0, 0, 0
L 5231.8481, -4664.1343, -100.8740,  5232.1865, -4665.6006, -100.8740,  0, 0, 0
L 5232.1865, -4665.6006, -100.8740,  5232.4858, -4666.8965, -100.8740,  0, 0, 0
L 5232.4858, -4666.8965, -100.8740,  5232.9326, -4668.8335, -100.8740,  0, 0, 0
L 5232.9326, -4668.8335, -100.8740,  5233.2197, -4670.0767, -100.8740,  0, 0, 0
L 5233.2197, -4670.0767, -100.8740,  5233.6978, -4672.1450, -100.8740,  0, 0, 0
L 5233.6978, -4672.1450, -100.8740,  5234.0112, -4673.5068, -100.8740,  0, 0, 0
L 5234.0112, -4673.5068, -100.8740,  5234.4771, -4675.5225, -100.8740,  0, 0, 0
L 5234.4771, -4675.5225, -100.8740,  5234.7671, -4676.7798, -100.8740,  0, 0, 0
L 5234.7671, -4676.7798, -100.8740,  5235.1929, -4678.6250, -100.8740,  0, 0, 0
L 5235.1929, -4678.6250, -100.8740,  5235.4976, -4679.9473, -100.8740,  0, 0, 0
L 5235.4976, -4679.9473, -100.8740,  5235.9526, -4681.9219, -100.8740,  0, 0, 0
L 5235.9526, -4681.9219, -100.8740,  5236.2549, -4683.2305, -100.8740,  0, 0, 0
L 5236.2549, -4683.2305, -100.8740,  5236.6982, -4685.1543, -100.8740,  0, 0, 0
L 5236.6982, -4685.1543, -100.8740,  5236.9937, -4686.4355, -100.8740,  0, 0, 0
L 5236.9937, -4686.4355, -100.8740,  5237.4888, -4688.5815, -100.8740,  0, 0, 0
L 5237.4888, -4688.5815, -100.8740,  5237.7861, -4689.8750, -100.8740,  0, 0, 0
L 5237.7861, -4689.8750, -100.8740,  5238.1943, -4691.6436, -100.8740,  0, 0, 0
L 5238.1943, -4691.6436, -100.8740,  5238.4375, -4692.6953, -100.8740,  0, 0, 0
L 5238.4375, -4692.6953, -100.8740,  5238.8477, -4694.4771, -100.8740,  0, 0, 0
L 5238.8477, -4694.4771, -100.8740,  5239.0210, -4695.2266, -100.8740,  0, 0, 0
L 5239.0210, -4695.2266, -100.8740,  5239.4927, -4697.2729, -100.8740,  0, 0, 0
L 5239.4927, -4697.2729, -100.8740,  5239.7544, -4698.4072, -100.8740,  0, 0, 0
L 5239.7544, -4698.4072, -100.8740,  5240.1523, -4700.1377, -100.8740,  0, 0, 0
L 5240.1523, -4700.1377, -100.8740,  5240.4106, -4701.2554, -100.8740,  0, 0, 0
L 5240.4106, -4701.2554, -100.8740,  5240.6943, -4702.4858, -100.8740,  0, 0, 0
L 5240.6943, -4702.4858, -100.8740,  5240.9355, -4703.5298, -100.8740,  0, 0, 0
L 5240.9355, -4703.5298, -100.8740,  5241.3608, -4705.3774, -100.8740,  0, 0, 0
L 5241.3608, -4705.3774, -100.8740,  5241.6421, -4706.5962, -100.8740,  0, 0, 0
L 5241.6421, -4706.5962, -100.8740,  5242.0879, -4708.5303, -100.8740,  0, 0, 0
L 5242.0879, -4708.5303, -100.8740,  5242.4004, -4709.8853, -100.8740,  0, 0, 0
L 5242.4004, -4709.8853, -100.8740,  5242.8711, -4711.9282, -100.8740,  0, 0, 0
L 5242.8711, -4711.9282, -100.8740,  5243.1177, -4712.9946, -100.8740,  0, 0, 0
L 5243.1177, -4712.9946, -100.8740,  5243.6084, -4715.1226, -100.8740,  0, 0, 0
L 5243.6084, -4715.1226, -100.8740,  5243.8394, -4716.1304, -100.8740,  0, 0, 0
L 5243.8394, -4716.1304, -100.8740,  5244.2388, -4717.8584, -100.8740,  0, 0, 0
L 5244.2388, -4717.8584, -100.8740,  5244.5171, -4719.0654, -100.8740,  0, 0, 0
L 5244.5171, -4719.0654, -100.8740,  5245.0171, -4721.2349, -100.8740,  0, 0, 0
L 5245.0171, -4721.2349, -100.8740,  5245.2959, -4722.4429, -100.8740,  0, 0, 0
L 5245.2959, -4722.4429, -100.8740,  5245.7515, -4724.4199, -100.8740,  0, 0, 0
L 5245.7515, -4724.4199, -100.8740,  5246.0059, -4725.5239, -100.8740,  0, 0, 0
L 5246.0059, -4725.5239, -100.8740,  5246.4609, -4727.4980, -100.8740,  0, 0, 0
L 5246.4609, -4727.4980, -100.8740,  5246.7280, -4728.6572, -100.8740,  0, 0, 0
L 5246.7280, -4728.6572, -100.8740,  5247.1177, -4730.3452, -100.8740,  0, 0, 0
L 5247.1177, -4730.3452, -100.8740,  5247.4307, -4731.7017, -100.8740,  0, 0, 0
L 5247.4307, -4731.7017, -100.8740,  5247.8262, -4733.4194, -100.8740,  0, 0, 0
L 5247.8262, -4733.4194, -100.8740,  5248.1021, -4734.6147, -100.8740,  0, 0, 0
L 5248.1021, -4734.6147, -100.8740,  5248.5938, -4736.7505, -100.8740,  0, 0, 0
L 5248.5938, -4736.7505, -100.8740,  5248.8799, -4737.9854, -100.8740,  0, 0, 0
L 5248.8799, -4737.9854, -100.8740,  5248.1514, -4739.1338, -100.8740,  0, 0, 0
L 5248.1514, -4739.1338, -100.8740,  5247.8481, -4739.9434, -100.8740,  0, 0, 0
L 5247.8481, -4739.9434, -100.8740,  5237.3589, -4767.9595, -100.8740,  0, 0, 0
L 5237.3589, -4767.9595, -100.8740,  5233.0767, -4779.3945, -100.8740,  0, 0, 0
L 5233.0767, -4779.3945, -100.8740,  5225.7100, -4773.5630, -100.2490,  0, 0, 0
L 5225.7100, -4773.5630, -100.2490,  5108.8755, -4681.0605, -100.8740,  0, 0, 0
L 5108.8755, -4681.0605, -100.8740,  5107.7100, -4681.3252, -100.8740,  0, 0, 0
L 5107.7100, -4681.3252, -100.8740,  4881.6138, -4732.6563, -100.8740,  0, 0, 0
L 4881.6138, -4732.6563, -100.8740,  4866.6895, -4721.4585, -100.2490,  0, 0, 0
L 4866.6895, -4721.4585, -100.2490,  4757.6772, -4639.7192, -100.8740,  0, 0, 0
L 4757.6772, -4639.7192, -100.8740,  4756.3525, -4639.3882, -100.8740,  0, 0, 0
L 4756.3525, -4639.3882, -100.8740,  4633.3931, -4608.7314, -100.8740,  0, 0, 0
L 4633.3931, -4608.7314, -100.8740,  4632.0894, -4608.6851, -100.8740,  0, 0, 0
L 4632.0894, -4608.6851, -100.8740,  4488.7676, -4603.6826, -100.8740,  0, 0, 0
L 4488.7676, -4603.6826, -100.8740,  4487.4507, -4603.8774, -100.8740,  0, 0, 0
L 4487.4507, -4603.8774, -100.8740,  4350.2686, -4624.1992, -100.8740,  0, 0, 0
L 4350.2686, -4624.1992, -100.2490,  4346.9731, -4710.0234, -100.2490,  0, 0, 0
L 4346.9731, -4710.0234, -100.2490,  4347.2109, -4806.1685, -100.2490,  0, 0, 0
L 4347.2109, -4806.1685, -100.2490,  4349.3101, -4854.5142, -100.8740,  0, 0, 0
L 4349.3101, -4854.5142, -100.8740,  4349.3525, -4855.4893, -100.8740,  0, 0, 0
L 4349.3525, -4855.4893, -100.8740,  4349.8511, -4866.9521, -100.8740,  0, 0, 0
L 4349.8511, -4866.9521, -100.8740,  4349.8843, -4867.7144, -100.8740,  0, 0, 0
L 4349.8843, -4867.7144, -100.8740,  4350.2803, -4876.8394, -100.8740,  0, 0, 0
L 4350.2803, -4876.8394, -100.8740,  4350.4146, -4877.6421, -100.8740,  0, 0, 0
L 4350.4146, -4877.6421, -100.8740,  4350.9146, -4880.6406, -100.8740,  0, 0, 0
L 4350.9146, -4880.6406, -100.8740,  4351.0654, -4881.5479, -100.8740,  0, 0, 0
L 4351.0654, -4881.5479, -100.8740,  4351.5396, -4884.3921, -100.8740,  0, 0, 0
L 4351.5396, -4884.3921, -100.8740,  4351.7510, -4885.6563, -100.8740,  0, 0, 0
L 4351.7510, -4885.6563, -100.8740,  4352.1680, -4888.1611, -100.8740,  0, 0, 0
L 4352.1680, -4888.1611, -100.8740,  4352.2661, -4888.7505, -100.8740,  0, 0, 0
L 4352.2661, -4888.7505, -100.8740,  4352.6816, -4891.2363, -100.8740,  0, 0, 0
L 4352.6816, -4891.2363, -100.8740,  4352.9004, -4892.5522, -100.8740,  0, 0, 0
L 4352.9004, -4892.5522, -100.8740,  4353.3613, -4895.3188, -100.8740,  0, 0, 0
L 4353.3613, -4895.3188, -100.8740,  4353.4980, -4896.1387, -100.8740,  0, 0, 0
L 4353.4980, -4896.1387, -100.8740,  4353.9546, -4898.8740, -100.8740,  0, 0, 0
L 4353.9546, -4898.8740, -100.8740,  4354.1460, -4900.0239, -100.8740,  0, 0, 0
L 4354.1460, -4900.0239, -100.8740,  4354.6143, -4902.8315, -100.8740,  0, 0, 0
L 4354.6143, -4902.8315, -100.8740,  4354.8237, -4904.0938, -100.8740,  0, 0, 0
L 4354.8237, -4904.0938, -100.8740,  4355.2144, -4906.4312, -100.8740,  0, 0, 0
L 4355.2144, -4906.4312, -100.8740,  4355.3359, -4907.1641, -100.8740,  0, 0, 0
L 4355.3359, -4907.1641, -100.8740,  4355.6143, -4908.8276, -100.8740,  0, 0, 0
L 4355.6143, -4908.8276, -100.8740,  4355.8428, -4910.1938, -100.8740,  0, 0, 0
L 4355.8428, -4910.1938, -100.8740,  4356.3320, -4913.1377, -100.8740,  0, 0, 0
L 4356.3320, -4913.1377, -100.8740,  4356.4946, -4914.1118, -100.8740,  0, 0, 0
L 4356.4946, -4914.1118, -100.8740,  4356.9072, -4916.5854, -100.8740,  0, 0, 0
L 4356.9072, -4916.5854, -100.8740,  4357.0933, -4917.7012, -100.8740,  0, 0, 0
L 4357.0933, -4917.7012, -100.8740,  4357.5459, -4920.4185, -100.8740,  0, 0, 0
L 4357.5459, -4920.4185, -100.8740,  4357.7490, -4921.6392, -100.8740,  0, 0, 0
L 4357.7490, -4921.6392, -100.8740,  4358.2266, -4924.4971, -100.8740,  0, 0, 0
L 4358.2266, -4924.4971, -100.8740,  4358.4014, -4925.5435, -100.8740,  0, 0, 0
L 4358.4014, -4925.5435, -100.8740,  4358.8276, -4928.1069, -100.8740,  0, 0, 0
L 4358.8276, -4928.1069, -100.8740,  4358.9409, -4928.7866, -100.8740,  0, 0, 0
L 4358.9409, -4928.7866, -100.8740,  4359.3135, -4931.0190, -100.8740,  0, 0, 0
L 4359.3135, -4931.0190, -100.8740,  4359.4648, -4931.9263, -100.8740,  0, 0, 0
L 4359.4648, -4931.9263, -100.8740,  4359.9561, -4934.8726, -100.8740,  0, 0, 0
L 4359.9561, -4934.8726, -100.8740,  4360.0728, -4935.5693, -100.8740,  0, 0, 0
L 4360.0728, -4935.5693, -100.8740,  4360.4819, -4938.0278, -100.8740,  0, 0, 0
L 4360.4819, -4938.0278, -100.8740,  4360.5752, -4938.5854, -100.8740,  0, 0, 0
L 4360.5752, -4938.5854, -100.8740,  4361.0229, -4941.2710, -100.8740,  0, 0, 0
L 4361.0229, -4941.2710, -100.8740,  4361.2378, -4942.5605, -100.8740,  0, 0, 0
L 4361.2378, -4942.5605, -100.8740,  4361.7065, -4945.3687, -100.8740,  0, 0, 0
L 4361.7065, -4945.3687, -100.8740,  4361.8960, -4946.5103, -100.8740,  0, 0, 0
L 4361.8960, -4946.5103, -100.8740,  4362.3193, -4949.0493, -100.8740,  0, 0, 0
L 4362.3193, -4949.0493, -100.8740,  4362.5308, -4950.3135, -100.8740,  0, 0, 0
L 4362.5308, -4950.3135, -100.8740,  4362.9951, -4953.1030, -100.8740,  0, 0, 0
L 4362.9951, -4953.1030, -100.8740,  4363.1055, -4953.7617, -100.8740,  0, 0, 0
L 4363.1055, -4953.7617, -100.8740,  4363.5024, -4956.1450, -100.8740,  0, 0, 0
L 4363.5024, -4956.1450, -100.8740,  4363.6514, -4957.0342, -100.8740,  0, 0, 0
L 4363.6514, -4957.0342, -100.8740,  4364.1475, -4960.0137, -100.8740,  0, 0, 0
L 4364.1475, -4960.0137, -100.8740,  4364.3521, -4961.2349, -100.8740,  0, 0, 0
L 4364.3521, -4961.2349, -100.8740,  4364.8369, -4964.1519, -100.8740,  0, 0, 0
L 4364.8369, -4964.1519, -100.8740,  4364.9976, -4965.1104, -100.8740,  0, 0, 0
L 4364.9976, -4965.1104, -100.8740,  4365.4653, -4967.9214, -100.8740,  0, 0, 0
L 4365.4653, -4967.9214, -100.8740,  4365.6025, -4968.7397, -100.8740,  0, 0, 0
L 4365.6025, -4968.7397, -100.8740,  4366.0142, -4969.9609, -100.8740,  0, 0, 0
L 4366.0142, -4969.9609, -100.8740,  4366.9150, -4970.9678, -100.8740,  0, 0, 0
L 4366.9150, -4970.9678, -100.8740,  4379.8486, -4985.5020, -100.8740,  0, 0, 0
L 4379.8486, -4985.5020, -100.8740,  4399.6641, -5007.8052, -100.8740,  0, 0, 0
L 4399.6641, -5007.8052, -100.8740,  4407.2344, -5016.3262, -100.8740,  0, 0, 0
L 4407.2344, -5016.3262, -100.8740,  4394.1406, -5029.4194, -100.2490,  0, 0, 0
L 4394.1406, -5029.4194, -100.2490,  4360.3926, -5063.1689, -100.8740,  0, 0, 0
L 4360.3926, -5063.1689, -100.8699,  4349.1973, -5063.1563, -100.8740,  0, 0, 0
L 4349.1973, -5063.1563, -100.8740,  4340.4678, -5063.1558, -100.2490,  0, 0, 0
L 4340.4678, -5063.1558, -100.2490,  4310.8652, -5063.1563, -100.8740,  0, 0, 0
L 4310.8652, -5063.1563, -100.8740,  4298.1113, -5063.1563, -100.8740,  0, 0, 0
L 4298.1113, -5063.1563, -100.8740,  4282.3853, -5045.6719, -100.2490,  0, 0, 0
L 4282.3853, -5045.6719, -100.2490,  4251.5459, -5011.3892, -100.8740,  0, 0, 0
L 4251.5459, -5011.3892, -100.8740,  4250.6475, -5010.5859, -100.8740,  0, 0, 0
L 4250.6475, -5010.5859, -100.8740,  4152.8232, -4923.0469, -100.8740,  0, 0, 0
L 4152.8232, -4923.0469, -100.8740,  4166.0947, -4921.8433, -100.2490,  0, 0, 0
L 4166.0947, -4921.8433, -100.2490,  4210.3311, -4917.8257, -100.8740,  0, 0, 0
L 4210.3311, -4917.8257, -100.8740,  4211.0522, -4917.1025, -100.8740,  0, 0, 0
L 4211.0522, -4917.1025, -100.8740,  4243.4937, -4884.6602, -100.8740,  0, 0, 0
L 4243.4937, -4884.6602, -100.8740,  4251.4688, -4876.6875, -100.8740,  0, 0, 0
L 4251.4688, -4876.6875, -100.8740,  4251.7529, -4875.3589, -100.8740,  0, 0, 0
L 4251.7529, -4875.3589, -100.8740,  4252.2520, -4873.0293, -100.8740,  0, 0, 0
L 4252.2520, -4873.0293, -100.8740,  4252.3877, -4872.3975, -100.8740,  0, 0, 0
L 4252.3877, -4872.3975, -100.8740,  4252.8154, -4870.4009, -100.8740,  0, 0, 0
L 4252.8154, -4870.4009, -100.8740,  4252.9673, -4869.6943, -100.8740,  0, 0, 0
L 4252.9673, -4869.6943, -100.8740,  4253.4277, -4867.5439, -100.8740,  0, 0, 0
L 4253.4277, -4867.5439, -100.8740,  4253.7197, -4866.1821, -100.8740,  0, 0, 0
L 4253.7197, -4866.1821, -100.8740,  4254.1445, -4864.2046, -100.8740,  0, 0, 0
L 4254.1445, -4864.2046, -100.8740,  4254.3892, -4863.0615, -100.8740,  0, 0, 0
L 4254.3892, -4863.0615, -100.8740,  4254.7188, -4861.5229, -100.8740,  0, 0, 0
L 4254.7188, -4861.5229, -100.8740,  4254.9063, -4860.6519, -100.8740,  0, 0, 0
L 4254.9063, -4860.6519, -100.8740,  4255.2480, -4859.0562, -100.8740,  0, 0, 0
L 4255.2480, -4859.0562, -100.8740,  4255.4780, -4857.9839, -100.8740,  0, 0, 0
L 4255.4780, -4857.9839, -100.8740,  4255.7896, -4856.5322, -100.8740,  0, 0, 0
L 4255.7896, -4856.5322, -100.8740,  4256.0107, -4855.4976, -100.8740,  0, 0, 0
L 4256.0107, -4855.4976, -100.8740,  4256.5034, -4853.2012, -100.8740,  0, 0, 0
L 4256.5034, -4853.2012, -100.8740,  4256.6685, -4852.4351, -100.8740,  0, 0, 0
L 4256.6685, -4852.4351, -100.8740,  4257.0425, -4850.6929, -100.8740,  0, 0, 0
L 4257.0425, -4850.6929, -100.8740,  4257.3228, -4849.3853, -100.8740,  0, 0, 0
L 4257.3228, -4849.3853, -100.8740,  4257.7959, -4847.1768, -100.8740,  0, 0, 0
L 4257.7959, -4847.1768, -100.8740,  4257.9980, -4846.2310, -100.8740,  0, 0, 0
L 4257.9980, -4846.2310, -100.8740,  4258.4526, -4844.1118, -100.8740,  0, 0, 0
L 4258.4526, -4844.1118, -100.8740,  4258.6523, -4843.1807, -100.8740,  0, 0, 0
L 4258.6523, -4843.1807, -100.8740,  4259.1357, -4840.9268, -100.8740,  0, 0, 0
L 4259.1357, -4840.9268, -100.8740,  4259.3066, -4840.1304, -100.8740,  0, 0, 0
L 4259.3066, -4840.1304, -100.8740,  4259.7676, -4837.9814, -100.8740,  0, 0, 0
L 4259.7676, -4837.9814, -100.8740,  4259.9316, -4837.2153, -100.8740,  0, 0, 0
L 4259.9316, -4837.2153, -100.8740,  4260.3564, -4835.2334, -100.8740,  0, 0, 0
L 4260.3564, -4835.2334, -100.8740,  4260.5117, -4834.5117, -100.8740,  0, 0, 0
L 4260.5117, -4834.5117, -100.8740,  4260.9922, -4832.2729, -100.8740,  0, 0, 0
L 4260.9922, -4832.2729, -100.8740,  4261.1362, -4831.5972, -100.8740,  0, 0, 0
L 4261.1362, -4831.5972, -100.8740,  4261.5879, -4829.4937, -100.8740,  0, 0, 0
L 4261.5879, -4829.4937, -100.8740,  4261.7646, -4828.6670, -100.8740,  0, 0, 0
L 4261.7646, -4828.6670, -100.8740,  4262.1226, -4826.9990, -100.8740,  0, 0, 0
L 4262.1226, -4826.9990, -100.8740,  4262.2935, -4826.2026, -100.8740,  0, 0, 0
L 4262.2935, -4826.2026, -100.8740,  4262.7866, -4823.9043, -100.8740,  0, 0, 0
L 4262.7866, -4823.9043, -100.8740,  4262.9893, -4822.9575, -100.8740,  0, 0, 0
L 4262.9893, -4822.9575, -100.8740,  4263.3340, -4821.3511, -100.8740,  0, 0, 0
L 4263.3340, -4821.3511, -100.8740,  4263.5073, -4820.5396, -100.8740,  0, 0, 0
L 4263.5073, -4820.5396, -100.8740,  4263.9653, -4818.4063, -100.8740,  0, 0, 0
L 4263.9653, -4818.4063, -100.8740,  4264.1392, -4817.5952, -100.8740,  0, 0, 0
L 4264.1392, -4817.5952, -100.8740,  4264.4810, -4816.0029, -100.8740,  0, 0, 0
L 4264.4810, -4816.0029, -100.8740,  4264.6548, -4815.1924, -100.8740,  0, 0, 0
L 4264.6548, -4815.1924, -100.8740,  4265.0674, -4813.2686, -100.8740,  0, 0, 0
L 4265.0674, -4813.2686, -100.8740,  4265.3477, -4811.9614, -100.8740,  0, 0, 0
L 4265.3477, -4811.9614, -100.8740,  4265.8203, -4809.7529, -100.8740,  0, 0, 0
L 4265.8203, -4809.7529, -100.8740,  4265.9727, -4809.0474, -100.8740,  0, 0, 0
L 4265.9727, -4809.0474, -100.8740,  4266.4360, -4806.8828, -100.8740,  0, 0, 0
L 4266.4360, -4806.8828, -100.8740,  4266.5850, -4806.1919, -100.8740,  0, 0, 0
L 4266.5850, -4806.1919, -100.8740,  4266.1118, -4793.9517, -100.8740,  0, 0, 0
L 4266.1118, -4793.9517, -100.8740,  4266.0210, -4792.7686, -100.8740,  0, 0, 0
L 4266.0210, -4792.7686, -100.8740,  4265.5352, -4786.4897, -100.8740,  0, 0, 0
L 4265.5352, -4786.4897, -100.8740,  4265.4678, -4785.6182, -100.8740,  0, 0, 0
L 4265.4678, -4785.6182, -100.8740,  4265.2202, -4782.4224, -100.2490,  0, 0, 0
L 4265.2202, -4782.4224, -100.2490,  4260.6294, -4722.6919, -100.2490,  0, 0, 0
L 4260.6294, -4722.6919, -100.2490,  4256.6157, -4670.6484, -100.2490,  0, 0, 0
L 4256.6157, -4670.6484, -100.2490,  4164.0552, -4650.0767, -100.8740,  0, 0, 0
L 4164.0552, -4650.0767, -100.8740,  4162.7764, -4650.5273, -100.8740,  0, 0, 0
L 4162.7764, -4650.5273, -100.8740,  4076.5435, -4680.9502, -100.8740,  0, 0, 0
L 4076.5435, -4680.9502, -100.8740,  4076.1001, -4682.2266, -100.8740,  0, 0, 0
L 4076.1001, -4682.2266, -100.8740,  4066.1973, -4710.2734, -100.8740,  0, 0, 0
L 4066.1973, -4710.2734, -100.8740,  4056.2959, -4738.3408, -100.8740,  0, 0, 0
L 4056.2959, -4738.3408, -100.8740,  4055.9041, -4739.4521, -100.8740,  0, 0, 0
L 4055.9041, -4739.4521, -100.8740,  4055.4170, -4740.8320, -100.8740,  0, 0, 0
L 4055.4170, -4740.8320, -100.8740,  4055.0630, -4741.8359, -100.8740,  0, 0, 0
L 4055.0630, -4741.8359, -100.8740,  4054.8103, -4742.5518, -100.8740,  0, 0, 0
L 4054.8103, -4742.5518, -100.8740,  4045.6941, -4768.3931, -100.8740,  0, 0, 0
L 4045.6941, -4768.3931, -100.8740,  4046.3738, -4769.4976, -100.8740,  0, 0, 0
L 4046.3738, -4769.4976, -100.8740,  4082.3113, -4827.9102, -100.8740,  0, 0, 0
L 4082.3113, -4827.9102, -100.8740,  4086.8401, -4835.2969, -100.8740,  0, 0, 0
L 4086.8401, -4835.2969, -100.8740,  4087.9563, -4836.0396, -100.8740,  0, 0, 0
L 4087.9563, -4836.0396, -100.8740,  4133.5820, -4866.4565, -100.8740,  0, 0, 0
L 4133.5820, -4866.4565, -100.8740,  4124.5000, -4880.0742, -100.2490,  0, 0, 0
L 4124.5000, -4880.0742, -100.2490,  4114.4976, -4895.0698, -100.2490,  0, 0, 0
L 4114.4976, -4895.0698, -100.2490,  4112.5562, -4897.9810, -100.8740,  0, 0, 0
L 4112.5562, -4897.9810, -100.8740,  4111.3784, -4897.9077, -100.8740,  0, 0, 0
L 4111.3784, -4897.9077, -100.8740,  4107.5200, -4897.5337, -100.8740,  0, 0, 0
L 4107.5200, -4897.5337, -100.8740,  4106.5854, -4896.6660, -100.8740,  0, 0, 0
L 4106.5854, -4896.6660, -100.8740,  4105.4727, -4896.4277, -100.8740,  0, 0, 0
L 4105.4727, -4896.4277, -100.8740,  4040.0662, -4882.4395, -100.8740,  0, 0, 0
L 4040.0662, -4882.4395, -100.8740,  4039.0054, -4882.5103, -100.8740,  0, 0, 0
L 4039.0054, -4882.5103, -100.8740,  3962.7566, -4887.5869, -100.8740,  0, 0, 0
L 3962.7566, -4887.5869, -100.8740,  3961.6768, -4888.1270, -100.8740,  0, 0, 0
L 3961.6768, -4888.1270, -100.8740,  3900.2073, -4918.8467, -100.8740,  0, 0, 0
L 3900.2073, -4918.8467, -100.2490,  3901.3572, -4911.3574, -100.8740,  0, 0, 0
L 3901.3572, -4911.3574, -100.8740,  3901.5332, -4910.2144, -100.8740,  0, 0, 0
L 3901.5332, -4910.2144, -100.8740,  3901.9993, -4907.1821, -100.8740,  0, 0, 0
L 3901.9993, -4907.1821, -100.8740,  3902.2122, -4905.7993, -100.8740,  0, 0, 0
L 3902.2122, -4905.7993, -100.8740,  3902.6875, -4902.7070, -100.8740,  0, 0, 0
L 3902.6875, -4902.7070, -100.8740,  3902.8689, -4901.5293, -100.8740,  0, 0, 0
L 3902.8689, -4901.5293, -100.8740,  3903.3611, -4898.3315, -100.8740,  0, 0, 0
L 3903.3611, -4898.3315, -100.8740,  3903.5640, -4897.0127, -100.8740,  0, 0, 0
L 3903.5640, -4897.0127, -100.8740,  3904.0508, -4893.8472, -100.8740,  0, 0, 0
L 3904.0508, -4893.8472, -100.8740,  3904.2112, -4892.8018, -100.8740,  0, 0, 0
L 3904.2112, -4892.8018, -100.8740,  3904.6287, -4890.0854, -100.8740,  0, 0, 0
L 3904.6287, -4890.0854, -100.8740,  3904.8250, -4888.8101, -100.8740,  0, 0, 0
L 3904.8250, -4888.8101, -100.8740,  3905.2815, -4885.8423, -100.8740,  0, 0, 0
L 3905.2815, -4885.8423, -100.8740,  3905.4524, -4884.7319, -100.8740,  0, 0, 0
L 3905.4524, -4884.7319, -100.8740,  3905.8997, -4881.8218, -100.8740,  0, 0, 0
L 3905.8997, -4881.8218, -100.8740,  3906.0823, -4880.6353, -100.8740,  0, 0, 0
L 3906.0823, -4880.6353, -100.8740,  3906.5386, -4877.6680, -100.8740,  0, 0, 0
L 3906.5386, -4877.6680, -100.8740,  3906.7239, -4876.4629, -100.8740,  0, 0, 0
L 3906.7239, -4876.4629, -100.8740,  3907.1802, -4873.4946, -100.8740,  0, 0, 0
L 3907.1802, -4873.4946, -100.8740,  3907.3687, -4872.2720, -100.8740,  0, 0, 0
L 3907.3687, -4872.2720, -100.8740,  3907.6924, -4870.1675, -100.8740,  0, 0, 0
L 3907.6924, -4870.1675, -100.8740,  3907.8982, -4868.8193, -100.8740,  0, 0, 0
L 3907.8982, -4868.8193, -100.8740,  3908.3328, -4865.9980, -100.8740,  0, 0, 0
L 3908.3328, -4865.9980, -100.8740,  3908.4927, -4864.9561, -100.8740,  0, 0, 0
L 3908.4927, -4864.9561, -100.8740,  3908.8108, -4862.8892, -100.8740,  0, 0, 0
L 3908.8108, -4862.8892, -100.8740,  3909.0425, -4861.3794, -100.8740,  0, 0, 0
L 3909.0425, -4861.3794, -100.8740,  3909.4495, -4858.7368, -100.8740,  0, 0, 0
L 3909.4495, -4858.7368, -100.8740,  3909.6121, -4857.6768, -100.8740,  0, 0, 0
L 3909.6121, -4857.6768, -100.8740,  3910.0564, -4854.7900, -100.8740,  0, 0, 0
L 3910.0564, -4854.7900, -100.8740,  3910.2395, -4853.5952, -100.8740,  0, 0, 0
L 3910.2395, -4853.5952, -100.8740,  3910.6863, -4850.6963, -100.8740,  0, 0, 0
L 3910.6863, -4850.6963, -100.8740,  3910.8091, -4849.8945, -100.8740,  0, 0, 0
L 3910.8091, -4849.8945, -100.8740,  3911.2161, -4847.2500, -100.8740,  0, 0, 0
L 3911.2161, -4847.2500, -100.8740,  3911.4026, -4846.0322, -100.8740,  0, 0, 0
L 3911.4026, -4846.0322, -100.8740,  3911.8826, -4842.9180, -100.8740,  0, 0, 0
L 3911.8826, -4842.9180, -100.8740,  3912.0591, -4841.7695, -100.8740,  0, 0, 0
L 3912.0591, -4841.7695, -100.8740,  3912.5005, -4838.8994, -100.8740,  0, 0, 0
L 3912.5005, -4838.8994, -100.8740,  3912.6797, -4837.7349, -100.8740,  0, 0, 0
L 3912.6797, -4837.7349, -100.8740,  3913.1775, -4834.4990, -100.8740,  0, 0, 0
L 3913.1775, -4834.4990, -100.8740,  3913.3672, -4833.2642, -100.8740,  0, 0, 0
L 3913.3672, -4833.2642, -100.8740,  3913.8567, -4830.0811, -100.8740,  0, 0, 0
L 3913.8567, -4830.0811, -100.8740,  3914.0547, -4828.7935, -100.8740,  0, 0, 0
L 3914.0547, -4828.7935, -100.8740,  3914.5225, -4825.7490, -100.8740,  0, 0, 0
L 3914.5225, -4825.7490, -100.8740,  3914.7200, -4824.4634, -100.8740,  0, 0, 0
L 3914.7200, -4824.4634, -100.8740,  3915.0972, -4822.0112, -100.8740,  0, 0, 0
L 3915.0972, -4822.0112, -100.8740,  3915.2205, -4821.2114, -100.8740,  0, 0, 0
L 3915.2205, -4821.2114, -100.8740,  3915.5972, -4818.7598, -100.8740,  0, 0, 0
L 3915.5972, -4818.7598, -100.8740,  3915.7261, -4817.9253, -100.8740,  0, 0, 0
L 3915.7261, -4817.9253, -100.8740,  3916.1133, -4815.4043, -100.8740,  0, 0, 0
L 3916.1133, -4815.4043, -100.8740,  3916.2576, -4814.4648, -100.8740,  0, 0, 0
L 3916.2576, -4814.4648, -100.8740,  3916.6243, -4812.0820, -100.8740,  0, 0, 0
L 3916.6243, -4812.0820, -100.8740,  3916.8296, -4810.7437, -100.8740,  0, 0, 0
L 3916.8296, -4810.7437, -100.8740,  3917.2576, -4807.9629, -100.8740,  0, 0, 0
L 3917.2576, -4807.9629, -100.8740,  3917.4524, -4806.6934, -100.8740,  0, 0, 0
L 3917.4524, -4806.6934, -100.8740,  3917.8914, -4803.8428, -100.8740,  0, 0, 0
L 3917.8914, -4803.8428, -100.8740,  3918.0225, -4802.9902, -100.8740,  0, 0, 0
L 3918.0225, -4802.9902, -100.8740,  3918.4585, -4800.1563, -100.8740,  0, 0, 0
L 3918.4585, -4800.1563, -100.8740,  3918.5894, -4799.3047, -100.8740,  0, 0, 0
L 3918.5894, -4799.3047, -100.8740,  3919.0574, -4796.2612, -100.8740,  0, 0, 0
L 3919.0574, -4796.2612, -100.8740,  3919.2388, -4795.0796, -100.8740,  0, 0, 0
L 3919.2388, -4795.0796, -100.8740,  3919.6697, -4792.2798, -100.8740,  0, 0, 0
L 3919.6697, -4792.2798, -100.8740,  3919.8589, -4791.0459, -100.8740,  0, 0, 0
L 3919.8589, -4791.0459, -100.8740,  3920.3572, -4787.8105, -100.8740,  0, 0, 0
L 3920.3572, -4787.8105, -100.8740,  3920.4878, -4786.9590, -100.8740,  0, 0, 0
L 3920.4878, -4786.9590, -100.8740,  3920.9800, -4783.7598, -100.8740,  0, 0, 0
L 3920.9800, -4783.7598, -100.8740,  3921.0818, -4783.0986, -100.8740,  0, 0, 0
L 3921.0818, -4783.0986, -100.8740,  3921.5706, -4779.9180, -100.8740,  0, 0, 0
L 3921.5706, -4779.9180, -100.8740,  3921.6912, -4779.1353, -100.8740,  0, 0, 0
L 3921.6912, -4779.1353, -100.8740,  3922.0684, -4776.6841, -100.8740,  0, 0, 0
L 3922.0684, -4776.6841, -100.8740,  3922.2178, -4775.7100, -100.8740,  0, 0, 0
L 3922.2178, -4775.7100, -100.8740,  3922.6990, -4772.5806, -100.8740,  0, 0, 0
L 3922.6990, -4772.5806, -100.8740,  3922.8169, -4771.8154, -100.8740,  0, 0, 0
L 3922.8169, -4771.8154, -100.8740,  3923.2957, -4768.7026, -100.8740,  0, 0, 0
L 3923.2957, -4768.7026, -100.8740,  3923.4424, -4767.7466, -100.8740,  0, 0, 0
L 3923.4424, -4767.7466, -100.8740,  3923.9292, -4764.5815, -100.8740,  0, 0, 0
L 3923.9292, -4764.5815, -100.8740,  3924.0391, -4763.8687, -100.8740,  0, 0, 0
L 3924.0391, -4763.8687, -100.8740,  3924.4351, -4761.2944, -100.8740,  0, 0, 0
L 3924.4351, -4761.2944, -100.8740,  3924.5818, -4760.3389, -100.8740,  0, 0, 0
L 3924.5818, -4760.3389, -100.8740,  3924.9961, -4757.6436, -100.8740,  0, 0, 0
L 3924.9961, -4757.6436, -100.8740,  3925.1748, -4756.4785, -100.8740,  0, 0, 0
L 3925.1748, -4756.4785, -100.8740,  3925.5845, -4753.8184, -100.8740,  0, 0, 0
L 3925.5845, -4753.8184, -100.8740,  3925.7393, -4752.8101, -100.8740,  0, 0, 0
L 3925.7393, -4752.8101, -100.8740,  3926.1299, -4750.2720, -100.8740,  0, 0, 0
L 3926.1299, -4750.2720, -100.8740,  3926.2581, -4749.4365, -100.8740,  0, 0, 0
L 3926.2581, -4749.4365, -100.8740,  3926.7532, -4746.2197, -100.8740,  0, 0, 0
L 3926.7532, -4746.2197, -100.8740,  3926.8838, -4745.3682, -100.8740,  0, 0, 0
L 3926.8838, -4745.3682, -100.8740,  3927.2847, -4742.7607, -100.8740,  0, 0, 0
L 3927.2847, -4742.7607, -100.8740,  3927.4109, -4741.9434, -100.8740,  0, 0, 0
L 3927.4109, -4741.9434, -100.8740,  3927.8655, -4738.9868, -100.8740,  0, 0, 0
L 3927.8655, -4738.9868, -100.8740,  3928.0071, -4738.0654, -100.8740,  0, 0, 0
L 3928.0071, -4738.0654, -100.8740,  3928.4109, -4735.4395, -100.8740,  0, 0, 0
L 3928.4109, -4735.4395, -100.8740,  3928.5337, -4734.6401, -100.8740,  0, 0, 0
L 3928.5337, -4734.6401, -100.8740,  3928.9192, -4732.1353, -100.8740,  0, 0, 0
L 3928.9192, -4732.1353, -100.8740,  3929.0447, -4731.3184, -100.8740,  0, 0, 0
L 3929.0447, -4731.3184, -100.8740,  3929.4646, -4728.5894, -100.8740,  0, 0, 0
L 3929.4646, -4728.5894, -100.8740,  3929.5845, -4727.8062, -100.8740,  0, 0, 0
L 3929.5845, -4727.8062, -100.8740,  3930.0000, -4725.1094, -100.8740,  0, 0, 0
L 3930.0000, -4725.1094, -100.8740,  3930.1282, -4724.2739, -100.8740,  0, 0, 0
L 3930.1282, -4724.2739, -100.8740,  3930.5208, -4721.7227, -100.8740,  0, 0, 0
L 3930.5208, -4721.7227, -100.8740,  3930.6331, -4720.9902, -100.8740,  0, 0, 0
L 3930.6331, -4720.9902, -100.8740,  3931.1040, -4717.9307, -100.8740,  0, 0, 0
L 3931.1040, -4717.9307, -100.8740,  3931.3008, -4716.6514, -100.8740,  0, 0, 0
L 3931.3008, -4716.6514, -100.8740,  3932.1792, -4715.7578, -100.8740,  0, 0, 0
L 3932.1792, -4715.7578, -100.8740,  3938.7798, -4709.1563, -100.8740,  0, 0, 0
L 3938.7798, -4709.1563, -100.8740,  3988.1875, -4659.7485, -100.8740,  0, 0, 0
L 3988.1875, -4659.7485, -100.8740,  3988.8052, -4658.9243, -100.8740,  0, 0, 0
L 3988.8052, -4658.9243, -100.8740,  4050.5198, -4576.6685, -100.8740,  0, 0, 0
L 4050.5198, -4576.6685, -100.8740,  4051.5066, -4576.5522, -100.8740,  0, 0, 0
L 4051.5066, -4576.5522, -100.8740,  4052.3374, -4576.2051, -100.8740,  0, 0, 0
L 4052.3374, -4576.2051, -100.8740,  4089.0164, -4560.9077, -100.8740,  0, 0, 0
L 4089.0164, -4560.9077, -100.8740,  4112.8584, -4550.9980, -100.8740,  0, 0, 0
L 4112.8584, -4550.9980, -100.8740,  4113.7896, -4551.0151, -100.8740,  0, 0, 0
L 4113.7896, -4551.0151, -100.8740,  4114.5649, -4550.9048, -100.8740,  0, 0, 0
L 4114.5649, -4550.9048, -100.8740,  4142.7944, -4546.8652, -100.2490,  0, 0, 0
L 1569.6342, 943.9034, -63.2487,  1574.2047, 957.9807, -63.0436,  64, 64, 64
L 1574.2047, 957.9807, -63.0436,  1574.0375, 958.2781, -63.0251,  64, 64, 64
L 1574.0375, 958.2781, -63.0251,  1572.7509, 959.4954, -62.9109,  64, 64, 64
L 1572.7509, 959.4954, -62.9109,  1567.8270, 943.6649, -63.2802,  64, 64, 64
L 1576.0974, 929.6475, -63.2802,  1571.7731, 916.4474, -63.2802,  64, 64, 64
L 1571.7731, 916.4474, -63.2802,  1559.1449, 910.3979, -63.2802,  64, 64, 64
L 1559.1449, 910.3979, -63.2802,  1546.5569, 914.2770, -63.2802,  64, 64, 64
L 1546.5569, 914.2770, -63.2802,  1540.2588, 926.5934, -63.2802,  64, 64, 64
L 1540.2588, 926.5934, -63.2802,  1544.3290, 939.7146, -63.2802,  64, 64, 64
L 1544.3290, 939.7146, -63.2802,  1556.4573, 946.3547, -63.2582,  64, 64, 64
L 1556.4573, 946.3547, -63.2582,  1558.9762, 945.6823, -63.2802,  64, 64, 64
L 1558.9762, 945.6823, -63.2802,  1559.2230, 945.7638, -63.2802,  64, 64, 64
L 1559.2230, 945.7638, -63.2802,  1564.8672, 960.4700, -62.6142,  64, 64, 64
L 1564.8672, 960.4700, -62.6142,  1564.6056, 961.1470, -62.5833,  64, 64, 64
L 1564.6056, 961.1470, -62.5833,  1564.4751, 961.4315, -62.5703,  64, 64, 64
L 1564.4751, 961.4315, -62.5703,  1564.0758, 961.5876, -62.5632,  64, 64, 64
L 1564.0758, 961.5876, -62.5632,  1563.0625, 961.8603, -62.5508,  64, 64, 64
L 1563.0625, 961.8603, -62.5508,  1562.8142, 961.4846, -62.5679,  64, 64, 64
L 1562.8142, 961.4846, -62.5679,  1558.0897, 947.6807, -63.1600,  64, 64, 64
L 1558.0897, 947.6807, -63.1600,  1556.7466, 948.1308, -63.1752,  64, 64, 64
L 1556.7466, 948.1308, -63.1752,  1542.6876, 941.2646, -63.2802,  64, 64, 64
L 1542.6876, 941.2646, -63.2802,  1537.9143, 926.4562, -63.2802,  64, 64, 64
L 1537.9143, 926.4562, -63.2802,  1544.8839, 912.8636, -63.2802,  64, 64, 64
L 1544.8839, 912.8636, -63.2802,  1559.8615, 908.1556, -63.2802,  64, 64, 64
L 1559.8615, 908.1556, -63.2802,  1573.3672, 915.1375, -63.2802,  64, 64, 64
L 1573.3672, 915.1375, -63.2802,  1578.0625, 929.4847, -63.2802,  64, 64, 64
L 1578.0625, 929.4847, -63.2802,  1571.1697, 943.3503, -63.2772,  64, 64, 64
L 1571.1697, 943.3503, -63.2772,  1569.6316, 943.9017, -63.2419,  64, 64, 64
L 1537.5612, 989.8331, -61.0290,  1525.6503, 990.9571, -60.8563,  64, 64, 64
L 1525.6503, 990.9571, -60.8563,  1525.7107, 992.2695, -60.7842,  64, 64, 64
L 1525.7107, 992.2695, -60.7842,  1525.6792, 992.6392, -60.7633,  64, 64, 64
L 1525.6792, 992.6392, -60.7633,  1515.8712, 1004.4830, -60.6235,  64, 64, 64
L 1515.8712, 1004.4830, -60.6235,  1500.7965, 1005.2755, -58.9251,  64, 64, 64
L 1500.7965, 1005.2755, -58.9251,  1489.7941, 995.4532, -57.4308,  64, 64, 64
L 1489.7941, 995.4532, -57.4308,  1487.6879, 981.4377, -59.5725,  64, 64, 64
L 1487.6879, 981.4377, -59.5725,  1487.7278, 981.0693, -59.6397,  64, 64, 64
L 1487.7278, 981.0693, -59.6397,  1496.9867, 968.3990, -62.0271,  64, 64, 64
L 1496.9867, 968.3990, -62.0271,  1512.7737, 967.1418, -62.0970,  64, 64, 64
L 1512.7737, 967.1418, -62.0970,  1524.2003, 976.8492, -61.6218,  64, 64, 64
L 1524.2003, 976.8492, -61.6218,  1524.6765, 977.3853, -61.6018,  64, 64, 64
L 1524.6765, 977.3853, -61.6018,  1524.6034, 978.6469, -61.4352,  64, 64, 64
L 1524.6034, 978.6469, -61.4352,  1538.4988, 977.0085, -61.7610,  64, 64, 64
L 1538.4988, 977.0085, -61.7610,  1539.1371, 977.1616, -61.7589,  64, 64, 64
L 1539.1371, 977.1616, -61.7589,  1539.4004, 977.6318, -61.7353,  64, 64, 64
L 1539.4004, 977.6318, -61.7353,  1539.8096, 978.8846, -61.6697,  64, 64, 64
L 1539.8096, 978.8846, -61.6697,  1523.7931, 980.8293, -61.4014,  64, 64, 64
L 1523.7931, 980.8293, -61.4014,  1523.0707, 978.7615, -61.5092,  64, 64, 64
L 1523.0707, 978.7615, -61.5092,  1523.0376, 978.1884, -61.5408,  64, 64, 64
L 1523.0376, 978.1884, -61.5408,  1511.8640, 968.9459, -61.9967,  64, 64, 64
L 1511.8640, 968.9459, -61.9967,  1498.0519, 970.1608, -61.9291,  64, 64, 64
L 1498.0519, 970.1608, -61.9291,  1489.7262, 981.1202, -59.8596,  64, 64, 64
L 1489.7262, 981.1202, -59.8596,  1491.7896, 994.6132, -57.8018,  64, 64, 64
L 1491.7896, 994.6132, -57.8018,  1501.5371, 1003.0667, -58.9380,  64, 64, 64
L 1501.5371, 1003.0667, -58.9380,  1514.7280, 1002.3217, -60.4226,  64, 64, 64
L 1514.7280, 1002.3217, -60.4226,  1523.8844, 992.2248, -60.7684,  64, 64, 64
L 1523.8844, 992.2248, -60.7684,  1523.4828, 989.4283, -60.9200,  64, 64, 64
L 1523.4828, 989.4283, -60.9200,  1539.6736, 987.8268, -61.1710,  64, 64, 64
L 1539.6736, 987.8268, -61.1710,  1540.4198, 988.2472, -61.1551,  64, 64, 64
L 1540.4198, 988.2472, -61.1551,  1540.4885, 988.9272, -61.1179,  64, 64, 64
L 1540.4885, 988.9272, -61.1179,  1540.4806, 989.4126, -61.0892,  64, 64, 64
L 1540.4806, 989.4126, -61.0892,  1537.7056, 989.8218, -61.0399,  64, 64, 64
L 1567.8270, 943.6649, -63.2802,  1569.9259, 941.7878, -63.2802,  64, 64, 64
L 1569.9259, 941.7878, -63.2802,  1576.1443, 929.6932, -63.2802,  64, 64, 64
L 3870.1812, 753.4728, -63.2802,  3870.1580, 649.1001, -63.2802,  64, 64, 64
L 3870.1580, 649.1001, -63.2802,  3870.2588, 648.8384, -63.2802,  64, 64, 64
L 3870.2588, 648.8384, -63.2802,  3957.8870, 648.9022, -63.2802,  64, 64, 64
L 3957.8870, 648.9022, -63.2802,  3957.9397, 649.1733, -63.2791,  64, 64, 64
L 3957.9397, 649.1733, -63.2791,  3958.0337, 800.9745, -65.2441,  64, 64, 64
L 3958.0337, 800.9745, -65.2441,  3957.6509, 801.4283, -65.1862,  64, 64, 64
L 3957.6509, 801.4283, -65.1862,  3870.7212, 801.2213, -63.2797,  64, 64, 64
L 3870.7212, 801.2213, -63.2797,  3870.2876, 801.1504, -63.2802,  64, 64, 64
L 3870.2876, 801.1504, -63.2802,  3870.1580, 750.4141, -63.2783,  64, 64, 64
L 3904.5452, 648.8633, -57.7490,  3904.5259, 653.8358, -57.7490,  64, 64, 64
L 3904.5259, 653.8358, -58.0615,  3875.1509, 653.8578, -58.0615,  64, 64, 64
L 3875.1509, 653.8578, -58.0615,  3875.1243, 795.7960, -58.0615,  64, 64, 64
L 3875.1243, 795.7960, -58.0615,  3952.9651, 795.7792, -58.0615,  64, 64, 64
L 3952.9651, 795.7792, -58.0615,  3952.7632, 653.8436, -58.0615,  64, 64, 64
L 3545.8645, -79.5000, -98.6911,  3522.5933, -79.7149, -96.8562,  64, 64, 64
L 3522.5933, -79.7149, -96.8562,  3522.7471, -131.2606, -94.9617,  64, 64, 64
L 3522.7471, -131.2606, -94.9617,  3547.9512, -131.3125, -96.9308,  64, 64, 64
L 3547.9512, -131.3125, -96.9308,  3548.3711, -130.9899, -96.9635,  64, 64, 64
L 3548.3711, -130.9899, -96.9635,  3548.3748, -79.9501, -98.8520,  64, 64, 64
L 3548.3748, -79.9501, -98.8520,  3548.3494, -79.7391, -98.8665,  64, 64, 64
L 3548.3494, -79.7391, -98.8665,  3548.2063, -79.5620, -98.8692,  64, 64, 64
L 3548.2063, -79.5620, -98.8692,  3541.3074, -79.5000, -98.3351,  64, 64, 64
L 3519.7183, -74.7603, -97.6211,  3519.7183, -58.1687, -98.3138,  64, 64, 64
L 3519.7183, -58.1687, -98.3138,  3519.3833, -57.7679, -98.3201,  64, 64, 64
L 3519.3833, -57.7679, -98.3201,  3494.0569, -57.4597, -100.2379,  64, 64, 64
L 3494.0569, -57.4597, -100.2379,  3493.9063, -74.3117, -100.2497,  64, 64, 64
L 3493.9063, -74.3117, -100.2497,  3493.9058, -74.5467, -100.2497,  64, 64, 64
L 3493.9058, -74.5467, -100.2497,  3519.7183, -74.7603, -97.0187,  64, 64, 64
L 3521.0259, -91.3387, -95.5841,  3478.5081, -90.9503, -101.4571,  64, 64, 64
L 3478.5081, -90.9503, -101.4571,  3478.3428, -117.0937, -100.5964,  64, 64, 64
L 3478.3428, -117.0937, -100.5964,  3520.9407, -117.1169, -94.8205,  64, 64, 64
L 3520.9407, -117.1169, -94.8205,  3521.0259, -91.3387, -95.9667,  64, 64, 64
L 3575.7117, -111.8452, -98.4365,  3549.9495, -153.8976, -97.0869,  64, 64, 64
L 3549.9495, -153.8976, -97.0869,  3549.8887, -154.2320, -97.0900,  64, 64, 64
L 3549.8887, -154.2320, -97.0900,  3550.3667, -154.6366, -97.1590,  64, 64, 64
L 3550.3667, -154.6366, -97.1590,  3571.5889, -167.5922, -98.7774,  64, 64, 64
L 3571.5889, -167.5922, -98.7774,  3572.0210, -167.2896, -98.8112,  64, 64, 64
L 3572.0210, -167.2896, -98.8112,  3598.6519, -123.4969, -98.4984,  64, 64, 64
L 3598.6519, -123.4969, -98.4984,  3577.2322, -110.3034, -98.4365,  64, 64, 64
L 3577.2322, -110.3034, -98.4365,  3576.7522, -110.2272, -98.4365,  64, 64, 64
L 3576.7522, -110.2272, -98.4365,  3574.6558, -113.5686, -98.4365,  64, 64, 64
L 3626.8643, -975.7813, -63.2802,  3601.9187, -975.7845, -63.2802,  64, 64, 64
L 3601.9187, -975.7845, -63.2802,  3601.7891, -975.8268, -63.2802,  64, 64, 64
L 3601.7891, -975.8268, -63.2802,  3601.5938, -976.1485, -63.2802,  64, 64, 64
L 3601.5938, -976.1485, -63.2802,  3601.7969, -1156.3646, -43.6095,  64, 64, 64
L 3601.7969, -1156.3646, -43.6095,  3606.1592, -1165.5875, -42.6752,  64, 64, 64
L 3606.1592, -1165.5875, -42.6752,  3615.2544, -1172.8445, -40.8382,  64, 64, 64
L 3615.2544, -1172.8445, -40.8382,  3746.7471, -1173.0762, -63.2802,  64, 64, 64
L 3746.7471, -1173.0762, -63.2802,  3746.9373, -1172.7522, -63.2802,  64, 64, 64
L 3746.9373, -1172.7522, -63.2802,  3746.9373, -976.1555, -70.1065,  64, 64, 64
L 3746.9373, -976.1555, -70.1065,  3746.6729, -975.7979, -70.0931,  64, 64, 64
L 3746.6729, -975.7979, -70.0931,  3626.7544, -975.7812, -63.2802,  64, 64, 64
L 3592.5933, -973.2458, -63.2802,  3592.5923, -980.9387, -63.2802,  64, 64, 64
L 3592.5923, -980.9387, -63.2802,  3592.5706, -981.0350, -63.2802,  64, 64, 64
L 3592.5706, -981.0350, -63.2802,  3581.9727, -987.1819, -63.2802,  64, 64, 64
L 3581.9727, -987.1819, -63.2802,  3571.6658, -981.2366, -63.2802,  64, 64, 64
L 3571.6658, -981.2366, -63.2802,  3571.4678, -980.9169, -63.2802,  64, 64, 64
L 3571.4678, -980.9169, -63.2802,  3571.4712, -969.0770, -63.2802,  64, 64, 64
L 3571.4712, -969.0770, -63.2802,  3581.7300, -962.9905, -63.2802,  64, 64, 64
L 3581.7300, -962.9905, -63.2802,  3582.3726, -963.0140, -63.2802,  64, 64, 64
L 3582.3726, -963.0140, -63.2802,  3592.5933, -969.0749, -63.2802,  64, 64, 64
L 3592.5933, -969.0749, -63.2802,  3592.5933, -976.5467, -63.2802,  64, 64, 64
L 3614.3748, -831.8113, -63.2802,  3614.3748, -850.2675, -63.2802,  64, 64, 64
L 3614.3748, -850.2675, -63.2802,  3619.9790, -900.4594, -63.2802,  64, 64, 64
L 3619.9790, -900.4594, -63.2802,  3621.4717, -900.8559, -63.2780,  64, 64, 64
L 3621.4717, -900.8559, -63.2780,  3629.6580, -900.8527, -63.2802,  64, 64, 64
L 3629.6580, -900.8527, -63.2802,  3629.9866, -900.4495, -63.2802,  64, 64, 64
L 3629.9866, -900.4495, -63.2802,  3635.7393, -854.1073, -63.2802,  64, 64, 64
L 3635.7393, -854.1073, -63.2802,  3635.5000, -832.8669, -63.2802,  64, 64, 64
L 3635.5000, -832.8669, -63.2802,  3614.3748, -831.8113, -63.2802,  64, 64, 64
L 3635.3567, -941.6635, -63.2802,  3649.9771, -921.9025, -63.2802,  64, 64, 64
L 3649.9771, -921.9025, -63.2802,  3659.3992, -909.1703, -63.2802,  64, 64, 64
L 3659.3992, -909.1703, -63.2802,  3686.9429, -871.9651, -63.2802,  64, 64, 64
L 3686.9429, -871.9651, -63.2802,  3720.9812, -826.0149, -63.2802,  64, 64, 64
L 3720.9812, -826.0149, -63.2802,  3721.2996, -825.7838, -63.2802,  64, 64, 64
L 3721.2996, -825.7838, -63.2802,  3732.8157, -833.9525, -63.2802,  64, 64, 64
L 3732.8157, -833.9525, -63.2802,  3653.5508, -953.8016, -63.2802,  64, 64, 64
L 3653.5508, -953.8016, -63.2802,  3653.4766, -953.9142, -63.2802,  64, 64, 64
L 3653.4766, -953.9142, -63.2802,  3652.8865, -954.1025, -63.2802,  64, 64, 64
L 3652.8865, -954.1025, -63.2802,  3635.3567, -941.6635, -63.2802,  64, 64, 64
L 3719.3074, -961.2465, -63.9672,  3731.7886, -967.2701, -66.6909,  64, 64, 64
L 3731.7886, -967.2701, -66.6909,  3742.4229, -961.8116, -69.1740,  64, 64, 64
L 3742.4229, -961.8116, -69.1740,  3743.7200, -960.8616, -69.4872,  64, 64, 64
L 3743.7200, -960.8616, -69.4872,  3743.9175, -950.2013, -69.2265,  64, 64, 64
L 3743.9175, -950.2013, -69.2265,  3735.4771, -944.4745, -66.8009,  64, 64, 64
L 3735.4771, -944.4745, -66.8009,  3732.1001, -943.2582, -65.9144,  64, 64, 64
L 3732.1001, -943.2582, -65.9144,  3720.5330, -949.0618, -63.7962,  64, 64, 64
L 3720.5330, -949.0618, -63.7962,  3719.3074, -961.2465, -63.9231,  64, 64, 64
L 3797.4600, -843.2208, -71.6012,  3794.4927, -868.4534, -72.4983,  64, 64, 64
L 3794.4927, -868.4534, -72.4983,  3816.5896, -868.7369, -80.3780,  64, 64, 64
L 3816.5896, -868.7369, -80.3780,  3817.3914, -868.7374, -80.6777,  64, 64, 64
L 3817.3914, -868.7374, -80.6777,  3828.5623, -857.0499, -76.1300,  64, 64, 64
L 3828.5601, -851.9896, -76.1300,  3828.5730, -882.6837, -86.1432,  64, 64, 64
L 3828.5730, -882.6837, -86.1432,  3828.7620, -882.9254, -86.2377,  64, 64, 64
L 3828.7620, -882.9254, -86.2377,  3854.2593, -882.8779, -84.9888,  64, 64, 64
L 3854.2593, -882.8779, -84.9888,  3854.3794, -882.4888, -84.8578,  64, 64, 64
L 3854.3794, -882.4888, -84.8578,  3854.2146, -851.9984, -74.5029,  64, 64, 64
L 3854.2146, -851.9984, -74.5029,  3828.5601, -851.9896, -74.5013,  64, 64, 64
L 3834.4402, -851.9916, -74.5013,  3837.0154, -842.8209, -72.3561,  64, 64, 64
L 3837.0154, -842.8209, -72.3561,  3797.4600, -843.2208, -69.7602,  64, 64, 64
L 3800.1563, -843.1935, -69.7602,  3800.1563, -843.1935, -69.7602,  64, 64, 64
L 3837.3538, -874.5475, -74.5302,  3837.3538, -874.5475, -74.5302,  64, 64, 64
L 3828.5674, -869.1592, -74.5302,  3837.2183, -869.1175, -74.5302,  64, 64, 64
L 3837.2183, -869.1175, -74.5302,  3836.5896, -851.9924, -74.5302,  64, 64, 64
L 3873.9761, -876.1276, -78.9058,  3856.0745, -906.2978, -91.6634,  64, 64, 64
L 3856.0745, -906.2978, -91.6634,  3878.3086, -918.9987, -83.5671,  64, 64, 64
L 3878.3086, -918.9987, -83.5671,  3891.2559, -896.5553, -74.4903,  64, 64, 64
L 3891.2559, -896.5553, -74.4903,  3888.5740, -882.6727, -74.5302,  64, 64, 64
L 3888.5740, -882.6727, -74.5302,  3878.7073, -868.5583, -74.4763,  64, 64, 64
L 3878.7073, -868.5583, -74.4763,  3872.7100, -878.1951, -80.1043,  64, 64, 64
L 3866.2532, -944.7802, -90.7730,  3834.4893, -931.4944, -95.3183,  64, 64, 64
L 3834.4893, -931.4944, -95.3183,  3828.3018, -952.5023, -96.7029,  64, 64, 64
L 3828.3018, -952.5023, -96.7029,  3847.5635, -960.5521, -91.6773,  64, 64, 64
L 3847.5635, -960.5521, -91.6773,  3867.4695, -969.0853, -85.7653,  64, 64, 64
L 3867.4695, -969.0853, -85.7653,  3957.4253, -997.5049, -53.9003,  64, 64, 64
L 3957.4253, -997.5049, -53.9003,  3958.8484, -993.3938, -52.8878,  64, 64, 64
L 3958.8484, -993.3938, -52.8878,  3956.4761, -983.8524, -39.6239,  64, 64, 64
L 3956.4761, -983.8524, -39.6239,  3946.5928, -979.2189, -51.1306,  64, 64, 64
L 3946.5928, -979.2189, -51.1306,  3862.2151, -943.0486, -91.3139,  64, 64, 64
L 3809.3770, -903.4106, -90.5442,  3812.4468, -898.3994, -90.0279,  64, 64, 64
L 3812.4468, -898.3994, -90.0279,  3812.2383, -897.7668, -89.6829,  64, 64, 64
L 3812.2383, -897.7668, -89.6829,  3798.8003, -889.4023, -80.1103,  64, 64, 64
L 3798.8003, -889.4023, -80.1103,  3786.8711, -903.9498, -80.1941,  64, 64, 64
L 3786.8711, -903.9498, -80.1941,  3780.7632, -938.3785, -80.0904,  64, 64, 64
L 3780.7632, -938.3785, -80.0904,  3780.8882, -939.3425, -80.2241,  64, 64, 64
L 3780.8882, -939.3425, -80.2241,  3785.0125, -941.8791, -82.3523,  64, 64, 64
L 3785.0125, -941.8791, -82.3523,  3785.6514, -942.1024, -82.6687,  64, 64, 64
L 3785.6514, -942.1024, -82.6687,  3809.2007, -903.6985, -90.5739,  64, 64, 64
L 3824.4534, -1065.3021, -65.7658,  3824.6499, -1077.9556, -64.7432,  64, 64, 64
L 3824.6499, -1077.9556, -64.7432,  3832.9634, -1084.1172, -63.6124,  64, 64, 64
L 3832.9634, -1084.1172, -63.6124,  3845.4324, -1079.5806, -63.2802,  64, 64, 64
L 3845.4324, -1079.5806, -63.2802,  3846.6145, -1068.1034, -63.7969,  64, 64, 64
L 3846.6145, -1068.1034, -63.7969,  3844.0652, -1062.6173, -64.4247,  64, 64, 64
L 3844.0652, -1062.6173, -64.4247,  3835.5176, -1058.1088, -65.0979,  64, 64, 64
L 3835.5176, -1058.1088, -65.4715,  3824.4534, -1065.3021, -65.4636,  64, 64, 64
L 3834.6990, -1195.6360, -63.2798,  3827.7168, -1199.9052, -63.2802,  64, 64, 64
L 3827.7168, -1199.9052, -63.2802,  3827.7244, -1211.8904, -63.2802,  64, 64, 64
L 3827.7244, -1211.8904, -63.2802,  3838.5215, -1218.1577, -63.2794,  64, 64, 64
L 3838.5215, -1218.1577, -63.2794,  3849.1648, -1211.7061, -63.2802,  64, 64, 64
L 3849.1648, -1211.7061, -63.2802,  3848.9939, -1199.5586, -63.2747,  64, 64, 64
L 3848.9939, -1199.5586, -63.2747,  3838.1758, -1193.5659, -63.2802,  64, 64, 64
L 3838.1758, -1193.5659, -63.2802,  3833.6685, -1196.2206, -63.2798,  64, 64, 64
L 3735.5491, -1216.3085, -63.2802,  3735.6199, -1196.1475, -63.2802,  64, 64, 64
L 3735.6199, -1196.1475, -63.2802,  3721.2627, -1193.4418, -63.2802,  64, 64, 64
L 3721.2627, -1193.4418, -63.2802,  3597.0166, -1199.0548, -22.2300,  64, 64, 64
L 3597.0166, -1199.0548, -22.2300,  3596.8760, -1200.4070, -21.4576,  64, 64, 64
L 3596.8760, -1200.4070, -21.4576,  3597.3892, -1212.7450, -20.2390,  64, 64, 64
L 3597.3892, -1212.7450, -20.2390,  3671.2979, -1214.6166, -50.6919,  64, 64, 64
L 3671.2979, -1214.6166, -50.6919,  3699.3999, -1218.6541, -56.5379,  64, 64, 64
L 3699.3999, -1218.6541, -56.5379,  3735.5491, -1216.3085, -63.2736,  64, 64, 64
L 3884.1299, -2070.5037, -63.2802,  3794.6919, -2070.3018, -63.2802,  64, 64, 64
L 3794.6919, -2070.3018, -63.2802,  3794.1841, -2070.7969, -63.2802,  64, 64, 64
L 3794.1841, -2070.7969, -63.2802,  3794.2002, -2160.2615, -63.2802,  64, 64, 64
L 3794.2002, -2160.2615, -63.2802,  3883.9021, -2160.4507, -63.2689,  64, 64, 64
L 3883.9021, -2160.4507, -63.2689,  3884.1299, -2070.5037, -63.2802,  64, 64, 64
L 3854.4395, -2036.1819, -63.2802,  3851.5872, -2034.6045, -63.2802,  64, 64, 64
L 3851.5872, -2034.6045, -63.2802,  3848.2627, -2036.4729, -63.2802,  64, 64, 64
L 3848.2627, -2036.4729, -63.2802,  3848.0791, -2040.8102, -63.2698,  64, 64, 64
L 3848.0791, -2040.8102, -63.2698,  3851.3965, -2042.6537, -63.2802,  64, 64, 64
L 3851.3965, -2042.6537, -63.2802,  3851.6963, -2042.6947, -63.2770,  64, 64, 64
L 3851.6963, -2042.6947, -63.2770,  3855.0225, -2040.8115, -63.2702,  64, 64, 64
L 3855.0225, -2040.8115, -63.2702,  3855.1792, -2036.8391, -63.2658,  64, 64, 64
L 3855.1792, -2036.8391, -63.2658,  3853.3926, -2035.5730, -63.2796,  64, 64, 64
L 3830.8987, -2036.6018, -63.2547,  3827.5347, -2034.5728, -63.2802,  64, 64, 64
L 3827.5347, -2034.5728, -63.2802,  3824.0491, -2036.6017, -63.2802,  64, 64, 64
L 3824.0491, -2036.6017, -63.2802,  3824.0071, -2040.4497, -63.2802,  64, 64, 64
L 3824.0071, -2040.4497, -63.2802,  3827.4937, -2042.6720, -63.2802,  64, 64, 64
L 3827.4937, -2042.6720, -63.2802,  3830.8853, -2040.8307, -63.2797,  64, 64, 64
L 3830.8853, -2040.8307, -63.2797,  3831.0745, -2040.6632, -63.2655,  64, 64, 64
L 3831.0745, -2040.6632, -63.2655,  3830.8987, -2036.6018, -63.2802,  64, 64, 64
L 3926.2505, 610.8990, -63.2802,  3928.9956, 612.4617, -63.2802,  64, 64, 64
L 3928.9956, 612.4617, -63.2802,  3929.2378, 612.7366, -63.2796,  64, 64, 64
L 3929.2378, 612.7366, -63.2796,  3929.1758, 616.0226, -63.2767,  64, 64, 64
L 3929.1758, 616.0226, -63.2767,  3925.9397, 617.4971, -63.2800,  64, 64, 64
L 3925.9397, 617.4971, -63.2800,  3923.4844, 616.0750, -63.2802,  64, 64, 64
L 3923.4844, 616.0750, -63.2802,  3923.3655, 612.8427, -63.2802,  64, 64, 64
L 3923.3655, 612.8427, -63.2802,  3926.2505, 610.8990, -63.2802,  64, 64, 64
L 3904.5000, 612.6099, -63.2802,  3904.4827, 615.9075, -63.2787,  64, 64, 64
L 3904.4827, 615.9075, -63.2787,  3901.8047, 617.5724, -63.2732,  64, 64, 64
L 3901.8047, 617.5724, -63.2732,  3900.9302, 617.3458, -63.2636,  64, 64, 64
L 3900.9302, 617.3458, -63.2636,  3898.8284, 616.1342, -63.2802,  64, 64, 64
L 3898.8284, 616.1342, -63.2802,  3898.6177, 615.4987, -63.2802,  64, 64, 64
L 3898.6177, 615.4987, -63.2802,  3898.6260, 612.8563, -63.2802,  64, 64, 64
L 3898.6260, 612.8563, -63.2802,  3901.3125, 611.0562, -63.2802,  64, 64, 64
L 3901.3125, 611.0562, -63.2802,  3902.0469, 611.1931, -63.2802,  64, 64, 64
L 3902.0469, 611.1931, -63.2802,  3904.5000, 612.6099, -63.2802,  64, 64, 64
L 3922.7354, 648.8766, -57.7490,  3922.7068, 653.8216, -57.7490,  64, 64, 64
L 3922.7068, 653.8216, -58.0615,  3952.7632, 653.8436, -58.0615,  64, 64, 64
L 3848.7688, -2070.4241, -58.2802,  3848.4646, -2076.8843, -58.2802,  64, 64, 64
L 3848.4646, -2076.8843, -58.3740,  3877.7576, -2076.9285, -58.3740,  64, 64, 64
L 3877.7576, -2076.9285, -58.3740,  3877.4246, -2153.8516, -58.3740,  64, 64, 64
L 3877.4246, -2153.8516, -58.3740,  3801.1858, -2153.8914, -58.3740,  64, 64, 64
L 3801.1858, -2153.8914, -58.3740,  3800.6685, -2078.0674, -58.3740,  64, 64, 64
L 3800.6685, -2078.0674, -58.3740,  3800.7300, -2076.9739, -58.3740,  64, 64, 64
L 3800.7300, -2076.9739, -58.3740,  3830.1211, -2077.1001, -58.3740,  64, 64, 64
L 3830.9058, -2070.3833, -58.2802,  3830.1211, -2077.1001, -58.2802,  64, 64, 64
L 3466.0293, -2513.7813, -63.2802,  3465.6836, -2452.9336, -63.2802,  64, 64, 64
L 3465.6836, -2452.9336, -63.2802,  3425.2715, -2452.8333, -63.2802,  64, 64, 64
L 3425.2715, -2452.8333, -63.2802,  3425.0938, -2513.7808, -63.2802,  64, 64, 64
L 3425.0938, -2513.7808, -63.2802,  3368.3660, -2513.7813, -63.2802,  64, 64, 64
L 3368.3660, -2513.7813, -63.2802,  3367.9688, -2514.1963, -63.2802,  64, 64, 64
L 3367.9688, -2514.1963, -63.2802,  3367.9683, -2925.3440, -63.2802,  64, 64, 64
L 3367.9683, -2925.3440, -63.2802,  3368.4236, -2925.7183, -63.2802,  64, 64, 64
L 3368.4236, -2925.7183, -63.2802,  3524.5264, -2925.7078, -63.2802,  64, 64, 64
L 3524.5264, -2925.7078, -63.2802,  3524.8118, -2925.3667, -63.2802,  64, 64, 64
L 3524.8118, -2925.3667, -63.2802,  3524.8113, -2514.1287, -62.6866,  64, 64, 64
L 3524.8113, -2514.1287, -62.6866,  3524.3931, -2513.7813, -62.7193,  64, 64, 64
L 3524.3931, -2513.7813, -62.7193,  3466.0271, -2513.7813, -63.2802,  64, 64, 64
L 3456.7583, -2546.2349, -39.6240,  3452.9812, -2539.1934, -39.6240,  64, 64, 64
L 3452.9812, -2539.1934, -39.6240,  3385.7400, -2575.2681, -39.6240,  64, 64, 64
L 3385.7400, -2575.2681, -39.6240,  3391.9158, -2585.3628, -39.6240,  64, 64, 64
L 3391.9158, -2585.3628, -39.6240,  3456.7583, -2546.2349, -39.6240,  64, 64, 64
L 3498.6558, -2526.7073, -39.6240,  3498.6316, -2534.5330, -39.6240,  64, 64, 64
L 3498.6316, -2534.5330, -39.6240,  3498.8401, -2534.8914, -39.6240,  64, 64, 64
L 3498.8401, -2534.8914, -39.6240,  3506.0542, -2539.0701, -39.6240,  64, 64, 64
L 3506.0542, -2539.0701, -39.6240,  3506.7393, -2539.1919, -39.6240,  64, 64, 64
L 3506.7393, -2539.1919, -39.6240,  3513.7664, -2535.0647, -39.6240,  64, 64, 64
L 3513.7664, -2535.0647, -39.6240,  3514.2742, -2534.2090, -39.6228,  64, 64, 64
L 3514.2742, -2534.2090, -39.6228,  3514.1167, -2525.5647, -39.6240,  64, 64, 64
L 3514.1167, -2525.5647, -39.6240,  3506.4688, -2521.2996, -39.6240,  64, 64, 64
L 3506.4688, -2521.2996, -39.6240,  3498.9124, -2525.5977, -39.6240,  64, 64, 64
L 3498.9124, -2525.5977, -39.6240,  3498.6316, -2529.2017, -39.6240,  64, 64, 64
L 3505.6763, -2570.9507, -39.6240,  3497.9419, -2575.4883, -39.6240,  64, 64, 64
L 3497.9419, -2575.4883, -39.6240,  3497.9956, -2584.5491, -39.6240,  64, 64, 64
L 3497.9956, -2584.5491, -39.6240,  3506.0625, -2589.0442, -39.6240,  64, 64, 64
L 3506.0625, -2589.0442, -39.6240,  3513.4949, -2584.1597, -39.6239,  64, 64, 64
L 3513.4949, -2584.1597, -39.6239,  3513.4944, -2575.7107, -39.6198,  64, 64, 64
L 3513.4944, -2575.7107, -39.6198,  3512.9041, -2575.1375, -39.6129,  64, 64, 64
L 3512.9041, -2575.1375, -39.6129,  3505.6763, -2570.9507, -39.6240,  64, 64, 64
L 3505.6963, -2637.5452, -39.6240,  3497.9888, -2641.9932, -39.6136,  64, 64, 64
L 3497.9888, -2641.9932, -39.6136,  3497.9661, -2651.1287, -39.6240,  64, 64, 64
L 3497.9661, -2651.1287, -39.6240,  3505.8318, -2655.5154, -39.6174,  64, 64, 64
L 3505.8318, -2655.5154, -39.6174,  3513.2847, -2651.2046, -39.6240,  64, 64, 64
L 3513.2847, -2651.2046, -39.6240,  3513.4502, -2642.0730, -39.6240,  64, 64, 64
L 3513.4502, -2642.0730, -39.6240,  3505.6963, -2637.5452, -39.6233,  64, 64, 64
L 3505.6377, -2741.5801, -39.6240,  3498.0059, -2746.0076, -39.6240,  64, 64, 64
L 3498.0059, -2746.0076, -39.6240,  3497.9026, -2754.9966, -39.6240,  64, 64, 64
L 3497.9026, -2754.9966, -39.6240,  3505.9539, -2759.6504, -39.6240,  64, 64, 64
L 3505.9539, -2759.6504, -39.6240,  3513.7786, -2754.4644, -39.6240,  64, 64, 64
L 3513.7786, -2754.4644, -39.6240,  3513.2930, -2745.7144, -39.6240,  64, 64, 64
L 3513.2930, -2745.7144, -39.6240,  3505.6377, -2741.5801, -39.6240,  64, 64, 64
L 3448.4712, -2867.5757, -39.6240,  3452.9041, -2862.0198, -39.6240,  64, 64, 64
L 3452.9041, -2862.0198, -39.6240,  3391.8521, -2815.9092, -39.6240,  64, 64, 64
L 3391.8521, -2815.9092, -39.6240,  3385.3777, -2825.7239, -39.6240,  64, 64, 64
L 3385.3777, -2825.7239, -39.6240,  3448.4712, -2867.5757, -39.6240,  64, 64, 64
L 3391.8362, -2899.3623, -39.6156,  3391.8357, -2890.5105, -39.6050,  64, 64, 64
L 3391.8357, -2890.5105, -39.6050,  3384.1177, -2885.9646, -39.6240,  64, 64, 64
L 3384.1177, -2885.9646, -39.6240,  3375.9729, -2890.6741, -39.6240,  64, 64, 64
L 3375.9729, -2890.6741, -39.6240,  3376.3533, -2899.6355, -39.6240,  64, 64, 64
L 3376.3533, -2899.6355, -39.6240,  3384.4927, -2903.9927, -39.6240,  64, 64, 64
L 3384.4927, -2903.9927, -39.6240,  3391.8362, -2899.3623, -39.6192,  64, 64, 64
L 3381.3765, -2705.1912, -39.6240,  3389.3938, -2709.4773, -39.6087,  64, 64, 64
L 3389.3938, -2709.4773, -39.6087,  3396.7935, -2705.1897, -39.6240,  64, 64, 64
L 3396.7935, -2705.1897, -39.6240,  3396.8999, -2696.1370, -39.6213,  64, 64, 64
L 3396.8999, -2696.1370, -39.6213,  3389.1514, -2691.6116, -39.6240,  64, 64, 64
L 3389.1514, -2691.6116, -39.6240,  3381.2620, -2696.1426, -39.6240,  64, 64, 64
L 3381.2620, -2696.1426, -39.6240,  3381.3765, -2705.1912, -39.6240,  64, 64, 64
L 3414.6099, -2592.3125, -39.6240,  3408.8953, -2592.3125, -39.6240,  64, 64, 64
L 3408.8953, -2592.3125, -39.6240,  3409.0181, -2789.8047, -39.6240,  64, 64, 64
L 3409.0181, -2789.8047, -39.6240,  3413.4534, -2789.6558, -39.6240,  64, 64, 64
L 3413.4534, -2789.6558, -39.6240,  3414.6099, -2592.3125, -39.6240,  64, 64, 64
L 4177.1392, -2958.3582, -63.2802,  4226.6846, -3032.2991, -63.2772,  64, 64, 64
L 4226.6846, -3032.2991, -63.2772,  4300.5894, -2982.9092, -63.2802,  64, 64, 64
L 4300.5894, -2982.9092, -63.2802,  4251.1987, -2908.9971, -63.3823,  64, 64, 64
L 4251.1987, -2908.9971, -63.3823,  4222.2783, -2928.4993, -63.1490,  64, 64, 64
L 4222.2783, -2928.4993, -63.1490,  4225.2559, -2932.8931, -63.1609,  64, 64, 64
L 4225.2559, -2932.8931, -63.1609,  4226.4453, -2932.7322, -63.1988,  64, 64, 64
L 4226.4453, -2932.7322, -63.1988,  4249.6152, -2916.9922, -63.2466,  64, 64, 64
L 4249.6152, -2916.9922, -63.2466,  4292.6528, -2981.2515, -63.2802,  64, 64, 64
L 4292.6528, -2981.2515, -63.2802,  4228.3242, -3024.3245, -63.2622,  64, 64, 64
L 4228.3242, -3024.3245, -63.2622,  4185.3311, -2959.9944, -63.2802,  64, 64, 64
L 4185.3311, -2959.9944, -63.2802,  4209.4473, -2943.8733, -63.1997,  64, 64, 64
L 4209.4473, -2943.8733, -63.1997,  4209.8267, -2942.7559, -63.1207,  64, 64, 64
L 4209.8267, -2942.7559, -63.1207,  4207.7964, -2940.0906, -63.1207,  64, 64, 64
L 4207.7964, -2940.0906, -63.1207,  4206.8062, -2938.7205, -63.4212,  64, 64, 64
L 4206.8062, -2938.7205, -63.4212,  4177.1392, -2958.3582, -63.2802,  64, 64, 64
L 5143.3115, -2791.9021, -63.2802,  5143.4814, -2931.0635, -46.5569,  64, 64, 64
L 5143.4814, -2931.0635, -46.5569,  5300.0347, -2931.0518, -63.2802,  64, 64, 64
L 5300.0347, -2931.0518, -63.2802,  5299.9717, -2724.7217, -69.6066,  64, 64, 64
L 5299.9717, -2724.7217, -69.6066,  5241.3740, -2724.6875, -63.8516,  64, 64, 64
L 5241.3740, -2724.6875, -63.8516,  5241.1719, -2660.8921, -68.3370,  64, 64, 64
L 5241.1719, -2660.8921, -68.3370,  5217.2813, -2672.2000, -63.2279,  64, 64, 64
L 5217.2813, -2672.2000, -63.2279,  5200.4170, -2672.0513, -63.2802,  64, 64, 64
L 5200.4170, -2672.0513, -63.2802,  5200.4365, -2724.6875, -63.2802,  64, 64, 64
L 5200.4365, -2724.6875, -63.2802,  5143.3857, -2724.8208, -63.2802,  64, 64, 64
L 5143.3857, -2724.8208, -63.2802,  5143.3115, -2800.0166, -63.2802,  64, 64, 64
L 5230.8867, -2754.9324, -43.3427,  5228.3115, -2750.4407, -43.3427,  64, 64, 64
L 5228.3115, -2750.4407, -43.3427,  5161.2407, -2785.7957, -43.3427,  64, 64, 64
L 5161.2407, -2785.7957, -43.3427,  5166.7813, -2795.6741, -43.3427,  64, 64, 64
L 5166.7813, -2795.6741, -43.3427,  5230.8867, -2754.9324, -43.3427,  64, 64, 64
L 5274.0020, -2736.6663, -43.3427,  5274.2100, -2745.8013, -43.3427,  64, 64, 64
L 5274.2100, -2745.8013, -43.3427,  5281.6792, -2750.1143, -43.3427,  64, 64, 64
L 5281.6792, -2750.1143, -43.3427,  5282.4180, -2749.8457, -43.3427,  64, 64, 64
L 5282.4180, -2749.8457, -43.3427,  5289.2676, -2745.8777, -43.3304,  64, 64, 64
L 5289.2676, -2745.8777, -43.3304,  5289.6177, -2745.3411, -43.3368,  64, 64, 64
L 5289.6177, -2745.3411, -43.3368,  5289.6177, -2736.9292, -43.3411,  64, 64, 64
L 5289.6177, -2736.9292, -43.3411,  5289.4063, -2736.5447, -43.3427,  64, 64, 64
L 5289.4063, -2736.5447, -43.3427,  5282.0088, -2732.2610, -43.3427,  64, 64, 64
L 5282.0088, -2732.2610, -43.3427,  5274.0020, -2736.6663, -43.3427,  64, 64, 64
L 5288.8652, -2786.3936, -43.3427,  5281.2544, -2781.9639, -43.3427,  64, 64, 64
L 5281.2544, -2781.9639, -43.3427,  5273.2241, -2786.5569, -43.3419,  64, 64, 64
L 5273.2241, -2786.5569, -43.3419,  5273.2251, -2795.1624, -43.3427,  64, 64, 64
L 5273.2251, -2795.1624, -43.3427,  5281.4272, -2799.8582, -43.3427,  64, 64, 64
L 5281.4272, -2799.8582, -43.3427,  5288.4600, -2795.6282, -43.3354,  64, 64, 64
L 5288.4600, -2795.6282, -43.3354,  5288.8652, -2795.0801, -43.3393,  64, 64, 64
L 5288.8652, -2795.0801, -43.3393,  5288.8652, -2786.3936, -43.3382,  64, 64, 64
L 5288.8652, -2852.9705, -43.3427,  5280.9321, -2848.4678, -43.3427,  64, 64, 64
L 5280.9321, -2848.4678, -43.3427,  5273.2285, -2853.1106, -43.3427,  64, 64, 64
L 5273.2285, -2853.1106, -43.3427,  5273.2612, -2861.9324, -43.3427,  64, 64, 64
L 5273.2612, -2861.9324, -43.3427,  5280.9561, -2866.4119, -43.3395,  64, 64, 64
L 5280.9561, -2866.4119, -43.3395,  5288.8657, -2861.6492, -43.3427,  64, 64, 64
L 5288.8657, -2861.6492, -43.3427,  5288.8652, -2852.9705, -43.3413,  64, 64, 64
L 5288.9058, -2906.9878, -43.3427,  5281.0151, -2902.5154, -43.3427,  64, 64, 64
L 5281.0151, -2902.5154, -43.3427,  5273.2173, -2907.3428, -43.3427,  64, 64, 64
L 5273.2173, -2907.3428, -43.3427,  5273.2764, -2915.9910, -43.3427,  64, 64, 64
L 5273.2764, -2915.9910, -43.3427,  5280.8228, -2920.3887, -43.3427,  64, 64, 64
L 5280.8228, -2920.3887, -43.3427,  5281.3198, -2920.3423, -43.3427,  64, 64, 64
L 5281.3198, -2920.3423, -43.3427,  5288.6440, -2916.1460, -43.3427,  64, 64, 64
L 5288.6440, -2916.1460, -43.3427,  5288.9058, -2906.9878, -43.3356,  64, 64, 64
L 5172.2715, -2916.0530, -43.3422,  5172.2896, -2907.3313, -43.3333,  64, 64, 64
L 5172.2896, -2907.3313, -43.3333,  5164.4058, -2902.5098, -43.3427,  64, 64, 64
L 5164.4058, -2902.5098, -43.3427,  5156.6816, -2906.9700, -43.3157,  64, 64, 64
L 5156.6816, -2906.9700, -43.3157,  5156.6641, -2915.6990, -43.3427,  64, 64, 64
L 5156.6641, -2915.6990, -43.3427,  5156.9336, -2916.3750, -43.3427,  64, 64, 64
L 5156.9336, -2916.3750, -43.3427,  5164.3384, -2920.4146, -43.3427,  64, 64, 64
L 5164.3384, -2920.4146, -43.3427,  5172.2715, -2916.0530, -43.3366,  64, 64, 64
L 6230.2935, -2721.2981, -63.2767,  6174.1987, -2788.5193, -63.2802,  64, 64, 64
L 6174.1987, -2788.5193, -63.2802,  6290.8086, -2886.2559, -63.2802,  64, 64, 64
L 6290.8086, -2886.2559, -63.2802,  6347.2017, -2819.2532, -63.2802,  64, 64, 64
L 6347.2017, -2819.2532, -63.2802,  6230.2935, -2721.2981, -63.2802,  64, 64, 64
L 6186.4741, -2725.3401, -63.2741,  6186.9761, -2721.8230, -63.2802,  64, 64, 64
L 6186.9761, -2721.8230, -63.2802,  6184.4312, -2719.7764, -63.2802,  64, 64, 64
L 6184.4312, -2719.7764, -63.2802,  6181.3452, -2720.9229, -63.2802,  64, 64, 64
L 6181.3452, -2720.9229, -63.2802,  6180.7368, -2724.1365, -63.2802,  64, 64, 64
L 6180.7368, -2724.1365, -63.2802,  6183.2271, -2726.3186, -63.2802,  64, 64, 64
L 6183.2271, -2726.3186, -63.2802,  6186.4741, -2725.3401, -63.2760,  64, 64, 64
L 6171.2280, -2740.9114, -63.2802,  6168.7646, -2738.8328, -63.2802,  64, 64, 64
L 6168.7646, -2738.8328, -63.2802,  6165.5015, -2739.8042, -63.2802,  64, 64, 64
L 6165.5015, -2739.8042, -63.2802,  6164.8594, -2742.8042, -63.2802,  64, 64, 64
L 6164.8594, -2742.8042, -63.2802,  6164.8569, -2743.1685, -63.2802,  64, 64, 64
L 6164.8569, -2743.1685, -63.2802,  6167.4780, -2745.3291, -63.2802,  64, 64, 64
L 6167.4780, -2745.3291, -63.2802,  6170.3569, -2744.2820, -63.2797,  64, 64, 64
L 6170.3569, -2744.2820, -63.2797,  6171.2280, -2740.9114, -63.2802,  64, 64, 64
L 6197.1992, -2760.9563, -57.8427,  6200.4019, -2765.4949, -57.8427,  64, 64, 64
L 6200.4019, -2765.4949, -58.1552,  6181.1973, -2787.7947, -58.1552,  64, 64, 64
L 6181.1973, -2787.7947, -58.1552,  6290.3154, -2878.9805, -58.1552,  64, 64, 64
L 6290.3154, -2878.9805, -58.1552,  6340.0728, -2819.6072, -58.1552,  64, 64, 64
L 6340.0728, -2819.6072, -58.1552,  6230.6533, -2728.7781, -58.1552,  64, 64, 64
L 6230.6533, -2728.7781, -58.1552,  6212.2822, -2750.6614, -58.1552,  64, 64, 64
L 6208.2490, -2747.7146, -57.8427,  6212.2822, -2750.6614, -57.8427,  64, 64, 64
L 6204.6484, -1452.9716, -65.2391,  6213.7183, -1452.8506, -63.8252,  64, 64, 64
L 6213.7183, -1452.8506, -63.8252,  6213.7188, -1461.4191, -64.0963,  64, 64, 64
L 6213.7188, -1461.4191, -64.0963,  6213.8032, -1461.7074, -64.0764,  64, 64, 64
L 6213.8032, -1461.7074, -64.0764,  6217.6353, -1461.8042, -63.2802,  64, 64, 64
L 6217.6353, -1461.8042, -63.2802,  6217.8359, -1461.5408, -63.2802,  64, 64, 64
L 6217.8359, -1461.5408, -63.2802,  6217.8369, -1445.3065, -63.2802,  64, 64, 64
L 6217.8369, -1445.3065, -63.2802,  6217.4507, -1444.9999, -63.2802,  64, 64, 64
L 6217.4507, -1444.9999, -63.2802,  6213.8359, -1445.0901, -63.8068,  64, 64, 64
L 6213.8359, -1445.0901, -63.8068,  6213.7183, -1447.6044, -63.8253,  64, 64, 64
L 6213.7183, -1447.6044, -63.8253,  6185.0298, -1447.6067, -68.2877,  64, 64, 64
L 6185.0298, -1447.6067, -68.2877,  6185.1953, -1358.7885, -66.1400,  64, 64, 64
L 6185.1953, -1358.7885, -66.1400,  6273.9941, -1359.3202, -63.2802,  64, 64, 64
L 6273.9941, -1359.3202, -63.2802,  6274.0186, -1447.5475, -63.0893,  64, 64, 64
L 6274.0186, -1447.5475, -63.0893,  6247.9058, -1447.7715, -63.2802,  64, 64, 64
L 6247.9058, -1447.7715, -63.2802,  6247.9043, -1445.3418, -63.2802,  64, 64, 64
L 6247.9043, -1445.3418, -63.2802,  6247.5024, -1444.9999, -63.2802,  64, 64, 64
L 6247.5024, -1444.9999, -63.2802,  6242.7236, -1445.0907, -63.2802,  64, 64, 64
L 6242.7236, -1445.0907, -63.2802,  6242.5933, -1445.5497, -63.2802,  64, 64, 64
L 6242.5933, -1445.5497, -63.2802,  6242.6152, -1461.5972, -63.2802,  64, 64, 64
L 6242.6152, -1461.5972, -63.2802,  6242.9014, -1461.8375, -63.2802,  64, 64, 64
L 6242.9014, -1461.8375, -63.2802,  6247.5737, -1461.8412, -63.2802,  64, 64, 64
L 6247.5737, -1461.8412, -63.2802,  6247.9043, -1461.5033, -63.2802,  64, 64, 64
L 6247.9043, -1461.5033, -63.2802,  6247.9058, -1452.8452, -63.2802,  64, 64, 64
L 6247.9058, -1452.8452, -63.2802,  6278.9106, -1452.4596, -60.1735,  64, 64, 64
L 6278.9106, -1452.4596, -60.1735,  6279.1064, -1353.9678, -63.2802,  64, 64, 64
L 6279.1064, -1353.9678, -63.2802,  6180.2837, -1353.7144, -66.1653,  64, 64, 64
L 6180.2837, -1353.7144, -66.1653,  6179.8604, -1453.0623, -69.1156,  64, 64, 64
L 6179.8604, -1453.0623, -69.1156,  6180.4268, -1453.3303, -69.0181,  64, 64, 64
L 6180.4268, -1453.3303, -69.0181,  6209.2314, -1452.9509, -64.5263,  64, 64, 64
L 5079.6860, -1888.9171, -63.2802,  5017.8525, -1922.8982, -63.2802,  64, 64, 64
L 5017.8525, -1922.8982, -63.2802,  5017.6548, -1923.3484, -63.2802,  64, 64, 64
L 5017.6548, -1923.3484, -63.2802,  5060.9209, -2001.0011, -62.1815,  64, 64, 64
L 5060.9209, -2001.0011, -62.1815,  5139.2324, -1958.5945, -68.4356,  64, 64, 64
L 5139.2324, -1958.5945, -68.4356,  5095.4976, -1880.1309, -63.2802,  64, 64, 64
L 5095.4976, -1880.1309, -63.2802,  5079.9272, -1888.7317, -63.2802,  64, 64, 64
L 5064.9141, -1897.0353, -62.1207,  5068.4551, -1901.9031, -62.1988,  64, 64, 64
L 5068.4551, -1901.9031, -62.1988,  5093.4219, -1888.0558, -63.2802,  64, 64, 64
L 5093.4219, -1888.0558, -63.2802,  5131.1724, -1956.0259, -66.4816,  64, 64, 64
L 5131.1724, -1956.0259, -66.4816,  5062.9570, -1993.1825, -62.2240,  64, 64, 64
L 5062.9570, -1993.1825, -62.2240,  5025.6694, -1925.4396, -62.2484,  64, 64, 64
L 5025.6694, -1925.4396, -62.2484,  5051.3477, -1911.3187, -62.1988,  64, 64, 64
L 5051.3477, -1911.3187, -62.1988,  5050.7559, -1909.3474, -62.1207,  64, 64, 64
L 5050.7559, -1909.3474, -62.1207,  5048.7588, -1905.9342, -63.2802,  64, 64, 64
L 4827.0811, -1876.3743, -63.9845,  4837.0879, -1822.2009, -67.9328,  64, 64, 64
L 4837.0879, -1822.2009, -67.9328,  4748.9604, -1806.1449, -66.5482,  64, 64, 64
L 4748.9604, -1806.1449, -66.5482,  4733.0469, -1894.1217, -63.2802,  64, 64, 64
L 4733.0469, -1894.1217, -63.2802,  4820.5698, -1910.3584, -62.5305,  64, 64, 64
L 4820.5698, -1910.3584, -62.5305,  4827.6138, -1873.5718, -64.0871,  64, 64, 64
L 4742.6943, -1840.7848, -61.8707,  4748.2969, -1841.8279, -61.8733,  64, 64, 64
L 4748.2969, -1841.8279, -61.8733,  4748.5605, -1841.7904, -62.7185,  64, 64, 64
L 4748.5605, -1841.7904, -62.7185,  4753.8462, -1813.0503, -64.8189,  64, 64, 64
L 4753.8462, -1813.0503, -64.8189,  4830.4443, -1827.1973, -66.1134,  64, 64, 64
L 4830.4443, -1827.1973, -66.1134,  4815.9126, -1903.5526, -62.8727,  64, 64, 64
L 4815.9126, -1903.5526, -62.8727,  4739.8062, -1889.3611, -62.8546,  64, 64, 64
L 4739.8062, -1889.3611, -62.8546,  4745.2144, -1860.5437, -61.9551,  64, 64, 64
L 4745.2144, -1860.5437, -61.9551,  4744.9424, -1859.8142, -61.8724,  64, 64, 64
L 4744.9424, -1859.8142, -61.8724,  4739.3560, -1859.2383, -61.8707,  64, 64, 64
L 5305.0215, -1082.5244, -66.1347,  5387.4136, -1044.0847, -63.2802,  64, 64, 64
L 5387.4136, -1044.0847, -63.2802,  5387.3604, -1043.3633, -63.2802,  64, 64, 64
L 5387.3604, -1043.3633, -63.2802,  5300.4131, -857.0544, -63.2802,  64, 64, 64
L 5300.4131, -857.0544, -63.2802,  5247.1104, -881.7325, -64.8454,  64, 64, 64
L 5247.1104, -881.7325, -64.8454,  5233.8784, -854.1982, -65.8815,  64, 64, 64
L 5233.8784, -854.1982, -65.8815,  5217.0400, -858.9106, -67.1865,  64, 64, 64
L 5217.0400, -858.9106, -67.1865,  5196.1284, -868.7656, -67.1865,  64, 64, 64
L 5196.1284, -868.7656, -67.1865,  5209.9922, -899.0457, -67.1865,  64, 64, 64
L 5209.9922, -899.0457, -67.1865,  5158.4355, -923.1279, -66.3854,  64, 64, 64
L 5158.4355, -923.1279, -66.3854,  5158.4648, -923.7191, -66.3369,  64, 64, 64
L 5158.4648, -923.7191, -66.3369,  5245.3359, -1109.9778, -82.7462,  64, 64, 64
L 5245.3359, -1109.9778, -82.7462,  5245.6489, -1110.1563, -82.6763,  64, 64, 64
L 5245.6489, -1110.1563, -82.6763,  5313.3804, -1078.6267, -64.1756,  64, 64, 64
L 5282.1323, -873.4578, -56.0927,  5286.0020, -881.4183, -56.0927,  64, 64, 64
L 5286.0020, -881.4183, -56.0927,  5294.5645, -882.1754, -56.0921,  64, 64, 64
L 5294.5645, -882.1754, -56.0921,  5299.7783, -875.0151, -56.0763,  64, 64, 64
L 5299.7783, -875.0151, -56.0763,  5296.1021, -866.8442, -56.0927,  64, 64, 64
L 5296.1021, -866.8442, -56.0927,  5287.1836, -866.0392, -56.0927,  64, 64, 64
L 5287.1836, -866.0392, -56.0927,  5282.1323, -873.4578, -56.0927,  64, 64, 64
L 5322.0000, -922.2441, -56.0895,  5313.2671, -921.5102, -56.0927,  64, 64, 64
L 5313.2671, -921.5102, -56.0927,  5307.9795, -929.0128, -56.0927,  64, 64, 64
L 5307.9795, -929.0128, -56.0927,  5311.7100, -936.7872, -56.0927,  64, 64, 64
L 5311.7100, -936.7872, -56.0927,  5320.4561, -937.6476, -56.0927,  64, 64, 64
L 5320.4561, -937.6476, -56.0927,  5320.6763, -937.5580, -56.0900,  64, 64, 64
L 5320.6763, -937.5580, -56.0900,  5325.6631, -930.4703, -56.0910,  64, 64, 64
L 5325.6631, -930.4703, -56.0910,  5322.0000, -922.2441, -56.0911,  64, 64, 64
L 5346.4668, -974.7430, -56.0921,  5337.6729, -973.9891, -56.0927,  64, 64, 64
L 5337.6729, -973.9891, -56.0927,  5332.4971, -981.5068, -56.0927,  64, 64, 64
L 5332.4971, -981.5068, -56.0927,  5336.1133, -989.1859, -56.0927,  64, 64, 64
L 5336.1133, -989.1859, -56.0927,  5345.0234, -990.1343, -56.0805,  64, 64, 64
L 5345.0234, -990.1343, -56.0805,  5350.1895, -982.9786, -56.0927,  64, 64, 64
L 5350.1895, -982.9786, -56.0927,  5346.4668, -974.7430, -56.0906,  64, 64, 64
L 5363.9063, -1029.7925, -56.0927,  5358.6450, -1037.3646, -56.0927,  64, 64, 64
L 5358.6450, -1037.3646, -56.0927,  5362.6050, -1045.4967, -56.0927,  64, 64, 64
L 5362.6050, -1045.4967, -56.0927,  5371.3643, -1046.1321, -56.0927,  64, 64, 64
L 5371.3643, -1046.1321, -56.0927,  5376.2681, -1039.0973, -56.0859,  64, 64, 64
L 5376.2681, -1039.0973, -56.0859,  5376.3252, -1038.9098, -56.0866,  64, 64, 64
L 5376.3252, -1038.9098, -56.0866,  5372.4600, -1030.8296, -56.0927,  64, 64, 64
L 5372.4600, -1030.8296, -56.0927,  5363.9063, -1029.7925, -56.0927,  64, 64, 64
L 5260.8506, -1092.8129, -56.0772,  5257.1572, -1084.8888, -56.0901,  64, 64, 64
L 5257.1572, -1084.8888, -56.0901,  5248.3062, -1083.9518, -56.0927,  64, 64, 64
L 5248.3062, -1083.9518, -56.0927,  5243.1670, -1091.0923, -56.0927,  64, 64, 64
L 5243.1670, -1091.0923, -56.0927,  5243.2095, -1091.5823, -56.0917,  64, 64, 64
L 5243.2095, -1091.5823, -56.0917,  5246.8149, -1099.2639, -56.0927,  64, 64, 64
L 5246.8149, -1099.2639, -56.0927,  5255.8125, -1100.0155, -56.0927,  64, 64, 64
L 5255.8125, -1100.0155, -56.0927,  5260.8506, -1092.8129, -56.0909,  64, 64, 64
L 5220.6729, -1043.2584, -56.0916,  5229.3950, -1044.0210, -56.0920,  64, 64, 64
L 5229.3950, -1044.0210, -56.0920,  5234.5679, -1036.4258, -56.0927,  64, 64, 64
L 5234.5679, -1036.4258, -56.0927,  5231.0654, -1028.9314, -56.0912,  64, 64, 64
L 5231.0654, -1028.9314, -56.0912,  5230.6133, -1028.5912, -56.0927,  64, 64, 64
L 5230.6133, -1028.5912, -56.0927,  5221.9175, -1027.9683, -56.0927,  64, 64, 64
L 5221.9175, -1027.9683, -56.0927,  5217.0210, -1035.4198, -56.0920,  64, 64, 64
L 5217.0210, -1035.4198, -56.0920,  5220.6729, -1043.2584, -56.0927,  64, 64, 64
L 5196.1802, -990.7822, -56.0927,  5205.2510, -991.3044, -56.0913,  64, 64, 64
L 5205.2510, -991.3044, -56.0913,  5210.1089, -983.9712, -56.0771,  64, 64, 64
L 5210.1089, -983.9712, -56.0771,  5206.2607, -976.1025, -56.0927,  64, 64, 64
L 5206.2607, -976.1025, -56.0927,  5197.7017, -975.3851, -56.0927,  64, 64, 64
L 5197.7017, -975.3851, -56.0927,  5192.5356, -982.5380, -56.0927,  64, 64, 64
L 5192.5356, -982.5380, -56.0927,  5196.1802, -990.7822, -56.0927,  64, 64, 64
L 5170.3130, -935.2620, -56.0919,  5179.1387, -936.0328, -56.0741,  64, 64, 64
L 5179.1387, -936.0328, -56.0741,  5184.2935, -928.6909, -56.0891,  64, 64, 64
L 5184.2935, -928.6909, -56.0891,  5180.5264, -920.6865, -56.0894,  64, 64, 64
L 5180.5264, -920.6865, -56.0894,  5171.4146, -920.2244, -56.0921,  64, 64, 64
L 5171.4146, -920.2244, -56.0921,  5166.6172, -927.2910, -56.0927,  64, 64, 64
L 5166.6172, -927.2910, -56.0927,  5170.3130, -935.2620, -56.0927,  64, 64, 64
L 5437.3267, -552.3854, 13.1624,  5398.2524, -572.9445, 0.1034,  64, 64, 64
L 5398.2524, -572.9445, 0.1034,  5399.6685, -594.3019, 1.1756,  64, 64, 64
L 5399.6685, -594.3019, 1.1756,  5450.9653, -587.7725, 13.6091,  64, 64, 64
L 5450.9653, -587.7725, 12.9165,  5437.3267, -552.3854, 12.9828,  64, 64, 64
L 5450.7891, -700.4794, 12.1466,  5442.5698, -659.1696, 14.1152,  64, 64, 64
L 5442.5698, -659.1696, 14.1152,  5408.0059, -663.0732, 0.2652,  64, 64, 64
L 5408.0059, -663.0732, 0.2652,  5416.0059, -706.5564, 1.3793,  64, 64, 64
L 5416.0059, -706.5564, 1.3793,  5450.7891, -700.4794, 11.4366,  64, 64, 64
L 5420.4482, -101.3842, -63.3567,  5420.4219, -105.0859, -63.2047,  64, 64, 64
L 5420.4219, -105.0859, -63.2047,  5420.5605, -105.3281, -63.1858,  64, 64, 64
L 5420.5605, -105.3281, -63.1858,  5423.9380, -107.0706, -63.0488,  64, 64, 64
L 5423.9380, -107.0706, -63.0488,  5426.8354, -105.4229, -63.1753,  64, 64, 64
L 5426.8354, -105.4229, -63.1753,  5426.9653, -105.3462, -63.1814,  64, 64, 64
L 5426.9653, -105.3462, -63.1814,  5427.1133, -104.7545, -63.1963,  64, 64, 64
L 5427.1133, -104.7545, -63.1963,  5427.1211, -101.8799, -63.3641,  64, 64, 64
L 5427.1211, -101.8799, -63.3641,  5427.0732, -101.4314, -63.3879,  64, 64, 64
L 5427.0732, -101.4314, -63.3879,  5424.1670, -99.6939, -63.4574,  64, 64, 64
L 5424.1670, -99.6939, -63.4574,  5423.6855, -99.5342, -63.4637,  64, 64, 64
L 5423.6855, -99.5342, -63.4637,  5420.4482, -101.3842, -63.3995,  64, 64, 64
L 5444.4688, -101.4792, -63.3480,  5444.4775, -104.6633, -63.2377,  64, 64, 64
L 5444.4775, -104.6633, -63.2377,  5444.5200, -105.2501, -63.1919,  64, 64, 64
L 5444.5200, -105.2501, -63.1919,  5447.5679, -107.0849, -63.0485,  64, 64, 64
L 5447.5679, -107.0849, -63.0485,  5448.1392, -107.0636, -63.0502,  64, 64, 64
L 5448.1392, -107.0636, -63.0502,  5450.9883, -105.4100, -63.1759,  64, 64, 64
L 5450.9883, -105.4100, -63.1759,  5451.1602, -104.6484, -63.2191,  64, 64, 64
L 5451.1602, -104.6484, -63.2191,  5451.1646, -101.6116, -63.3770,  64, 64, 64
L 5451.1646, -101.6116, -63.3770,  5448.0596, -99.6442, -63.4539,  64, 64, 64
L 5448.0596, -99.6442, -63.4539,  5447.2432, -99.7507, -63.4551,  64, 64, 64
L 5447.2432, -99.7507, -63.4551,  5444.4688, -101.4792, -63.4146,  64, 64, 64
L 5444.8911, -71.3200, -63.9469,  5480.6895, -71.5429, -66.2406,  64, 64, 64
L 5480.6895, -71.5429, -66.2406,  5480.9844, -71.3252, -66.2545,  64, 64, 64
L 5480.9844, -71.3252, -66.2545,  5481.3379, 17.9687, -68.2571,  64, 64, 64
L 5481.3379, 17.9687, -68.2571,  5481.1812, 18.3371, -68.2887,  64, 64, 64
L 5481.1812, 18.3371, -68.2887,  5392.1460, 17.7963, -61.0719,  64, 64, 64
L 5392.1460, 17.7963, -61.0719,  5391.9063, 17.3147, -60.9969,  64, 64, 64
L 5391.9063, 17.3147, -60.9969,  5392.1182, -70.1736, -57.5836,  64, 64, 64
L 5392.1182, -70.1736, -57.5836,  5392.3154, -70.5330, -57.6342,  64, 64, 64
L 5392.3154, -70.5330, -57.6342,  5444.8906, -71.3267, -64.3266,  64, 64, 64
L 5444.8906, -71.3267, -62.8115,  5444.9258, -64.9669, -62.8115,  64, 64, 64
L 5426.6533, -71.0514, -62.8115,  5426.7725, -65.1504, -62.8115,  64, 64, 64
L 5398.0396, -65.4408, -58.9074,  5398.2168, 11.8964, -61.5596,  64, 64, 64
L 5398.2168, 11.8964, -61.5596,  5474.9175, 11.7212, -63.9677,  64, 64, 64
L 5474.9175, 11.7212, -63.9677,  5474.7778, -64.6651, -63.9677,  64, 64, 64
L 5474.7778, -64.6651, -63.9677,  5398.0396, -65.4408, -63.5163,  64, 64, 64
L 5116.4844, -16.0123, -63.3326,  5113.9189, -5.0061, -63.3427,  64, 64, 64
L 5113.9189, -5.0061, -63.3427,  5113.0210, -4.6478, -63.2321,  64, 64, 64
L 5113.0210, -4.6478, -63.2321,  5108.2603, -5.8585, -63.4152,  64, 64, 64
L 5108.2603, -5.8585, -63.4152,  5114.8145, -34.1262, -63.3937,  64, 64, 64
L 5114.8145, -34.1262, -63.3937,  5039.1802, -52.5596, -69.2538,  64, 64, 64
L 5039.1802, -52.5596, -69.2538,  5021.6108, 23.2854, -64.2347,  64, 64, 64
L 5096.8970, 41.0993, -63.2802,  5102.5327, 17.8638, -63.2802,  64, 64, 64
L 5097.0654, 41.1399, -63.2802,  5021.6108, 23.2854, -63.2802,  64, 64, 64
L 5101.9600, 20.3199, -63.2802,  5103.6880, 12.5466, -63.2802,  64, 64, 64
L 5103.6880, 12.5466, -63.2802,  5105.6074, 12.6086, -63.2321,  64, 64, 64
L 5105.6074, 12.6086, -63.2321,  5109.2822, 13.4293, -63.2509,  64, 64, 64
L 5109.2822, 13.4293, -63.2509,  5109.3984, 14.0631, -63.2802,  64, 64, 64
L 5109.3984, 14.0631, -63.2802,  5101.3667, 47.7461, -63.2802,  64, 64, 64
L 5101.3667, 47.7461, -63.2802,  5100.7773, 48.0853, -63.2802,  64, 64, 64
L 5100.7773, 48.0853, -63.2802,  5014.1709, 27.9577, -68.3476,  64, 64, 64
L 5014.1709, 27.9577, -68.3476,  5014.0522, 27.4652, -68.3769,  64, 64, 64
L 5014.0522, 27.4652, -68.3769,  5034.6528, -59.5184, -69.7302,  64, 64, 64
L 5034.6528, -59.5184, -69.7302,  5035.1548, -59.7559, -69.6910,  64, 64, 64
L 5035.1548, -59.7559, -69.6910,  5121.5215, -38.5059, -62.9391,  64, 64, 64
L 5121.5215, -38.5059, -62.9391,  5121.7100, -38.3062, -62.9105,  64, 64, 64
L 5121.7100, -38.3062, -62.9105,  5116.7300, -16.8467, -63.3180,  64, 64, 64
L 5118.6436, -24.9867, -63.1431,  5115.2852, -10.7358, -63.3955,  64, 64, 64
L 5049.9502, 131.4088, -64.5947,  5071.5815, 118.1578, -63.2802,  64, 64, 64
L 5071.5815, 118.1578, -63.2802,  5071.8882, 118.0651, -63.2802,  64, 64, 64
L 5071.8882, 118.0651, -63.2802,  5098.7524, 161.6949, -63.2802,  64, 64, 64
L 5098.7524, 161.6949, -63.2802,  5098.7100, 162.3102, -63.2802,  64, 64, 64
L 5098.7100, 162.3102, -63.2802,  5077.3364, 175.4222, -63.2802,  64, 64, 64
L 5077.3364, 175.4222, -63.2802,  5076.8848, 175.3529, -63.2802,  64, 64, 64
L 5076.8848, 175.3529, -63.2802,  5049.9502, 131.4088, -64.1235,  64, 64, 64
L 5073.1494, 191.0547, -63.2802,  5089.7686, 191.2122, -63.2802,  64, 64, 64
L 5089.7686, 191.2122, -63.2802,  5089.7441, 217.2094, -63.2802,  64, 64, 64
L 5089.7441, 217.2094, -63.2802,  5073.6392, 217.2183, -63.2802,  64, 64, 64
L 5073.6392, 217.2183, -63.2802,  5073.1494, 191.0547, -63.2802,  64, 64, 64
L 5114.9365, 177.1663, -63.2802,  5114.9395, 228.6988, -63.2802,  64, 64, 64
L 5114.9395, 228.6988, -63.2802,  5115.1865, 229.0098, -63.2802,  64, 64, 64
L 5115.1865, 229.0098, -63.2802,  5140.3726, 229.0312, -63.2802,  64, 64, 64
L 5140.3726, 229.0312, -63.2802,  5140.7637, 228.8966, -63.2802,  64, 64, 64
L 5140.7637, 228.8966, -63.2802,  5140.6934, 177.3644, -63.2802,  64, 64, 64
L 5140.6934, 177.3644, -63.2802,  5114.9365, 177.1663, -63.2802,  64, 64, 64
L 5169.1616, 198.4659, -63.2802,  5142.2280, 154.4629, -63.2802,  64, 64, 64
L 5142.2280, 154.4629, -63.2802,  5142.3442, 154.0927, -63.2802,  64, 64, 64
L 5142.3442, 154.0927, -63.2802,  5164.2866, 140.9137, -63.2802,  64, 64, 64
L 5164.2866, 140.9137, -63.2802,  5190.9385, 184.5870, -63.2802,  64, 64, 64
L 5190.9385, 184.5870, -63.2802,  5191.0225, 184.9654, -63.2802,  64, 64, 64
L 5191.0225, 184.9654, -63.2802,  5169.1616, 198.4659, -63.2802,  64, 64, 64
L 5478.5615, 896.6272, 165.1615,  5510.6934, 896.0737, 171.1202,  64, 64, 64
L 5510.6934, 896.0737, 171.1202,  5510.0278, 800.2123, 178.9465,  64, 64, 64
L 5510.0278, 800.2123, 178.9465,  5415.1060, 800.6985, 184.2510,  64, 64, 64
L 5415.1060, 800.6985, 184.2510,  5413.0835, 897.5703, 154.6384,  64, 64, 64
L 5413.0835, 897.5703, 154.6384,  5444.3750, 897.0789, 160.3548,  64, 64, 64
L 5444.3750, 897.0789, 160.3548,  5444.3843, 905.9608, 158.7142,  64, 64, 64
L 5444.3843, 905.9608, 158.7142,  5444.9233, 906.2499, 158.7181,  64, 64, 64
L 5444.9233, 906.2499, 158.7181,  5449.5308, 906.1805, 159.2204,  64, 64, 64
L 5449.5308, 906.1805, 159.2204,  5449.6763, 905.9642, 159.2758,  64, 64, 64
L 5449.6763, 905.9642, 159.2758,  5449.6646, 889.5507, 164.7011,  64, 64, 64
L 5449.6646, 889.5507, 164.7011,  5449.2725, 889.4026, 164.7423,  64, 64, 64
L 5449.2725, 889.4026, 164.7423,  5444.7075, 889.4066, 164.2551,  64, 64, 64
L 5444.7075, 889.4066, 164.2551,  5444.4126, 889.6166, 164.1061,  64, 64, 64
L 5444.4126, 889.6166, 164.1061,  5444.3750, 891.7853, 163.1225,  64, 64, 64
L 5444.3750, 891.7853, 163.1225,  5418.3389, 891.9370, 160.0364,  64, 64, 64
L 5418.3389, 891.9370, 160.0364,  5420.2129, 806.2596, 185.2919,  64, 64, 64
L 5420.2129, 806.2596, 185.2919,  5505.1709, 805.4149, 179.6125,  64, 64, 64
L 5505.1709, 805.4149, 179.6125,  5505.2476, 891.0555, 172.5439,  64, 64, 64
L 5505.2476, 891.0555, 172.5439,  5478.5615, 891.4551, 167.3693,  64, 64, 64
L 5478.5615, 891.4551, 167.3693,  5478.5615, 889.8268, 168.1854,  64, 64, 64
L 5478.5615, 889.8268, 168.1854,  5477.2510, 889.1201, 168.2977,  64, 64, 64
L 5477.2510, 889.1201, 168.2977,  5477.6348, 889.4063, 168.2248,  64, 64, 64
L 5477.6348, 889.4063, 168.2248,  5475.0718, 889.4063, 167.7474,  64, 64, 64
L 5475.0718, 889.4063, 167.7474,  5474.4097, 889.7645, 167.4435,  64, 64, 64
L 5474.4097, 889.7645, 167.4435,  5474.5649, 906.5118, 164.2643,  64, 64, 64
L 5474.5649, 906.5118, 164.2643,  5474.9360, 906.2499, 164.4210,  64, 64, 64
L 5474.9360, 906.2499, 164.4210,  5478.4941, 906.1031, 165.7091,  64, 64, 64
L 5478.4941, 906.1031, 165.7091,  5478.5615, 896.6212, 165.2300,  64, 64, 64
L 1044.7498, -1174.6498, -63.2692,  1030.5493, -1180.1143, -63.2362,  64, 64, 64
L 1030.5493, -1180.1143, -63.2362,  1031.0414, -1181.3429, -63.2800,  64, 64, 64
L 1031.0414, -1181.3429, -63.2800,  1031.2897, -1181.7682, -63.2802,  64, 64, 64
L 1031.2897, -1181.7682, -63.2802,  1024.8761, -1195.7393, -63.2802,  64, 64, 64
L 1024.8761, -1195.7393, -63.2802,  1010.6260, -1201.2096, -63.2802,  64, 64, 64
L 1010.6260, -1201.2096, -63.2802,  996.1567, -1194.8213, -63.2802,  64, 64, 64
L 996.1567, -1194.8213, -63.2802,  990.8465, -1180.7538, -63.2802,  64, 64, 64
L 990.8465, -1180.7538, -63.2802,  997.1722, -1166.5331, -63.2802,  64, 64, 64
L 997.1722, -1166.5331, -63.2802,  1011.5865, -1160.9639, -63.2802,  64, 64, 64
L 1011.5865, -1160.9639, -63.2802,  1025.6071, -1167.1858, -63.2802,  64, 64, 64
L 1025.6071, -1167.1858, -63.2802,  1026.1798, -1168.7804, -63.2505,  64, 64, 64
L 1026.1798, -1168.7804, -63.2505,  1040.2694, -1163.5543, -63.2802,  64, 64, 64
L 1040.2694, -1163.5543, -63.2802,  1040.6530, -1165.1654, -63.2802,  64, 64, 64
L 1040.6530, -1165.1654, -63.2802,  1025.4850, -1171.3466, -63.2802,  64, 64, 64
L 1025.4850, -1171.3466, -63.2802,  1023.8772, -1168.6787, -63.2802,  64, 64, 64
L 1023.8772, -1168.6787, -63.2802,  1011.8821, -1162.6431, -63.2802,  64, 64, 64
L 1011.8821, -1162.6431, -63.2802,  998.7953, -1168.0626, -63.2802,  64, 64, 64
L 998.7953, -1168.0626, -63.2802,  993.2631, -1181.2239, -63.2802,  64, 64, 64
L 993.2631, -1181.2239, -63.2802,  998.0145, -1193.5454, -63.2802,  64, 64, 64
L 998.0145, -1193.5454, -63.2802,  1010.3801, -1199.3629, -63.2802,  64, 64, 64
L 1010.3801, -1199.3629, -63.2802,  1023.4672, -1194.5109, -63.2802,  64, 64, 64
L 1023.4672, -1194.5109, -63.2802,  1029.2488, -1181.9304, -63.2802,  64, 64, 64
L 1029.2488, -1181.9304, -63.2802,  1028.1355, -1179.1027, -63.2802,  64, 64, 64
L 1028.1355, -1179.1027, -63.2802,  1043.8330, -1173.1641, -63.2802,  64, 64, 64
L 1043.8330, -1173.1641, -63.2802,  1044.7498, -1174.6498, -63.2802,  64, 64, 64
L 1044.5078, -1174.2577, -63.2802,  1044.1128, -1173.2820, -63.2802,  64, 64, 64
L 1031.7141, -1125.7688, -63.2180,  1030.5333, -1127.0934, -63.2802,  64, 64, 64
L 1030.5333, -1127.0934, -63.2802,  1015.5742, -1128.5104, -63.2650,  64, 64, 64
L 1015.5742, -1128.5104, -63.2650,  1003.3314, -1118.6133, -63.2802,  64, 64, 64
L 1003.3314, -1118.6133, -63.2802,  1002.0162, -1103.6610, -63.2802,  64, 64, 64
L 1002.0162, -1103.6610, -63.2802,  1002.1459, -1103.1715, -63.2802,  64, 64, 64
L 1002.1459, -1103.1715, -63.2802,  1012.0486, -1091.4657, -63.2802,  64, 64, 64
L 1012.0486, -1091.4657, -63.2802,  1027.2566, -1090.0286, -63.2802,  64, 64, 64
L 1027.2566, -1090.0286, -63.2802,  1039.0901, -1099.9403, -63.2802,  64, 64, 64
L 1039.0901, -1099.9403, -63.2802,  1040.4506, -1115.2842, -63.2802,  64, 64, 64
L 1040.4506, -1115.2842, -63.2802,  1039.4170, -1116.3882, -63.2353,  64, 64, 64
L 1039.4170, -1116.3882, -63.2353,  1050.8206, -1125.6571, -63.2802,  64, 64, 64
L 1050.8206, -1125.6571, -63.2802,  1050.9138, -1126.1132, -63.2802,  64, 64, 64
L 1050.9138, -1126.1132, -63.2802,  1049.7246, -1127.3943, -63.2802,  64, 64, 64
L 1049.7246, -1127.3943, -63.2802,  1037.2483, -1116.9634, -63.2802,  64, 64, 64
L 1037.2483, -1116.9634, -63.2802,  1037.0065, -1115.6624, -63.2802,  64, 64, 64
L 1037.0065, -1115.6624, -63.2802,  1038.4159, -1114.2047, -63.2802,  64, 64, 64
L 1038.4159, -1114.2047, -63.2802,  1037.2566, -1101.7888, -63.2802,  64, 64, 64
L 1037.2566, -1101.7888, -63.2802,  1037.1206, -1101.0331, -63.2802,  64, 64, 64
L 1037.1206, -1101.0331, -63.2802,  1026.3944, -1092.1956, -63.2802,  64, 64, 64
L 1026.3944, -1092.1956, -63.2802,  1012.6859, -1093.5952, -63.2802,  64, 64, 64
L 1012.6859, -1093.5952, -63.2802,  1004.0170, -1104.1715, -63.2802,  64, 64, 64
L 1004.0170, -1104.1715, -63.2802,  1005.1716, -1117.3236, -63.2802,  64, 64, 64
L 1005.1716, -1117.3236, -63.2802,  1015.5981, -1126.7571, -63.2802,  64, 64, 64
L 1015.5981, -1126.7571, -63.2802,  1029.5103, -1125.4313, -63.2802,  64, 64, 64
L 1029.5103, -1125.4313, -63.2802,  1031.3965, -1123.2560, -63.2802,  64, 64, 64
L 1031.3965, -1123.2560, -63.2802,  1043.7451, -1133.3175, -63.2802,  64, 64, 64
L 1043.6875, -1134.9387, -63.2802,  1043.6875, -1134.9387, -63.2802,  64, 64, 64
L 1043.7417, -1133.2803, -63.2802,  1044.4918, -1134.3870, -63.2802,  64, 64, 64
L 1044.4918, -1134.3870, -63.2802,  1043.7147, -1134.9055, -63.2802,  64, 64, 64
L 1043.7147, -1134.9055, -63.2802,  1043.1526, -1135.1598, -63.2732,  64, 64, 64
L 1043.1526, -1135.1598, -63.2732,  1031.9231, -1125.9661, -63.2802,  64, 64, 64
P 7076.6250, -2018.0513, -63.8427,  0, 0, 0,  3,  to_Permafrost_Caverns
P 524.8509, 3054.0535, -113.1865,  0, 0, 0,  3,  to_Blackburrow
P -697.0000, -3638.0000, 0.0905,  0, 0, 0,  3,  Dansie_(Merchant)
P -701.0000, -3608.0000, 0.1348,  0, 0, 0,  3,  Seria_(Merchant)
P -383.3148, -3681.3145, 0.0010,  0, 0, 0,  3,  to_Halas
P 3431.0010, -2871.0000, -40.2485,  0, 0, 0,  3,  Starn_(Spells)
P 77.9380, -2886.8943, -53.8867,  0, 0, 0,  3,  Knowledge_Portal
