L 1610.7848, 4196.8975, -380.1029,  1539.9065, 4196.7100, -380.1224,  100, 50, 0
L 1633.2383, 4205.2754, -380.0659,  1610.7848, 4196.8975, -380.1029,  100, 50, 0
L 1651.5779, 4220.8760, -380.1001,  1633.2383, 4205.2754, -380.0659,  100, 50, 0
L 1663.4639, 4241.5728, -380.2970,  1651.5779, 4220.8760, -380.1001,  100, 50, 0
L 1667.5801, 4264.8008, -380.2370,  1663.4639, 4241.5728, -380.2970,  100, 50, 0
L 1663.5619, 4288.2715, -380.3109,  1667.5801, 4264.8008, -380.2370,  100, 50, 0
L 1650.8184, 4310.1479, -380.0976,  1663.5619, 4288.2715, -380.3109,  100, 50, 0
L 1632.7500, 4325.6064, -379.8324,  1650.8184, 4310.1479, -380.0976,  100, 50, 0
L 1610.0591, 4333.4531, -380.1534,  1632.7500, 4325.6064, -379.8324,  100, 50, 0
L 1502.4224, 4333.4531, -380.1534,  1610.0591, 4333.4531, -380.1534,  100, 50, 0
L 1481.8617, 4332.4355, -379.1286,  1502.4224, 4333.4531, -380.1534,  100, 50, 0
L 1410.0138, 4328.4438, -376.9869,  1481.8617, 4332.4355, -379.1286,  100, 50, 0
L 1410.2238, 4286.0518, -375.0880,  1410.0138, 4328.4438, -375.1024,  100, 50, 0
L 1497.8135, 4285.5474, -380.1319,  1410.2238, 4286.0518, -375.0880,  100, 50, 0
L 1497.3451, 4244.6406, -380.0894,  1497.8135, 4285.5474, -380.1319,  100, 50, 0
L 1410.1392, 4244.3521, -375.1159,  1497.3451, 4244.6406, -380.0894,  100, 50, 0
L 1410.5995, 4202.1152, -375.0026,  1410.1392, 4244.3521, -375.1159,  100, 50, 0
L 1500.4983, 4196.7026, -380.1523,  1410.5995, 4202.1152, -375.0026,  100, 50, 0
L 1510.9043, 4196.7100, -380.1224,  1500.4983, 4196.7026, -380.1523,  100, 50, 0
L 1510.2592, 4196.7100, -380.1224,  1540.1438, 4196.7061, -380.1225,  150, 0, 200
L 1565.9568, 3954.9075, -379.5215,  1590.2809, 3959.8274, -379.5126,  64, 64, 64
L 1509.5309, 3956.2898, -379.4389,  1565.9568, 3954.9075, -379.5215,  64, 64, 64
L 1509.5309, 3956.2898, -379.7563,  1509.5309, 4146.9351, -379.8458,  64, 64, 64
L 1590.2809, 4144.1431, -379.9381,  1590.2809, 3959.8274, -379.9675,  64, 64, 64
L 1667.3152, 4156.9805, -375.3389,  1590.2809, 4144.1431, -380.1039,  100, 50, 0
L 1729.9169, 4167.4141, -365.1396,  1667.3152, 4156.9805, -375.3389,  100, 50, 0
L 1790.0000, 4197.4043, -350.1083,  1729.9169, 4167.4141, -365.1396,  100, 50, 0
L 1804.2526, 4206.9058, -345.4034,  1790.0000, 4197.4043, -350.1083,  100, 50, 0
L 1860.6675, 4265.0781, -331.2478,  1804.2526, 4206.9058, -345.4034,  100, 50, 0
L 1805.2820, 4322.4424, -345.0942,  1860.6675, 4265.0781, -331.2478,  100, 50, 0
L 1790.1901, 4332.6270, -350.1134,  1805.2820, 4322.4424, -345.0942,  100, 50, 0
L 1730.0717, 4362.7183, -365.1397,  1790.1901, 4332.6270, -350.1134,  100, 50, 0
L 1673.0868, 4372.2144, -374.6372,  1730.0717, 4362.7183, -365.1397,  100, 50, 0
L 1610.7472, 4382.6055, -380.0755,  1673.0868, 4372.2144, -374.6372,  100, 50, 0
L 1535.6293, 4382.7026, -380.1226,  1610.7472, 4382.6055, -380.0755,  100, 50, 0
L 1502.1189, 4382.7026, -380.1226,  1535.6293, 4382.7026, -380.1226,  100, 50, 0
L 1414.0780, 4377.9185, -375.3239,  1502.1189, 4382.7026, -380.1226,  100, 50, 0
L 1322.3726, 4367.9434, -365.3641,  1414.0780, 4377.9185, -375.3239,  100, 50, 0
L 1230.6526, 4367.7026, -350.1949,  1322.3726, 4367.9434, -365.3641,  100, 50, 0
L 1172.9933, 4352.8989, -350.1224,  1230.6526, 4367.7026, -350.1949,  100, 50, 0
L 1152.5635, 4317.9795, -350.1224,  1172.9933, 4352.8989, -350.1224,  100, 50, 0
L 1152.5635, 4212.1777, -350.1224,  1152.5635, 4317.9795, -350.1224,  100, 50, 0
L 1172.2947, 4177.6479, -350.1224,  1152.5635, 4212.1777, -350.1224,  100, 50, 0
L 1230.2373, 4162.4526, -350.1284,  1172.2947, 4177.6479, -350.1224,  100, 50, 0
L 1321.0109, 4162.3643, -365.2128,  1230.2373, 4162.4526, -350.1284,  100, 50, 0
L 1410.5696, 4152.4336, -375.1434,  1321.0109, 4162.3643, -365.2128,  100, 50, 0
L 1467.6205, 4149.2642, -378.3130,  1410.5696, 4152.4336, -375.1434,  100, 50, 0
L 1509.5309, 4146.9351, -379.8688,  1467.6205, 4149.2642, -378.3130,  100, 50, 0
L 2642.4241, 3979.1504, -139.0692,  2636.7400, 4176.2935, -225.7699,  0, 0, 255
L 2641.2427, 3874.7559, -112.2772,  2642.4241, 3979.1504, -139.0692,  0, 0, 255
L 2639.0906, 3478.2273, -52.2304,  2641.2427, 3874.7559, -112.2772,  0, 0, 255
L 2640.7322, 2856.9031, -2.9804,  2639.0906, 3478.2273, -52.2304,  0, 0, 255
L 2646.5164, 2101.4246, 147.2508,  2640.7322, 2856.9031, -2.9804,  0, 0, 255
L 2642.3577, 1567.6902, 231.1550,  2646.5164, 2101.4246, 147.2508,  0, 0, 255
L 2741.4231, 1488.3665, 242.0228,  2642.3577, 1567.6902, 231.1550,  0, 0, 255
L 2740.3567, 815.6608, 347.4746,  2741.4231, 1488.3665, 242.0228,  0, 0, 255
L 2743.4683, 672.1716, 356.5688,  2740.3567, 815.6608, 347.4746,  0, 0, 255
L 2835.6731, 588.3423, 359.9316,  2743.4683, 672.1716, 356.5688,  0, 0, 255
L 2841.2776, 294.3068, 405.0873,  2835.6731, 588.3423, 359.9316,  0, 0, 255
L 2839.5435, 56.9377, 422.4096,  2841.2776, 294.3068, 405.0873,  0, 0, 255
L 2848.5098, -226.4429, 442.3148,  2839.5435, 56.9377, 422.4096,  0, 0, 255
L 2939.6543, -310.0252, 442.5727,  2848.5098, -226.4429, 442.3148,  0, 0, 255
L 2939.6680, -427.5931, 462.4697,  2939.6543, -310.0252, 442.5727,  0, 0, 255
L 2939.7002, -751.6155, 512.5610,  2939.6680, -427.5931, 462.4697,  0, 0, 255
L 2939.7183, -982.1165, 587.4406,  2939.7002, -751.6155, 512.5610,  0, 0, 255
L 2943.3340, -1325.8241, 655.7733,  2939.7183, -982.1165, 587.4406,  0, 0, 255
L 3025.9065, -1392.2310, 669.8077,  2943.3340, -1325.8241, 655.7733,  0, 0, 255
L 3032.1294, -1441.0602, 678.6766,  3025.9065, -1392.2310, 669.8077,  0, 0, 255
L 3047.9651, -1627.5962, 697.8420,  3032.1294, -1441.0602, 678.6766,  0, 0, 255
L 3133.8655, -1709.3069, 702.5152,  3047.9651, -1627.5962, 697.8420,  0, 0, 255
L 3139.6465, -2118.7444, 804.4646,  3133.8655, -1709.3069, 702.5152,  0, 0, 255
L 3234.6663, -2206.8550, 821.6263,  3139.6465, -2118.7444, 804.4646,  0, 0, 255
L 3242.0635, -2328.5884, 877.1108,  3234.6663, -2206.8550, 821.6263,  0, 0, 255
L 3243.1541, -2422.4949, 886.8234,  3242.0635, -2328.5884, 877.1108,  0, 0, 255
L 3333.9944, -2512.4966, 909.1802,  3243.1541, -2422.4949, 886.8234,  0, 0, 255
L 3335.9844, -2721.0242, 990.8334,  3333.9944, -2512.4966, 909.1802,  0, 0, 255
L 3342.9651, -2871.2444, 1037.5751,  3335.9844, -2721.0242, 990.8334,  0, 0, 255
L 3335.1326, -3038.4612, 1077.1703,  3342.9651, -2871.2444, 1037.5751,  0, 0, 255
L 3337.5115, -3303.7544, 1137.6581,  3335.1326, -3038.4612, 1077.1703,  0, 0, 255
L 3342.7498, -3442.9600, 1191.1602,  3337.5115, -3303.7544, 1137.6581,  0, 0, 255
L 3336.6995, -3618.4700, 1208.7405,  3342.7498, -3442.9600, 1191.1602,  0, 0, 255
L 3339.7317, -3726.7920, 1249.5540,  3336.6995, -3618.4700, 1208.7405,  0, 0, 255
L 3328.5896, -3817.5486, 1249.4695,  3339.7317, -3726.7920, 1249.5540,  0, 0, 255
L 3516.6707, -2980.2063, 1050.4978,  3789.2295, -2911.3882, 1079.7411,  240, 240, 240
L 3405.7527, -2779.1934, 1009.5004,  3516.6707, -2980.2063, 1050.4978,  240, 240, 240
L 3292.8892, -2772.3406, 1008.8835,  3405.7527, -2779.1934, 1009.5004,  240, 240, 240
L 3197.0066, -2869.7217, 1033.4026,  3292.8892, -2772.3406, 1008.8835,  240, 240, 240
L 2980.3921, -2870.8140, 1039.9800,  3197.0066, -2869.7217, 1033.4026,  240, 240, 240
L 2913.9844, -2667.3494, 1003.2928,  2980.3921, -2870.8140, 1039.9800,  240, 240, 240
L 2761.7842, -2681.6001, 984.2687,  2913.9844, -2667.3494, 1003.2928,  240, 240, 240
L 2703.8577, -2860.8855, 1011.8649,  2761.7842, -2681.6001, 984.2687,  240, 240, 240
L 2483.7637, -2879.4170, 1014.8569,  2703.8577, -2860.8855, 1011.8649,  240, 240, 240
L 2415.2764, -2958.2942, 1049.3910,  2483.7637, -2879.4170, 1014.8569,  240, 240, 240
L 2381.4219, -2960.3438, 1038.0724,  2415.2764, -2958.2942, 1049.3910,  240, 240, 240
L 2309.0591, -2877.4563, 1004.3221,  2381.4219, -2960.3438, 1038.0724,  240, 240, 240
L 2091.4163, -2878.3594, 1068.5182,  2309.0591, -2877.4563, 1004.3221,  240, 240, 240
L 1984.5237, -2877.0857, 984.5787,  2091.4163, -2878.3594, 1068.5182,  240, 240, 240
L 1944.8810, -2920.1658, 1004.9670,  1984.5237, -2877.0857, 984.5787,  240, 240, 240
L 1943.6707, -3024.6902, 1036.6956,  1944.8810, -2920.1658, 1004.9670,  240, 240, 240
L 1878.2378, -3053.7676, 1014.4507,  1943.6707, -3024.6902, 1036.6956,  240, 240, 240
L 1813.2520, -2878.6780, 1016.7947,  1878.2378, -3053.7676, 1014.4507,  240, 240, 240
L 1697.7085, -2867.8704, 1033.4468,  1813.2520, -2878.6780, 1016.7947,  240, 240, 240
L 1657.0020, -2903.5625, 1011.5671,  1697.7085, -2867.8704, 1033.4468,  240, 240, 240
L 1629.7682, -3140.4993, 1025.8926,  1657.0020, -2903.5625, 1011.5671,  240, 240, 240
L 1470.9485, -3161.5596, 1028.6885,  1629.7682, -3140.4993, 1025.8926,  240, 240, 240
L 1396.6458, -3090.0110, 1012.8721,  1470.9485, -3161.5596, 1028.6885,  240, 240, 240
L 1065.9707, -3064.8340, 1028.0066,  1396.6458, -3090.0110, 1012.8721,  240, 240, 240
L 1040.0541, -2894.5022, 1043.4950,  1065.9707, -3064.8340, 1028.0066,  240, 240, 240
L 1014.0173, -2782.5115, 1013.1765,  1040.0541, -2894.5022, 1043.4950,  240, 240, 240
L 903.7729, -2771.3855, 1045.8909,  1014.0173, -2782.5115, 1013.1765,  240, 240, 240
L 789.2053, -2777.9817, 1029.4292,  903.7729, -2771.3855, 1045.8909,  240, 240, 240
L 670.6648, -2865.4065, 1049.1487,  789.2053, -2777.9817, 1029.4292,  240, 240, 240
L 640.0378, -2651.1956, 1017.2974,  670.6648, -2865.4065, 1049.1487,  240, 240, 240
L 736.6232, -2471.6836, 1067.9198,  640.0378, -2651.1956, 1017.2974,  240, 240, 240
L 753.8926, -2295.8892, 1053.8705,  736.6232, -2471.6836, 1067.9198,  240, 240, 240
L 862.3069, -2263.5657, 1042.3582,  753.8926, -2295.8892, 1053.8705,  240, 240, 240
L 936.2523, -2240.5972, 1009.4904,  862.3069, -2263.5657, 1042.3582,  240, 240, 240
L 940.6457, -2116.2095, 1064.8738,  936.2523, -2240.5972, 1009.4904,  240, 240, 240
L 952.8611, -1995.8434, 1050.3877,  940.6457, -2116.2095, 1064.8738,  240, 240, 240
L 1105.3926, -1969.8228, 962.5602,  952.8611, -1995.8434, 1050.3877,  240, 240, 240
L 1133.2991, -1904.9861, 1000.0777,  1105.3926, -1969.8228, 962.5602,  240, 240, 240
L 1153.6272, -1716.4469, 1005.6204,  1133.2991, -1904.9861, 1000.0777,  240, 240, 240
L 926.9553, -1675.7942, 1071.8168,  1153.6272, -1716.4469, 1005.6204,  240, 240, 240
L 841.7414, -1559.5011, 1042.4019,  926.9553, -1675.7942, 1071.8168,  240, 240, 240
L 836.5396, -1404.3621, 994.7545,  841.7414, -1559.5011, 1042.4019,  240, 240, 240
L 809.5300, -1291.7079, 1002.6082,  836.5396, -1404.3621, 994.7545,  240, 240, 240
L 738.2036, -1202.0071, 975.7703,  809.5300, -1291.7079, 1002.6082,  240, 240, 240
L 731.5967, -1118.3444, 959.4050,  738.2036, -1202.0071, 975.7703,  240, 240, 240
L 675.8972, -1071.7560, 901.8428,  731.5967, -1118.3444, 959.4050,  240, 240, 240
L 578.5142, -1071.8384, 929.6609,  675.8972, -1071.7560, 901.8428,  240, 240, 240
L 478.9678, -1072.8534, 953.3143,  578.5142, -1071.8384, 929.6609,  240, 240, 240
L 422.8120, -1074.0768, 951.3165,  478.9678, -1072.8534, 953.3143,  240, 240, 240
L 350.8564, -1073.8412, 941.0724,  422.8120, -1074.0768, 951.3165,  240, 240, 240
L 268.2300, -1083.0739, 910.0020,  350.8564, -1073.8412, 941.0724,  240, 240, 240
L 240.8611, -1297.4263, 964.9927,  268.2300, -1083.0739, 910.0020,  240, 240, 240
L 140.8734, -1418.8976, 984.8747,  240.8611, -1297.4263, 964.9927,  240, 240, 240
L 101.6155, -1560.8755, 1025.2494,  140.8734, -1418.8976, 984.8747,  240, 240, 240
L -24.5314, -1591.7405, 1000.6923,  101.6155, -1560.8755, 1025.2494,  240, 240, 240
L -146.9409, -1701.5309, 978.2449,  -24.5314, -1591.7405, 1000.6923,  240, 240, 240
L -147.7010, -1760.8529, 1040.1189,  -146.9409, -1701.5309, 978.2449,  240, 240, 240
L -158.1174, -1811.4325, 1020.6461,  -147.7010, -1760.8529, 1040.1189,  240, 240, 240
L -148.0594, -1858.9447, 1072.1421,  -158.1174, -1811.4325, 1020.6461,  240, 240, 240
L -88.4497, -1899.7173, 1019.5494,  -148.0594, -1858.9447, 1072.1421,  240, 240, 240
L -45.1915, -2143.7593, 1093.8174,  -88.4497, -1899.7173, 1019.5494,  240, 240, 240
L -77.1045, -2242.0569, 1039.1537,  -45.1915, -2143.7593, 1093.8174,  240, 240, 240
L -155.1911, -2281.4434, 1017.9809,  -77.1045, -2242.0569, 1039.1537,  240, 240, 240
L -217.5021, -2276.1016, 994.3818,  -155.1911, -2281.4434, 1017.9809,  240, 240, 240
L -349.4613, -2401.9070, 987.3953,  -217.5021, -2276.1016, 994.3818,  240, 240, 240
L -359.1209, -2513.5625, 1046.2809,  -349.4613, -2401.9070, 987.3953,  240, 240, 240
L -354.2835, -2611.5447, 1026.7830,  -359.1209, -2513.5625, 1046.2809,  240, 240, 240
L -343.4517, -2759.9849, 1084.2948,  -354.2835, -2611.5447, 1026.7830,  240, 240, 240
L -28.8087, -2762.7024, 1024.9734,  -343.4517, -2759.9849, 1084.2948,  240, 240, 240
L 51.3227, -2848.0740, 1035.1936,  -28.8087, -2762.7024, 1024.9734,  240, 240, 240
L 148.4849, -2865.1067, 1071.4308,  51.3227, -2848.0740, 1035.1936,  240, 240, 240
L 418.3486, -2895.6985, 1012.0242,  148.4849, -2865.1067, 1071.4308,  240, 240, 240
L 469.6171, -3056.7632, 1020.9316,  418.3486, -2895.6985, 1012.0242,  240, 240, 240
L 535.3438, -3128.1470, 1049.0519,  469.6171, -3056.7632, 1020.9316,  240, 240, 240
L 460.6051, -3188.2913, 1021.1937,  535.3438, -3128.1470, 1049.0519,  240, 240, 240
L 450.7333, -3257.7129, 1027.2323,  460.6051, -3188.2913, 1021.1937,  240, 240, 240
L 457.4151, -3340.4202, 1010.7914,  450.7333, -3257.7129, 1027.2323,  240, 240, 240
L 504.1722, -3382.9961, 1010.9741,  457.4151, -3340.4202, 1010.7914,  240, 240, 240
L 532.4832, -3421.9158, 1028.8002,  504.1722, -3382.9961, 1010.9741,  240, 240, 240
L 474.5399, -3470.0684, 1035.1194,  532.4832, -3421.9158, 1028.8002,  240, 240, 240
L 395.8945, -3469.5813, 1039.5669,  474.5399, -3470.0684, 1035.1194,  240, 240, 240
L 350.3962, -3356.7825, 1034.8092,  395.8945, -3469.5813, 1039.5669,  240, 240, 240
L 317.4145, -3290.3538, 1032.2448,  350.3962, -3356.7825, 1034.8092,  240, 240, 240
L 173.7214, -3279.7671, 1026.8433,  317.4145, -3290.3538, 1032.2448,  240, 240, 240
L 24.1822, -3287.1548, 1046.4662,  173.7214, -3279.7671, 1026.8433,  240, 240, 240
L -59.1147, -3213.4363, 1015.8058,  24.1822, -3287.1548, 1046.4662,  240, 240, 240
L -71.4749, -3019.3809, 1042.7173,  -59.1147, -3213.4363, 1015.8058,  240, 240, 240
L -79.5945, -2994.0413, 1039.4960,  -71.4749, -3019.3809, 1042.7173,  240, 240, 240
L -132.8368, -2953.0149, 1026.2919,  -79.5945, -2994.0413, 1039.4960,  240, 240, 240
L -201.4638, -2885.8667, 1018.5967,  -132.8368, -2953.0149, 1026.2919,  240, 240, 240
L -331.6081, -2874.3628, 1055.1537,  -201.4638, -2885.8667, 1018.5967,  240, 240, 240
L -439.2914, -2853.5911, 1101.1797,  -331.6081, -2874.3628, 1055.1537,  240, 240, 240
L -558.6852, -2914.2100, 1060.2632,  -439.2914, -2853.5911, 1101.1797,  240, 240, 240
L -557.8347, -2961.2366, 1060.7963,  -558.6852, -2914.2100, 1060.2632,  240, 240, 240
L -498.6569, -3065.4634, 1021.3834,  -557.8347, -2961.2366, 1060.7963,  240, 240, 240
L -374.0031, -3113.0032, 1026.7074,  -498.6569, -3065.4634, 1021.3834,  240, 240, 240
L -376.8304, -3153.9048, 1029.0558,  -374.0031, -3113.0032, 1026.7074,  240, 240, 240
L -551.4426, -3174.2664, 1027.2096,  -376.8304, -3153.9048, 1029.0558,  240, 240, 240
L -618.3242, -3161.2378, 1019.4507,  -551.4426, -3174.2664, 1027.2096,  240, 240, 240
L -689.7338, -3080.3877, 1016.7107,  -618.3242, -3161.2378, 1019.4507,  240, 240, 240
L -1103.0939, -3074.7947, 1018.7579,  -689.7338, -3080.3877, 1016.7107,  240, 240, 240
L -1202.3916, -2983.2178, 1003.0803,  -1103.0939, -3074.7947, 1018.7579,  240, 240, 240
L -1607.2732, -2976.3948, 999.5626,  -1202.3916, -2983.2178, 1003.0803,  240, 240, 240
L -1707.6653, -3042.0005, 1022.8124,  -1607.2732, -2976.3948, 999.5626,  240, 240, 240
L -1892.1908, -3076.4031, 1042.7699,  -1707.6653, -3042.0005, 1022.8124,  240, 240, 240
L -2101.3997, -2867.1172, 1028.5618,  -1892.1908, -3076.4031, 1042.7699,  240, 240, 240
L -2304.7764, -2867.7466, 1014.6337,  -2101.3997, -2867.1172, 1028.5618,  240, 240, 240
L -2406.9258, -2765.6602, 989.7111,  -2304.7764, -2867.7466, 1014.6337,  240, 240, 240
L -2514.9375, -2680.9568, 1053.7216,  -2406.9258, -2765.6602, 989.7111,  240, 240, 240
L -2638.5542, -2644.2593, 1045.3837,  -2514.9375, -2680.9568, 1053.7216,  240, 240, 240
L -2696.5022, -2474.5945, 1022.4246,  -2638.5542, -2644.2593, 1045.3837,  240, 240, 240
L -2866.5691, -2485.3826, 1121.9270,  -2696.5022, -2474.5945, 1022.4246,  240, 240, 240
L -2928.7537, -2474.7820, 1063.0481,  -2866.5691, -2485.3826, 1121.9270,  240, 240, 240
L -3062.4788, -2471.9844, 1001.7970,  -2928.7537, -2474.7820, 1063.0481,  240, 240, 240
L -3195.1143, -2473.4258, 998.6164,  -3062.4788, -2471.9844, 1001.7970,  240, 240, 240
L -3238.7227, -2493.7283, 998.5950,  -3195.1143, -2473.4258, 998.6164,  240, 240, 240
L -3294.4871, -2567.3184, 1032.1421,  -3238.7227, -2493.7283, 998.5950,  240, 240, 240
L -3327.2620, -2591.0037, 1026.2521,  -3294.4871, -2567.3184, 1032.1421,  240, 240, 240
L -3355.9268, -2614.1443, 1017.6509,  -3327.2620, -2591.0037, 1026.2521,  240, 240, 240
L -3349.9097, -2655.7256, 1021.3445,  -3355.9268, -2614.1443, 1017.6509,  240, 240, 240
L -3356.2024, -2719.0347, 997.0071,  -3349.9097, -2655.7256, 1021.3445,  240, 240, 240
L -3359.9185, -2817.0474, 1003.6850,  -3356.2024, -2719.0347, 997.0071,  240, 240, 240
L -3440.6050, -2871.6890, 1007.2051,  -3359.9185, -2817.0474, 1003.6850,  240, 240, 240
L -3744.5569, -2837.5823, 1013.0848,  -3440.6050, -2871.6890, 1007.2051,  240, 240, 240
L 3840.9263, -2079.5237, 789.0800,  3791.6802, -2074.1150, 789.0643,  64, 64, 64
L 3791.7085, -2045.5896, 788.5038,  3849.5049, -2040.4906, 788.7474,  64, 64, 64
L 3791.7317, -2024.8202, 759.9203,  3791.6858, -2066.2034, 761.1476,  64, 64, 64
L -2953.3743, 3865.0308, -35.6084,  -2953.3748, 3883.7178, -35.6084,  64, 64, 64
L -2956.7168, 3770.5972, -39.0650,  -2956.7188, 3746.1868, -39.0615,  64, 64, 64
L -2950.7190, 3810.5867, -35.7901,  -2956.7168, 3770.5972, -39.0650,  64, 64, 64
L -2950.7183, 3865.0308, -35.6215,  -2950.7190, 3810.5867, -35.6215,  64, 64, 64
L -2950.7183, 3865.0308, -35.6164,  -2953.3743, 3865.0308, -37.3498,  64, 64, 64
L -2945.7200, 3881.7317, -46.6342,  -2945.5774, 3883.7178, -46.8907,  64, 64, 64
L -2945.5774, 3883.7178, -47.0944,  -2989.1963, 3883.7183, -47.0944,  64, 64, 64
L -2983.5137, 3865.0308, -35.9433,  -2981.4058, 3865.0308, -36.4443,  64, 64, 64
L -2981.4058, 3883.7183, -35.6104,  -2981.4058, 3865.0308, -35.6104,  64, 64, 64
L -2983.9058, 3845.8755, -35.6220,  -2983.9058, 3830.8699, -35.6220,  64, 64, 64
L -2800.5215, 3880.6309, -21.0324,  -2945.7200, 3881.7317, -43.6244,  0, 127, 0
L -2714.3521, 3977.9900, -48.8337,  -2800.5215, 3880.6309, -21.0324,  0, 127, 0
L -2659.6294, 3981.6089, -46.5169,  -2714.3521, 3977.9900, -48.8337,  0, 127, 0
L -2483.5730, 3981.5923, -43.3407,  -2659.6294, 3981.6089, -46.5169,  0, 127, 0
L -2345.4756, 3981.2090, -41.9769,  -2483.5730, 3981.5923, -43.3407,  0, 127, 0
L -2308.6143, 3951.2500, -20.7052,  -2345.4756, 3981.2090, -41.9769,  0, 127, 0
L -2271.0503, 3883.7747, -5.6293,  -2308.6143, 3951.2500, -20.7052,  0, 127, 0
L -2252.3545, 3782.1387, 176.5125,  -2271.0503, 3883.7747, -5.6293,  0, 127, 0
L -2267.9551, 3589.0713, 337.2774,  -2252.3545, 3782.1387, 176.5125,  0, 127, 0
L -2270.6785, 3517.0398, 351.6957,  -2267.9551, 3589.0713, 337.2774,  0, 127, 0
L -2270.6785, 3517.0398, 351.6957,  -2270.6785, 3517.0398, 351.6957,  0, 127, 0
L -2296.8870, 3403.1272, 479.0157,  -2270.6785, 3517.0398, 351.6957,  0, 127, 0
L -2233.1165, 3348.3694, 514.6525,  -2296.8870, 3403.1272, 479.0157,  0, 127, 0
L -2102.9695, 3266.8196, 165.2858,  -2233.1165, 3348.3694, 514.6525,  0, 127, 0
L -2143.0767, 3160.2996, 138.1656,  -2102.9695, 3266.8196, 165.2858,  0, 127, 0
L -2164.2554, 3063.9771, 107.7839,  -2143.0767, 3160.2996, 138.1656,  0, 127, 0
L -2216.0884, 2981.5801, 65.4319,  -2164.2554, 3063.9771, 107.7839,  0, 127, 0
L -2227.4783, 2916.7378, 240.9800,  -2216.0884, 2981.5801, 65.4319,  0, 127, 0
L -2236.9329, 2859.0442, 286.6841,  -2227.4783, 2916.7378, 240.9800,  0, 127, 0
L -2280.9751, 2843.1304, 358.8489,  -2236.9329, 2859.0442, 286.6841,  0, 127, 0
L -2375.1521, 2809.9888, 450.4214,  -2280.9751, 2843.1304, 358.8489,  0, 127, 0
L -2462.0884, 2779.4048, 516.5187,  -2375.1521, 2809.9888, 450.4214,  0, 127, 0
L -2536.8975, 2740.9495, 586.7165,  -2462.0884, 2779.4048, 516.5187,  0, 127, 0
L -2619.8682, 2693.2493, 627.7903,  -2536.8975, 2740.9495, 586.7165,  0, 127, 0
L -2707.5313, 2626.7754, 645.5637,  -2619.8682, 2693.2493, 627.7903,  0, 127, 0
L -2900.8848, 2315.4966, 715.7240,  -2707.5313, 2626.7754, 645.5637,  0, 127, 0
L -2940.5779, 2221.6902, 685.6221,  -2900.8848, 2315.4966, 715.7240,  0, 127, 0
L -3000.9385, 2085.7112, 696.2638,  -2940.5779, 2221.6902, 685.6221,  0, 127, 0
L -3040.3555, 1939.8694, 706.0891,  -3000.9385, 2085.7112, 696.2638,  0, 127, 0
L -3031.9556, 1756.5287, 696.9421,  -3040.3555, 1939.8694, 706.0891,  0, 127, 0
L -3038.1304, 1677.1071, 652.8971,  -3031.9556, 1756.5287, 696.9421,  0, 127, 0
L -3052.3313, 1587.0138, 657.2994,  -3038.1304, 1677.1071, 652.8971,  64, 64, 64
L -3072.5618, 1474.1918, 712.3578,  -3052.3313, 1587.0138, 657.2994,  64, 64, 64
L -3085.9739, 1325.3466, 751.3516,  -3072.5618, 1474.1918, 712.3578,  64, 64, 64
L -3087.5081, 1184.2372, 812.5594,  -3085.9739, 1325.3466, 751.3516,  64, 64, 64
L -3109.8809, 1047.6598, 829.3132,  -3087.5081, 1184.2372, 812.5594,  64, 64, 64
L -3143.6375, 945.0500, 815.7747,  -3109.8809, 1047.6598, 829.3132,  64, 64, 64
L -3207.3416, 683.0455, 805.1172,  -3143.6375, 945.0500, 815.7747,  64, 64, 64
L -3284.1431, 401.7316, 834.4954,  -3207.3416, 683.0455, 805.1172,  64, 64, 64
L -3283.1675, 175.4345, 881.4692,  -3284.1431, 401.7316, 834.4954,  64, 64, 64
L -3281.6763, -167.2182, 974.1182,  -3283.1675, 175.4345, 881.4692,  64, 64, 64
L -3323.5818, -318.8552, 1041.7826,  -3281.6763, -167.2182, 974.1182,  64, 64, 64
L -3435.6653, -643.1682, 1081.4728,  -3323.5818, -318.8552, 1041.7826,  64, 64, 64
L -3492.9031, -869.3179, 1079.4828,  -3435.6653, -643.1682, 1081.4728,  64, 64, 64
L -3547.4751, -1117.2356, 1031.4341,  -3492.9031, -869.3179, 1079.4828,  64, 64, 64
L -3589.7168, -1398.7378, 1051.3910,  -3547.4751, -1117.2356, 1031.4341,  64, 64, 64
L -3614.5745, -1634.1410, 1119.6598,  -3589.7168, -1398.7378, 1051.3910,  64, 64, 64
L -3642.9214, -1863.8323, 1043.4296,  -3614.5745, -1634.1410, 1119.6598,  64, 64, 64
L -3662.1331, -2025.3550, 1026.6238,  -3642.9214, -1863.8323, 1043.4296,  64, 64, 64
L -3680.6216, -2180.4373, 1030.8716,  -3662.1331, -2025.3550, 1026.6238,  64, 64, 64
L -3697.1609, -2318.2378, 1084.4552,  -3680.6216, -2180.4373, 1030.8716,  64, 64, 64
L -3717.5972, -2514.9092, 1109.5708,  -3697.1609, -2318.2378, 1084.4552,  64, 64, 64
L -3734.2786, -2616.9590, 1167.3627,  -3717.5972, -2514.9092, 1109.5708,  64, 64, 64
L -3750.7439, -2756.9324, 1187.0021,  -3734.2786, -2616.9590, 1167.3627,  64, 64, 64
L -3738.4092, -2917.7205, 1225.6089,  -3750.7439, -2756.9324, 1187.0021,  240, 240, 240
L -3731.0652, -3013.4197, 1257.3462,  -3738.4092, -2917.7205, 1225.6089,  240, 240, 240
L -3720.8882, -3114.7107, 1262.6947,  -3731.0652, -3013.4197, 1257.3462,  240, 240, 240
L -3711.5967, -3288.1060, 1239.4103,  -3720.8882, -3114.7107, 1262.6947,  240, 240, 240
L -3729.4976, -3436.3191, 1196.1106,  -3711.5967, -3288.1060, 1239.4103,  240, 240, 240
L -3675.3323, -3685.3423, 1353.2792,  -3729.4976, -3436.3191, 1196.1106,  240, 240, 240
L -3672.9888, -3806.4087, 1299.1078,  -3675.3323, -3685.3423, 1353.2792,  240, 240, 240
L -3637.8689, -3974.9307, 1343.9186,  -3672.9888, -3806.4087, 1299.1078,  240, 240, 240
L -3599.3555, -4068.5408, 1370.8363,  -3637.8689, -3974.9307, 1343.9186,  240, 240, 240
L -3547.1763, -4195.3940, 1471.5719,  -3599.3555, -4068.5408, 1370.8363,  240, 240, 240
L -3462.5159, -4275.8008, 1487.4380,  -3547.1763, -4195.3940, 1471.5719,  240, 240, 240
L -3417.3040, -4308.6387, 1400.8578,  -3462.5159, -4275.8008, 1487.4380,  240, 240, 240
L -3347.3167, -4359.4712, 1486.0210,  -3417.3040, -4308.6387, 1400.8578,  240, 240, 240
L -3264.3650, -4374.3198, 1436.4352,  -3347.3167, -4359.4712, 1486.0210,  240, 240, 240
L -3169.4097, -4371.6558, 1330.9932,  -3264.3650, -4374.3198, 1436.4352,  240, 240, 240
L -3085.8289, -4369.3110, 1345.8352,  -3169.4097, -4371.6558, 1330.9932,  240, 240, 240
L -2998.7249, -4366.8765, 1402.1277,  -3085.8289, -4369.3110, 1345.8352,  240, 240, 240
L -2951.4839, -4368.0776, 1462.8029,  -2998.7249, -4366.8765, 1402.1277,  240, 240, 240
L -2875.4651, -4383.1255, 1651.9541,  -2951.4839, -4368.0776, 1462.8029,  240, 240, 240
L -2790.8174, -4394.8101, 1672.7682,  -2875.4651, -4383.1255, 1651.9541,  240, 240, 240
L -2709.2920, -4415.2573, 1539.3982,  -2790.8174, -4394.8101, 1672.7682,  240, 240, 240
L -2642.8699, -4443.9600, 1526.9811,  -2709.2920, -4415.2573, 1539.3982,  240, 240, 240
L -2492.9998, -4514.4561, 1452.2146,  -2642.8699, -4443.9600, 1526.9811,  240, 240, 240
L -2216.3489, -4543.3418, 1534.2339,  -2492.9998, -4514.4561, 1452.2146,  240, 240, 240
L -2114.1421, -4532.4727, 1497.0293,  -2216.3489, -4543.3418, 1534.2339,  240, 240, 240
L -1905.3057, -4507.1406, 1549.5713,  -2114.1421, -4532.4727, 1497.0293,  240, 240, 240
L -1780.2074, -4489.9185, 1527.4816,  -1905.3057, -4507.1406, 1549.5713,  240, 240, 240
L -1693.6410, -4495.5718, 1487.7660,  -1780.2074, -4489.9185, 1527.4816,  240, 240, 240
L -1604.2085, -4501.5210, 1484.2312,  -1693.6410, -4495.5718, 1487.7660,  240, 240, 240
L -1502.9440, -4508.2656, 1427.1045,  -1604.2085, -4501.5210, 1484.2312,  240, 240, 240
L -1398.5536, -4504.7725, 1410.8372,  -1502.9440, -4508.2656, 1427.1045,  240, 240, 240
L -1291.2688, -4498.4292, 1409.4756,  -1398.5536, -4504.7725, 1410.8372,  240, 240, 240
L -1197.6078, -4493.3604, 1462.7760,  -1291.2688, -4498.4292, 1409.4756,  240, 240, 240
L -1108.4872, -4463.9727, 1502.1394,  -1197.6078, -4493.3604, 1462.7760,  240, 240, 240
L -1008.1720, -4458.3945, 1462.8500,  -1108.4872, -4463.9727, 1502.1394,  240, 240, 240
L -943.8899, -4458.1694, 1446.0442,  -1008.1720, -4458.3945, 1462.8500,  240, 240, 240
L -896.5586, -4464.6084, 1392.3318,  -943.8899, -4458.1694, 1446.0442,  240, 240, 240
L -852.2717, -4467.6191, 1389.1935,  -896.5586, -4464.6084, 1392.3318,  240, 240, 240
L -766.5223, -4471.9063, 1366.4755,  -852.2717, -4467.6191, 1389.1935,  240, 240, 240
L -717.4631, -4478.4526, 1366.4518,  -766.5223, -4471.9063, 1366.4755,  240, 240, 240
L -598.4871, -4504.3809, 1437.6017,  -717.4631, -4478.4526, 1366.4518,  240, 240, 240
L -461.5229, -4534.3779, 1462.3457,  -598.4871, -4504.3809, 1437.6017,  240, 240, 240
L -325.3179, -4538.3896, 1379.3860,  -461.5229, -4534.3779, 1462.3457,  240, 240, 240
L -131.2188, -4537.0518, 1398.8307,  -325.3179, -4538.3896, 1379.3860,  240, 240, 240
L -27.5849, -4538.9888, 1408.9921,  -131.2188, -4537.0518, 1398.8307,  240, 240, 240
L 157.3305, -4554.0464, 1417.1587,  -27.5849, -4538.9888, 1408.9921,  240, 240, 240
L 194.7961, -4556.6924, 1416.4319,  157.3305, -4554.0464, 1417.1587,  240, 240, 240
L 353.7360, -4549.3687, 1352.7614,  194.7961, -4556.6924, 1416.4319,  240, 240, 240
L 493.2956, -4542.3179, 1420.0564,  353.7360, -4549.3687, 1352.7614,  240, 240, 240
L 577.9882, -4535.2573, 1434.3279,  493.2956, -4542.3179, 1420.0564,  240, 240, 240
L 645.3535, -4529.6406, 1416.2122,  577.9882, -4535.2573, 1434.3279,  240, 240, 240
L 740.4427, -4522.6563, 1403.6382,  645.3535, -4529.6406, 1416.2122,  240, 240, 240
L 896.1769, -4517.6465, 1438.9711,  740.4427, -4522.6563, 1403.6382,  240, 240, 240
L 988.0659, -4514.6895, 1404.6033,  896.1769, -4517.6465, 1438.9711,  240, 240, 240
L 1194.3252, -4513.0610, 1386.5929,  988.0659, -4514.6895, 1404.6033,  240, 240, 240
L 1389.2372, -4504.3721, 1592.8982,  1194.3252, -4513.0610, 1386.5929,  240, 240, 240
L 1464.4307, -4498.0566, 1549.4833,  1389.2372, -4504.3721, 1592.8982,  240, 240, 240
L 1687.1869, -4468.1519, 1426.8069,  1464.4307, -4498.0566, 1549.4833,  240, 240, 240
L 1769.2063, -4450.5767, 1473.1869,  1687.1869, -4468.1519, 1426.8069,  240, 240, 240
L 1895.1741, -4423.0767, 1587.1277,  1769.2063, -4450.5767, 1473.1869,  240, 240, 240
L 1985.6442, -4419.7607, 1541.8726,  1895.1741, -4423.0767, 1587.1277,  240, 240, 240
L 2077.5535, -4426.2642, 1457.3694,  1985.6442, -4419.7607, 1541.8726,  240, 240, 240
L 2190.1382, -4396.2061, 1569.6449,  2077.5535, -4426.2642, 1457.3694,  240, 240, 240
L 2285.9075, -4374.2046, 1588.3832,  2190.1382, -4396.2061, 1569.6449,  240, 240, 240
L 2326.0037, -4381.1055, 1577.7710,  2285.9075, -4374.2046, 1588.3832,  240, 240, 240
L 2400.1287, -4405.4146, 1523.3467,  2326.0037, -4381.1055, 1577.7710,  240, 240, 240
L 2541.1946, -4372.2935, 1574.7439,  2400.1287, -4405.4146, 1523.3467,  240, 240, 240
L 2590.9197, -4369.2378, 1540.8593,  2541.1946, -4372.2935, 1574.7439,  240, 240, 240
L 2633.7239, -4364.3022, 1547.6519,  2590.9197, -4369.2378, 1540.8593,  240, 240, 240
L 2694.2532, -4354.8892, 1588.8081,  2633.7239, -4364.3022, 1547.6519,  240, 240, 240
L 2839.2771, -4336.5796, 1576.4579,  2694.2532, -4354.8892, 1588.8081,  240, 240, 240
L 2891.1077, -4313.2002, 1539.7526,  2839.2771, -4336.5796, 1576.4579,  240, 240, 240
L 2892.1641, -4218.9736, 1442.1956,  2891.1077, -4313.2002, 1539.7526,  240, 240, 240
L 2893.4810, -4115.9146, 1376.4413,  2892.1641, -4218.9736, 1442.1956,  240, 240, 240
L 3042.9480, -3966.3523, 1313.8866,  2893.4810, -4115.9146, 1376.4413,  240, 240, 240
L 3120.7024, -3929.2959, 1358.3058,  3042.9480, -3966.3523, 1313.8866,  240, 240, 240
L 3194.1614, -3914.4998, 1350.9397,  3120.7024, -3929.2959, 1358.3058,  240, 240, 240
L 3298.8184, -3817.5491, 1252.8235,  3194.1614, -3914.4998, 1350.9397,  240, 240, 240
L 3387.6609, -3817.5491, 1253.0176,  3298.8184, -3817.5491, 1252.8235,  240, 240, 240
L 3589.7559, -3818.2046, 1552.1995,  3387.6609, -3817.5491, 1253.0176,  240, 240, 240
L 3634.1785, -3751.2813, 1558.9684,  3589.7559, -3818.2046, 1552.1995,  240, 240, 240
L 3687.1121, -3666.0225, 1541.4701,  3634.1785, -3751.2813, 1558.9684,  240, 240, 240
L 3735.7244, -3544.5601, 1432.8169,  3687.1121, -3666.0225, 1541.4701,  240, 240, 240
L 3785.1609, -3418.1011, 1379.6093,  3735.7244, -3544.5601, 1432.8169,  240, 240, 240
L 3823.9866, -3320.7576, 1397.3965,  3785.1609, -3418.1011, 1379.6093,  240, 240, 240
L 3785.1189, -3227.6575, 1347.4551,  3823.9866, -3320.7576, 1397.3965,  240, 240, 240
L 3764.8545, -3116.4473, 1346.5127,  3785.1189, -3227.6575, 1347.4551,  240, 240, 240
L 3770.4268, -3029.4368, 1305.6183,  3764.8545, -3116.4473, 1346.5127,  240, 240, 240
L 3789.1609, -2914.4246, 1346.2444,  3770.4268, -3029.4368, 1305.6183,  240, 240, 240
L 3791.3875, -2815.7820, 1270.1858,  3789.1609, -2914.4246, 1346.2444,  240, 240, 240
L 3791.1326, -2713.0352, 1135.4961,  3791.3875, -2815.7820, 1270.1858,  64, 64, 64
L 3790.6602, -2590.2322, 1043.6802,  3791.1326, -2713.0352, 1135.4961,  64, 64, 64
L 3791.6294, -2521.4080, 988.3575,  3791.6448, -2580.5811, 1033.6642,  64, 64, 64
L 3791.7095, -2419.1487, 918.5412,  3791.6294, -2521.4080, 988.3575,  64, 64, 64
L 3791.7178, -2319.2537, 887.6198,  3791.7095, -2419.1487, 918.5412,  64, 64, 64
L 3791.6250, -2188.7715, 821.5518,  3791.7178, -2319.2537, 887.6198,  64, 64, 64
L 3791.6226, -2162.6729, 809.4449,  3791.6250, -2188.7715, 821.5518,  64, 64, 64
L 3791.6858, -2066.2034, 801.6671,  3791.6226, -2162.6729, 809.4449,  64, 64, 64
L 3841.6729, -2072.8230, 778.0419,  3840.9263, -2079.5237, 780.6872,  64, 64, 64
L 3844.0862, -2069.2278, 775.7189,  3841.6729, -2072.8230, 778.0419,  64, 64, 64
L 3851.6707, -2058.3206, 775.7197,  3844.0862, -2069.2278, 775.7189,  64, 64, 64
L 3849.3472, -2050.8677, 775.7197,  3851.6707, -2058.3206, 775.7197,  64, 64, 64
L 3847.9751, -2046.7990, 778.4567,  3849.3472, -2050.8677, 775.7197,  64, 64, 64
L 3849.5049, -2040.4906, 781.0329,  3847.9751, -2046.7990, 778.4567,  64, 64, 64
L 3779.7278, -2072.9329, 773.6813,  3791.5542, -2074.9307, 775.5228,  64, 64, 64
L 3780.1033, -2054.4585, 768.0095,  3779.7278, -2072.9329, 773.6813,  64, 64, 64
L 3791.6995, -2053.8909, 768.9122,  3780.1033, -2054.4585, 768.0095,  64, 64, 64
L 3791.8765, -1953.0718, 767.4603,  3791.7317, -2024.8202, 759.1680,  64, 64, 64
L 3791.7327, -1821.0187, 783.8556,  3791.8765, -1953.0718, 767.4603,  64, 64, 64
L 3791.2793, -1720.0033, 763.5412,  3791.7327, -1821.0187, 783.8556,  64, 64, 64
L 3791.4646, -1622.4368, 779.5970,  3791.2793, -1720.0033, 763.5412,  64, 64, 64
L 3791.8809, -1531.2306, 782.8710,  3791.4646, -1622.4368, 779.5970,  64, 64, 64
L 3792.5840, -1354.9352, 796.7400,  3791.8809, -1531.2306, 782.8710,  64, 64, 64
L 3764.3135, -1257.3959, 774.8986,  3792.5840, -1354.9352, 796.7400,  64, 64, 64
L 3753.1465, -1171.4827, 729.6442,  3764.3135, -1257.3959, 774.8986,  64, 64, 64
L 3753.7383, -1024.0603, 769.8896,  3753.1465, -1171.4827, 729.6442,  64, 64, 64
L 3749.2771, -973.9175, 742.4327,  3753.7383, -1024.0603, 769.8896,  64, 64, 64
L 3741.2427, -924.3336, 700.1238,  3749.2771, -973.9175, 742.4327,  64, 64, 64
L 3713.1685, -840.4188, 740.8513,  3741.2427, -924.3336, 700.1238,  64, 64, 64
L 3691.4341, -721.1520, 733.7945,  3713.1685, -840.4188, 740.8513,  64, 64, 64
L 3637.6797, -627.9760, 660.5546,  3691.4341, -721.1520, 733.7945,  64, 64, 64
L 3641.3140, -519.0304, 634.9844,  3637.6797, -627.9760, 660.5546,  64, 64, 64
L 3661.0623, -427.4395, 598.3400,  3641.3140, -519.0304, 634.9844,  64, 64, 64
L 3658.8660, -324.0191, 621.9193,  3661.0623, -427.4395, 598.3400,  64, 64, 64
L 3649.2886, -284.0322, 642.2418,  3658.8660, -324.0191, 621.9193,  64, 64, 64
L 3620.5110, -192.5502, 659.8317,  3649.2886, -284.0322, 642.2418,  64, 64, 64
L 3638.5352, -80.6419, 659.7558,  3620.5110, -192.5502, 659.8317,  64, 64, 64
L 3648.2676, 22.8598, 657.6720,  3638.5352, -80.6419, 659.7558,  64, 64, 64
L 3630.6001, 97.6828, 620.5029,  3648.2676, 22.8598, 657.6720,  64, 64, 64
L 3592.7466, 185.2426, 637.6508,  3630.6001, 97.6828, 620.5029,  64, 64, 64
L 3580.5330, 264.9300, 638.7260,  3592.7466, 185.2426, 637.6508,  64, 64, 64
L 3546.9700, 342.5021, 644.9193,  3580.5330, 264.9300, 638.7260,  64, 64, 64
L 3500.4302, 411.1650, 586.0156,  3546.9700, 342.5021, 644.9193,  64, 64, 64
L 3480.4185, 460.0544, 555.0629,  3500.4302, 411.1650, 586.0156,  64, 64, 64
L 3469.1509, 549.3398, 521.6885,  3480.4185, 460.0544, 555.0629,  64, 64, 64
L 3477.1155, 601.3755, 518.7427,  3469.1509, 549.3398, 521.6885,  64, 64, 64
L 3502.8926, 739.7480, 549.2253,  3477.1155, 601.3755, 518.7427,  64, 64, 64
L 3518.1233, 866.6614, 601.2122,  3502.8926, 739.7480, 549.2253,  64, 64, 64
L 3511.1370, 986.4620, 590.3967,  3518.1233, 866.6614, 601.2122,  64, 64, 64
L 3508.8826, 1231.7173, 562.5947,  3511.1370, 986.4620, 590.3967,  64, 64, 64
L 3510.0928, 1171.2085, 528.9073,  3510.0928, 1100.0818, 562.5947,  0, 127, 0
L 3510.0928, 1278.4336, 534.4278,  3510.0928, 1171.2085, 528.9073,  0, 127, 0
L 3508.6841, 1379.6818, 575.4549,  3510.0928, 1278.4336, 534.4278,  0, 127, 0
L 3480.0359, 1466.7167, 625.2167,  3508.6841, 1379.6818, 575.4549,  0, 127, 0
L 3479.4783, 1567.1200, 597.1732,  3480.0359, 1466.7167, 625.2167,  0, 127, 0
L 3476.0298, 1680.9595, 597.8592,  3479.4783, 1567.1200, 597.1732,  0, 127, 0
L 3462.9822, 1786.4766, 624.5233,  3476.0298, 1680.9595, 597.8592,  0, 127, 0
L 3456.5928, 1909.9347, 575.8760,  3462.9822, 1786.4766, 624.5233,  0, 127, 0
L 3446.8096, 2031.9308, 521.1872,  3456.5928, 1909.9347, 575.8760,  0, 127, 0
L 3427.6553, 2151.3533, 496.0857,  3446.8096, 2031.9308, 521.1872,  0, 127, 0
L 3403.5369, 2272.0242, 422.5230,  3427.6553, 2151.3533, 496.0857,  0, 127, 0
L 3392.4629, 2371.5271, 360.6101,  3403.5369, 2272.0242, 422.5230,  0, 127, 0
L 3367.0071, 2472.9268, 347.5454,  3392.4629, 2371.5271, 360.6101,  0, 127, 0
L 3355.7732, 2580.5784, 372.7106,  3367.0071, 2472.9268, 347.5454,  0, 127, 0
L 3349.4656, 2674.2100, 349.7353,  3355.7732, 2580.5784, 372.7106,  0, 127, 0
L 3331.6121, 2769.3660, 295.1589,  3349.4656, 2674.2100, 349.7353,  0, 127, 0
L 3263.7190, 2881.2715, 270.4943,  3331.6121, 2769.3660, 295.1589,  0, 127, 0
L 3224.6995, 3009.5491, 205.1196,  3263.7190, 2881.2715, 270.4943,  0, 127, 0
L 3166.0198, 3160.2002, 173.6666,  3224.6995, 3009.5491, 205.1196,  0, 127, 0
L 3289.1448, 3418.0662, 208.9300,  3166.0198, 3160.2002, 173.6666,  0, 127, 0
L 3282.2461, 3583.1780, 145.3903,  3289.1448, 3418.0662, 208.9300,  0, 127, 0
L 3317.7664, 3768.9341, 46.6127,  3282.2461, 3583.1780, 145.3903,  0, 127, 0
L 3401.2935, 3991.0840, -101.3496,  3317.7664, 3768.9341, 46.6127,  0, 127, 0
L 3528.8411, 4117.2378, -21.2851,  3401.2935, 3991.0840, -101.3496,  0, 127, 0
L 3528.8411, 4117.2378, -21.2850,  3528.8411, 4117.2378, -21.2851,  64, 64, 64
L 3592.8594, 4182.0063, 18.3533,  3528.8411, 4117.2378, -21.2850,  64, 64, 64
L 3695.7349, 4284.5225, -35.5502,  3592.8594, 4182.0063, 18.3533,  64, 64, 64
L 3791.6680, 4380.1978, -40.4732,  3695.7349, 4284.5225, -35.5502,  64, 64, 64
L 3791.7063, 4479.7607, -89.9129,  3791.6680, 4380.1978, -40.4732,  64, 64, 64
L 3791.7085, 4629.7803, -92.9427,  3791.7063, 4479.7607, -89.9129,  64, 64, 64
L 3566.5281, 4680.6523, -172.0358,  3791.7085, 4629.7803, -92.9427,  64, 64, 64
L 3491.6399, 4680.9268, -219.6926,  3566.5281, 4680.6523, -172.0358,  64, 64, 64
L 3491.5774, 4753.7695, -254.7995,  3491.6399, 4680.9268, -219.6926,  64, 64, 64
L 3491.5657, 4771.9019, -267.8490,  3491.5774, 4753.7695, -254.8023,  64, 64, 64
L 3446.0330, 4813.4321, -289.6125,  3491.5657, 4771.9019, -276.1077,  64, 64, 64
L 3399.2488, 4952.0737, -301.1561,  3446.0330, 4813.4321, -283.1290,  64, 64, 64
L 3400.8108, 4790.1353, -399.1878,  3399.2488, 4952.0737, -399.6675,  0, 0, 255
L 3409.9478, 4779.7021, -399.2635,  3400.8108, 4790.1353, -399.1878,  0, 0, 255
L 3391.1963, 4718.6978, -399.5233,  3409.9478, 4779.7021, -399.2635,  0, 0, 255
L 3320.9905, 4682.6387, -397.9941,  3391.1963, 4718.6978, -399.5233,  0, 0, 255
L 3291.7676, 4670.0005, -399.3220,  3320.9905, 4682.6387, -397.9941,  0, 0, 255
L 3210.9485, 4580.7437, -399.4011,  3291.7676, 4670.0005, -399.3220,  0, 0, 255
L 3192.1929, 4553.7520, -399.4407,  3210.9485, 4580.7437, -399.4011,  0, 0, 255
L 3134.5950, 4481.2734, -399.3211,  3192.1929, 4553.7520, -399.4407,  0, 0, 255
L 3091.7830, 4418.1934, -399.3048,  3134.5950, 4481.2734, -399.3211,  0, 0, 255
L 3010.7300, 4399.4697, -399.3803,  3091.7830, 4418.1934, -399.3048,  0, 0, 255
L 2992.8262, 4391.9434, -399.4254,  3010.7300, 4399.4697, -399.3803,  0, 0, 255
L 2963.4766, 4380.3174, -399.3977,  2992.8262, 4391.9434, -399.4254,  0, 0, 255
L 2959.6421, 4349.1772, -399.3869,  2963.4766, 4380.3174, -399.3977,  0, 0, 255
L 2934.1177, 4281.1689, -399.4763,  2959.6421, 4349.1772, -399.3869,  0, 0, 255
L 2891.3733, 4272.2554, -399.3886,  2934.1177, 4281.1689, -399.4763,  0, 0, 255
L 2858.6243, 4248.4810, -399.5335,  2891.3733, 4272.2554, -399.3886,  0, 0, 255
L 2792.0088, 4249.3486, -399.4591,  2858.6243, 4248.4810, -399.5335,  0, 0, 255
L 2720.5684, 4181.3184, -399.4119,  2792.0088, 4249.3486, -399.4591,  0, 0, 255
L 2692.6338, 4176.1143, -399.0055,  2720.5684, 4181.3184, -399.4119,  0, 0, 255
L 2685.6375, 4176.2642, -399.0515,  2692.6338, 4176.1143, -399.0055,  0, 0, 255
L 2673.7808, 4176.5322, -399.8480,  2685.6375, 4176.2642, -399.0515,  0, 0, 255
L 2676.8267, 4182.8726, -399.7909,  2673.7808, 4176.5322, -399.8480,  0, 0, 255
L 2677.0193, 4187.6392, -399.7413,  2676.8267, 4182.8726, -399.7909,  0, 0, 255
L 2677.8733, 4191.1543, -399.7284,  2677.0193, 4187.6392, -399.7413,  0, 0, 255
L 2676.4666, 4196.1948, -399.6562,  2677.8733, 4191.1543, -399.7284,  0, 0, 255
L 2672.4705, 4198.6851, -399.6109,  2676.4666, 4196.1948, -399.6562,  0, 0, 255
L 2667.3147, 4200.2441, -399.7872,  2672.4705, 4198.6851, -399.6109,  0, 0, 255
L 2663.4900, 4200.0313, -399.8546,  2667.3147, 4200.2441, -399.7872,  0, 0, 255
L 2660.5889, 4196.7427, -400.0081,  2663.4900, 4200.0313, -399.8546,  0, 0, 255
L 2657.5381, 4188.6343, -399.7342,  2660.5889, 4196.7427, -400.0081,  0, 0, 255
L 2655.4795, 4180.7554, -398.1105,  2657.5381, 4188.6343, -399.7342,  0, 0, 255
L 2656.0359, 4175.9424, -397.6097,  2655.4795, 4180.7554, -398.1105,  0, 0, 255
L 2624.7505, 4176.5112, -399.1366,  2656.0359, 4175.9424, -397.6097,  0, 0, 255
L 2619.2339, 4188.7095, -399.1570,  2624.7505, 4176.5112, -399.1366,  0, 0, 255
L 2617.2227, 4191.2695, -399.4200,  2619.2339, 4188.7095, -399.1570,  0, 0, 255
L 2610.1216, 4195.5977, -399.4157,  2617.2227, 4191.2695, -399.4200,  0, 0, 255
L 2607.6680, 4195.2432, -399.4740,  2610.1216, 4195.5977, -399.4157,  0, 0, 255
L 2601.6177, 4192.0698, -399.2091,  2607.6680, 4195.2432, -399.4740,  0, 0, 255
L 2599.6365, 4189.1006, -399.1201,  2601.6177, 4192.0698, -399.2091,  0, 0, 255
L 2594.5557, 4176.5752, -398.7299,  2599.6365, 4189.1006, -399.1201,  0, 0, 255
L 2584.7886, 4173.3936, -399.3089,  2594.5557, 4176.5752, -398.7299,  0, 0, 255
L 2491.6829, 4176.3198, -399.2853,  2584.7886, 4173.3936, -399.3089,  0, 0, 255
L 2476.3367, 4165.5771, -399.4813,  2491.6829, 4176.3198, -399.2853,  0, 0, 255
L 2392.1692, 4126.4937, -399.3883,  2476.3367, 4165.5771, -399.4813,  0, 0, 255
L 2308.2117, 4081.1443, -399.3556,  2392.1692, 4126.4937, -399.3883,  0, 0, 255
L 2292.2681, 4077.9727, -398.8456,  2308.2117, 4081.1443, -399.3556,  0, 0, 255
L 2287.5718, 4076.6326, -399.7497,  2292.2681, 4077.9727, -398.8456,  0, 0, 255
L 2191.5696, 4078.8992, -399.3617,  2287.5718, 4076.6326, -399.7497,  0, 0, 255
L 2187.4275, 4076.5796, -399.4876,  2191.5696, 4078.8992, -399.3617,  0, 0, 255
L 2093.1985, 4041.7903, -399.3081,  2187.4275, 4076.5796, -399.4876,  0, 0, 255
L 2048.9661, 4036.7234, -399.2726,  2093.1985, 4041.7903, -399.3081,  0, 0, 255
L 1992.8427, 4057.9673, -399.2700,  2048.9661, 4036.7234, -399.2726,  0, 0, 255
L 1983.0060, 4072.1980, -399.4273,  1992.8427, 4057.9673, -399.2700,  0, 0, 255
L 1891.5951, 4063.7742, -399.4173,  1983.0060, 4072.1980, -399.4273,  0, 0, 255
L 1845.1200, 4033.3599, -398.9879,  1891.5951, 4063.7742, -399.4173,  0, 0, 255
L 1792.9884, 4017.3772, -399.0790,  1845.1200, 4033.3599, -398.9879,  0, 0, 255
L 1698.4109, 3980.6338, -399.1586,  1792.9884, 4017.3772, -399.0790,  0, 0, 255
L 1689.7117, 3979.1814, -399.5185,  1698.4109, 3980.6338, -399.1586,  0, 0, 255
L 1670.1182, 3980.9778, -399.4342,  1689.7117, 3979.1814, -399.5185,  0, 0, 255
L 1607.3982, 3997.2007, -399.4929,  1670.1182, 3980.9778, -399.4342,  0, 0, 255
L 1591.9303, 3994.0442, -399.4572,  1607.3982, 3997.2007, -399.4929,  0, 0, 255
L 1510.6072, 3996.9866, -399.3197,  1591.9303, 3994.0442, -399.4572,  0, 0, 255
L 1492.8389, 3999.9622, -399.3042,  1510.6072, 3996.9866, -399.3197,  0, 0, 255
L 1448.7538, 4037.9739, -399.3559,  1492.8389, 3999.9622, -399.3042,  0, 0, 255
L 1392.7494, 4031.4998, -399.2456,  1448.7538, 4037.9739, -399.3559,  0, 0, 255
L 1325.2609, 4016.1709, -399.4055,  1392.7494, 4031.4998, -399.2456,  0, 0, 255
L 1293.0883, 4051.2549, -399.5534,  1325.2609, 4016.1709, -399.4055,  0, 0, 255
L 1276.6139, 4065.7217, -399.4764,  1293.0883, 4051.2549, -399.5534,  0, 0, 255
L 1210.0852, 4049.5054, -399.4583,  1276.6139, 4065.7217, -399.4764,  0, 0, 255
L 1141.7826, 4031.8367, -399.5278,  1210.0852, 4049.5054, -399.4583,  0, 0, 255
L 1092.4590, 4046.7139, -399.0483,  1141.7826, 4031.8367, -399.5278,  0, 0, 255
L 1083.3350, 4071.8201, -399.1844,  1092.4590, 4046.7139, -399.0483,  0, 0, 255
L 1062.2085, 4079.9893, -399.2680,  1083.3350, 4071.8201, -399.1844,  0, 0, 255
L 1028.7013, 4117.2466, -399.3705,  1062.2085, 4079.9893, -399.2680,  0, 0, 255
L 992.8567, 4124.1235, -399.4446,  1028.7013, 4117.2466, -399.3705,  0, 0, 255
L 936.6429, 4124.6753, -399.3662,  992.8567, 4124.1235, -399.4446,  0, 0, 255
L 891.9167, 4133.8848, -399.5626,  936.6429, 4124.6753, -399.3662,  0, 0, 255
L 876.0684, 4165.7935, -399.4878,  891.9167, 4133.8848, -399.5626,  0, 0, 255
L 792.4386, 4165.5376, -399.4637,  876.0684, 4165.7935, -399.4878,  0, 0, 255
L 772.1218, 4160.8052, -399.3499,  792.4386, 4165.5376, -399.4637,  0, 0, 255
L 692.3733, 4165.2588, -399.0472,  772.1218, 4160.8052, -399.3499,  0, 0, 255
L 688.3502, 4170.5962, -399.1192,  692.3733, 4165.2588, -399.0472,  0, 0, 255
L 604.9803, 4180.9194, -399.4070,  688.3502, 4170.5962, -399.1192,  0, 0, 255
L 602.2332, 4190.3613, -399.4792,  604.9803, 4180.9194, -399.4070,  0, 0, 255
L 592.0657, 4192.0605, -399.4340,  602.2332, 4190.3613, -399.4792,  0, 0, 255
L 567.2108, 4255.8877, -399.4359,  592.0657, 4192.0605, -399.4340,  0, 0, 255
L 492.0790, 4269.2876, -399.4329,  567.2108, 4255.8877, -399.4359,  0, 0, 255
L 487.8566, 4277.4863, -399.4485,  492.0790, 4269.2876, -399.4329,  0, 0, 255
L 470.3802, 4280.9351, -399.4127,  487.8566, 4277.4863, -399.4485,  0, 0, 255
L 443.2268, 4332.0522, -399.3435,  470.3802, 4280.9351, -399.4127,  0, 0, 255
L 391.8918, 4334.7939, -399.4959,  443.2268, 4332.0522, -399.3435,  0, 0, 255
L 380.9780, 4370.0635, -399.3281,  391.8918, 4334.7939, -399.4959,  0, 0, 255
L 352.9015, 4381.0859, -399.3881,  380.9780, 4370.0635, -399.3281,  0, 0, 255
L 354.9202, 4443.8687, -399.3898,  352.9015, 4381.0859, -399.3881,  0, 0, 255
L 292.0942, 4478.9072, -399.3854,  354.9202, 4443.8687, -399.3898,  0, 0, 255
L 291.2224, 4480.4839, -399.3430,  292.0942, 4478.9072, -399.3854,  0, 0, 255
L 289.0748, 4481.0737, -399.4340,  291.2224, 4480.4839, -399.3430,  0, 0, 255
L 237.7724, 4526.9570, -399.3673,  289.0748, 4481.0737, -399.4340,  0, 0, 255
L 191.9148, 4542.0518, -399.3436,  237.7724, 4526.9570, -399.3673,  0, 0, 255
L 182.3963, 4571.5977, -399.3877,  191.9148, 4542.0518, -399.3436,  0, 0, 255
L 145.6735, 4580.7056, -399.0805,  182.3963, 4571.5977, -399.3877,  0, 0, 255
L 132.0066, 4620.9102, -399.3745,  145.6735, 4580.7056, -399.0805,  0, 0, 255
L 92.0538, 4636.8257, -399.4112,  132.0066, 4620.9102, -399.3745,  0, 0, 255
L 81.8521, 4671.5601, -399.7256,  92.0538, 4636.8257, -399.4112,  0, 0, 255
L 52.6824, 4681.0601, -399.4084,  81.8521, 4671.5601, -399.7256,  0, 0, 255
L 56.6225, 4745.8521, -399.3449,  52.6824, 4681.0601, -399.4084,  0, 0, 255
L -8.0980, 4737.7173, -399.5351,  56.6225, 4745.8521, -399.3449,  0, 0, 255
L -18.8525, 4769.6138, -399.3439,  -8.0980, 4737.7173, -399.5351,  0, 0, 255
L -51.2841, 4781.0112, -399.4133,  -18.8525, 4769.6138, -399.3439,  0, 0, 255
L -73.1879, 4815.8647, -399.4174,  -51.2841, 4781.0112, -399.4133,  0, 0, 255
L -107.7738, 4829.9399, -399.3409,  -73.1879, 4815.8647, -399.4174,  0, 0, 255
L -117.9918, 4874.1270, -399.7642,  -107.7738, 4829.9399, -399.3409,  0, 0, 255
L -169.7410, 4880.6812, -298.6607,  -117.9918, 4874.1270, -399.7642,  64, 64, 64
L -207.8403, 4880.2168, -220.6771,  -169.7410, 4880.6812, -298.6607,  0, 127, 0
L -225.2108, 4867.7715, -200.0203,  -207.8403, 4880.2168, -220.6771,  0, 127, 0
L -240.6373, 4886.4844, -140.2021,  -225.2108, 4867.7715, -200.0203,  0, 127, 0
L -260.6127, 4883.9053, -127.4260,  -240.6373, 4886.4844, -140.2021,  0, 127, 0
L -272.2148, 4880.6987, -130.0811,  -260.6127, 4883.9053, -127.4260,  0, 127, 0
L -308.1826, 4880.6294, -80.3648,  -272.2148, 4880.6987, -130.0811,  0, 127, 0
L -338.2333, 4880.2266, -66.9805,  -308.1826, 4880.6294, -80.3648,  0, 127, 0
L -347.0643, 4883.6348, -51.1583,  -338.2333, 4880.2266, -66.9805,  0, 127, 0
L -353.8534, 4884.4609, -44.8474,  -347.0643, 4883.6348, -51.1583,  0, 127, 0
L -368.2003, 4882.3101, -46.8108,  -353.8534, 4884.4609, -44.8474,  0, 127, 0
L -376.3875, 4880.6279, -49.8393,  -368.2003, 4882.3101, -46.8108,  0, 127, 0
L -408.2675, 4880.3965, -35.7607,  -376.3875, 4880.6279, -49.8393,  0, 127, 0
L -507.0117, 4780.8149, -46.7211,  -408.2675, 4880.3965, -35.7607,  0, 127, 0
L -608.0254, 4780.8013, -46.5062,  -507.0117, 4780.8149, -46.7211,  0, 127, 0
L -608.6870, 4880.6001, 24.0834,  -608.0254, 4780.8013, -46.5062,  0, 127, 0
L -663.5176, 4880.6230, -14.8194,  -608.6870, 4880.6001, 24.0834,  0, 127, 0
L -660.9401, 4864.7822, -13.0652,  -663.5176, 4880.6230, -14.8194,  0, 127, 0
L -669.0516, 4844.8213, -18.7891,  -660.9401, 4864.7822, -13.0652,  0, 127, 0
L -670.1733, 4843.9595, -19.4730,  -669.0516, 4844.8213, -18.7891,  0, 127, 0
L -677.6050, 4833.2725, -24.9130,  -670.1733, 4843.9595, -19.4730,  0, 127, 0
L -699.1285, 4837.2681, -40.2148,  -677.6050, 4833.2725, -24.9130,  0, 127, 0
L -711.5657, 4844.4053, -46.4307,  -699.1285, 4837.2681, -40.2148,  0, 127, 0
L -725.6434, 4853.6768, -45.6688,  -711.5657, 4844.4053, -46.4307,  0, 127, 0
L -742.8192, 4871.8799, -46.1362,  -725.6434, 4853.6768, -45.6688,  0, 127, 0
L -744.6786, 4880.6187, -46.6114,  -742.8192, 4871.8799, -46.1362,  0, 127, 0
L -941.7567, 4879.6626, -46.5517,  -744.6786, 4880.6187, -46.6114,  0, 127, 0
L -940.2292, 4865.7275, -45.7971,  -941.7567, 4879.6626, -46.5517,  0, 127, 0
L -943.0933, 4848.0479, -44.8303,  -940.2292, 4865.7275, -45.7971,  0, 127, 0
L -945.8401, 4842.8145, -44.5277,  -943.0933, 4848.0479, -44.8303,  0, 127, 0
L -955.1747, 4833.7144, -44.0428,  -945.8401, 4842.8145, -44.5277,  0, 127, 0
L -966.1013, 4829.5967, -43.8077,  -955.1747, 4833.7144, -44.0428,  0, 127, 0
L -977.2703, 4830.1294, -43.8429,  -966.1013, 4829.5967, -43.8077,  0, 127, 0
L -1001.4877, 4837.2559, -44.2376,  -977.2703, 4830.1294, -43.8429,  0, 127, 0
L -1007.7209, 4839.4937, -44.3624,  -1001.4877, 4837.2559, -44.2376,  0, 127, 0
L -1024.9020, 4846.4849, -45.6637,  -1007.7209, 4839.4937, -44.3624,  0, 127, 0
L -1035.8467, 4859.7319, -46.6240,  -1024.9020, 4846.4849, -45.6637,  0, 127, 0
L -1038.7454, 4866.1299, -46.6240,  -1035.8467, 4859.7319, -46.6240,  0, 127, 0
L -1034.1343, 4880.5981, -46.6178,  -1038.7454, 4866.1299, -46.6240,  0, 127, 0
L -1159.2345, 4880.6030, -46.6183,  -1034.1343, 4880.5981, -46.6178,  0, 127, 0
L -1256.1614, 4880.0322, -46.6240,  -1159.2345, 4880.6030, -46.6183,  0, 127, 0
L -1252.1145, 4870.3062, -46.6240,  -1256.1614, 4880.0322, -46.6240,  0, 127, 0
L -1264.1775, 4863.5439, -46.6240,  -1252.1145, 4870.3062, -46.6240,  0, 127, 0
L -1272.0332, 4865.3228, -46.6240,  -1264.1775, 4863.5439, -46.6240,  0, 127, 0
L -1275.7832, 4867.6729, -46.6240,  -1272.0332, 4865.3228, -46.6240,  0, 127, 0
L -1281.2443, 4873.5962, -46.6230,  -1275.7832, 4867.6729, -46.6240,  0, 127, 0
L -1281.8716, 4880.2769, -46.6240,  -1281.2443, 4873.5962, -46.6230,  0, 127, 0
L -1281.5276, 4880.5938, -46.6198,  -1281.8716, 4880.2769, -46.6240,  0, 127, 0
L -1327.7262, 4880.5967, -46.6240,  -1281.5276, 4880.5938, -46.6198,  0, 127, 0
L -1325.3788, 4874.1733, -46.6240,  -1327.7262, 4880.5967, -46.6240,  0, 127, 0
L -1330.2339, 4869.5225, -46.6240,  -1325.3788, 4874.1733, -46.6240,  0, 127, 0
L -1336.6963, 4866.3560, -46.6042,  -1330.2339, 4869.5225, -46.6240,  0, 127, 0
L -1342.7527, 4866.0649, -46.6240,  -1336.6963, 4866.3560, -46.6042,  0, 127, 0
L -1345.7908, 4865.9146, -46.6240,  -1342.7527, 4866.0649, -46.6240,  0, 127, 0
L -1344.1836, 4863.0815, -46.6240,  -1345.7908, 4865.9146, -46.6240,  0, 127, 0
L -1336.6259, 4842.7061, -46.6240,  -1344.1836, 4863.0815, -46.6240,  0, 127, 0
L -1335.7620, 4836.1299, -46.6240,  -1336.6259, 4842.7061, -46.6240,  0, 127, 0
L -1337.6537, 4820.6523, -46.6240,  -1335.7620, 4836.1299, -46.6240,  0, 127, 0
L -1338.4944, 4817.1904, -46.6240,  -1337.6537, 4820.6523, -46.6240,  0, 127, 0
L -1347.7157, 4810.0029, -46.6240,  -1338.4944, 4817.1904, -46.6240,  0, 127, 0
L -1352.8639, 4810.7017, -46.6240,  -1347.7157, 4810.0029, -46.6240,  0, 127, 0
L -1364.4596, 4818.8599, -46.6240,  -1352.8639, 4810.7017, -46.6240,  0, 127, 0
L -1371.1797, 4825.7114, -46.6225,  -1364.4596, 4818.8599, -46.6240,  0, 127, 0
L -1381.0094, 4843.3101, -46.6222,  -1371.1797, 4825.7114, -46.6225,  0, 127, 0
L -1388.5541, 4851.0425, -46.4102,  -1381.0094, 4843.3101, -46.6222,  0, 127, 0
L -1400.8202, 4875.2612, -46.6240,  -1388.5541, 4851.0425, -46.4102,  0, 127, 0
L -1399.5227, 4880.7690, -45.3669,  -1400.8202, 4875.2612, -46.6240,  0, 127, 0
L -1406.8643, 4880.6987, -46.6240,  -1399.5227, 4880.7690, -45.3669,  0, 127, 0
L -1506.8578, 4780.5381, -46.6070,  -1406.8643, 4880.6987, -46.6240,  0, 127, 0
L -1605.9279, 4780.5723, -35.9512,  -1506.8578, 4780.5381, -46.6070,  0, 127, 0
L -1710.8517, 4780.5894, -46.6240,  -1605.9279, 4780.5723, -35.9512,  0, 127, 0
L -1807.9590, 4780.4834, -46.6240,  -1710.8517, 4780.5894, -46.6240,  0, 127, 0
L -1808.8473, 4783.4336, -46.4821,  -1807.9590, 4780.4834, -46.6240,  0, 127, 0
L -1808.1885, 4839.6729, -43.3513,  -1808.8473, 4783.4336, -46.4821,  0, 127, 0
L -1814.6469, 4839.7295, -43.4035,  -1808.1885, 4839.6729, -43.3513,  0, 127, 0
L -1817.9502, 4841.6797, -43.2964,  -1814.6469, 4839.7295, -43.4035,  0, 127, 0
L -1820.4019, 4845.6475, -43.0798,  -1817.9502, 4841.6797, -43.2964,  0, 127, 0
L -1819.2505, 4849.3184, -42.8790,  -1820.4019, 4845.6475, -43.0798,  0, 127, 0
L -1826.7483, 4850.4692, -42.8149,  -1819.2505, 4849.3184, -42.8790,  0, 127, 0
L -1830.2456, 4851.0073, -42.7866,  -1826.7483, 4850.4692, -42.8149,  0, 127, 0
L -1829.1808, 4850.1187, -42.8352,  -1830.2456, 4851.0073, -42.7866,  0, 127, 0
L -1825.6487, 4841.5601, -43.3033,  -1829.1808, 4850.1187, -42.8352,  0, 127, 0
L -1832.1436, 4838.9893, -43.4439,  -1825.6487, 4841.5601, -43.3033,  0, 127, 0
L -1835.0474, 4839.7603, -43.4017,  -1832.1436, 4838.9893, -43.4439,  0, 127, 0
L -1846.3860, 4843.5225, -43.0311,  -1835.0474, 4839.7603, -43.4017,  0, 127, 0
L -1849.7609, 4846.6836, -41.7860,  -1846.3860, 4843.5225, -43.0311,  0, 127, 0
L -1852.8826, 4846.6143, -41.2553,  -1849.7609, 4846.6836, -41.7860,  0, 127, 0
L -1858.3455, 4848.4561, -39.9601,  -1852.8826, 4846.6143, -41.2553,  0, 127, 0
L -1861.0313, 4851.7378, -38.7943,  -1858.3455, 4848.4561, -39.9601,  0, 127, 0
L -1862.8174, 4855.6812, -37.6756,  -1861.0313, 4851.7378, -38.7943,  0, 127, 0
L -1864.4280, 4856.2573, -37.2852,  -1862.8174, 4855.6812, -37.6756,  0, 127, 0
L -1924.6487, 4862.3643, -28.7963,  -1864.4280, 4856.2573, -37.2852,  0, 127, 0
L -2007.9192, 4780.7837, -46.6240,  -1924.6487, 4862.3643, -28.7963,  0, 127, 0
L -2108.2725, 4780.5356, -52.2138,  -2007.9192, 4780.7837, -46.6240,  0, 127, 0
L -2205.6836, 4780.6104, -62.8623,  -2108.2725, 4780.5356, -52.2138,  0, 127, 0
L -2306.9131, 4781.1978, -83.9727,  -2205.6836, 4780.6104, -62.8623,  0, 127, 0
L -2448.9644, 4838.2598, 17.2557,  -2306.9131, 4781.1978, -83.9727,  0, 127, 0
L -2506.6631, 4844.0610, -36.7898,  -2448.9644, 4838.2598, 17.2557,  0, 127, 0
L -2509.6375, 4844.2476, -38.2189,  -2506.6631, 4844.0610, -36.7898,  0, 127, 0
L -2511.5999, 4836.6152, -39.8888,  -2509.6375, 4844.2476, -38.2189,  0, 127, 0
L -2515.7393, 4837.4585, -39.7046,  -2511.5999, 4836.6152, -39.8888,  0, 127, 0
L -2517.7620, 4836.1602, -39.9885,  -2515.7393, 4837.4585, -39.7046,  0, 127, 0
L -2517.0276, 4835.0435, -40.2329,  -2517.7620, 4836.1602, -39.9885,  0, 127, 0
L -2509.9297, 4827.0894, -41.9726,  -2517.0276, 4835.0435, -40.2329,  0, 127, 0
L -2515.5679, 4820.1069, -43.5000,  -2509.9297, 4827.0894, -41.9726,  0, 127, 0
L -2523.2361, 4815.5054, -44.5068,  -2515.5679, 4820.1069, -43.5000,  0, 127, 0
L -2529.7085, 4814.8389, -44.6526,  -2523.2361, 4815.5054, -44.5068,  0, 127, 0
L -2534.7676, 4815.2681, -44.5586,  -2529.7085, 4814.8389, -44.6526,  0, 127, 0
L -2543.8389, 4815.7319, -44.4452,  -2534.7676, 4815.2681, -44.5586,  0, 127, 0
L -2552.1829, 4818.7397, -43.7991,  -2543.8389, 4815.7319, -44.4452,  0, 127, 0
L -2558.9019, 4819.4063, -43.1158,  -2552.1829, 4818.7397, -43.7991,  0, 127, 0
L -2569.5784, 4819.5723, -43.6536,  -2558.9019, 4819.4063, -43.1158,  0, 127, 0
L -2572.8638, 4820.3271, -44.1512,  -2569.5784, 4819.5723, -43.6536,  0, 127, 0
L -2579.8638, 4822.8560, -45.0708,  -2572.8638, 4820.3271, -44.1512,  0, 127, 0
L -2583.6392, 4824.7813, -45.6755,  -2579.8638, 4822.8560, -45.0708,  0, 127, 0
L -2591.8467, 4818.0684, -47.3891,  -2583.6392, 4824.7813, -45.6755,  0, 127, 0
L -2595.5811, 4817.7759, -47.0482,  -2591.8467, 4818.0684, -47.3891,  0, 127, 0
L -2602.3301, 4817.8677, -48.9918,  -2595.5811, 4817.7759, -47.0482,  0, 127, 0
L -2603.7090, 4820.0479, -49.2271,  -2602.3301, 4817.8677, -48.9918,  0, 127, 0
L -2607.5984, 4825.0635, -49.5823,  -2603.7090, 4820.0479, -49.2271,  0, 127, 0
L -2604.9246, 4829.4106, -48.9145,  -2607.5984, 4825.0635, -49.5823,  0, 127, 0
L -2609.4910, 4831.1685, -49.1866,  -2604.9246, 4829.4106, -48.9145,  0, 127, 0
L -2618.9004, 4836.9482, -47.8389,  -2609.4910, 4831.1685, -49.1866,  0, 127, 0
L -2627.5386, 4843.6685, -46.5290,  -2618.9004, 4836.9482, -47.8389,  0, 127, 0
L -2629.0789, 4850.3735, -45.9938,  -2627.5386, 4843.6685, -46.5290,  0, 127, 0
L -2703.7068, 4850.3730, 34.1683,  -2629.0789, 4850.3735, -45.9938,  0, 127, 0
L -2737.0054, 4850.3735, 45.5221,  -2703.7068, 4850.3730, 34.1683,  0, 127, 0
L -2807.7244, 4780.6729, -19.4434,  -2737.0054, 4850.3735, 45.5221,  0, 127, 0
L -2907.9839, 4780.3110, -35.8061,  -2807.7244, 4780.6729, -19.4434,  0, 127, 0
L -2943.5352, 4745.3628, -48.9988,  -2907.9839, 4780.3110, -35.8061,  0, 127, 0
L -3009.0989, 4680.8442, -73.4443,  -2943.5352, 4745.3628, -48.9988,  0, 127, 0
L -3052.8284, 4680.6675, -61.7950,  -3009.0989, 4680.8442, -73.4443,  0, 127, 0
L -3108.2771, 4680.2100, -57.5971,  -3052.8284, 4680.6675, -61.7950,  0, 127, 0
L -3207.6570, 4582.0298, -44.3816,  -3108.2771, 4680.2100, -45.7967,  0, 127, 0
L -3259.1243, 4580.1714, -16.2075,  -3207.6570, 4582.0298, -44.3816,  0, 127, 0
L -3289.2085, 4566.4917, -6.2194,  -3259.1243, 4580.1714, -16.2075,  0, 127, 0
L -3305.5000, 4562.5015, 1.0957,  -3289.2085, 4566.4917, -6.2194,  0, 127, 0
L -3333.7671, 4533.8677, 17.7549,  -3305.5000, 4562.5015, 1.0957,  0, 127, 0
L -3373.3345, 4481.1519, 35.7339,  -3337.8577, 4528.4185, 19.5143,  0, 127, 0
L -3408.1128, 4379.6792, -46.1071,  -3373.3345, 4481.1519, 35.7339,  0, 127, 0
L -3408.1492, 4291.2505, -45.9709,  -3408.1128, 4379.6792, -46.1071,  0, 127, 0
L -3391.3938, 4289.1885, -46.6240,  -3408.1492, 4291.2505, -45.9709,  0, 127, 0
L -3389.3960, 4285.7295, -46.6240,  -3391.3938, 4289.1885, -46.6240,  0, 127, 0
L -3386.9451, 4271.6484, -46.6240,  -3389.3960, 4285.7295, -46.6240,  0, 127, 0
L -3387.4312, 4266.1650, -46.6240,  -3386.9451, 4271.6484, -46.6240,  0, 127, 0
L -3391.4268, 4256.1309, -46.6240,  -3387.4312, 4266.1650, -46.6240,  0, 127, 0
L -3393.7227, 4253.5127, -46.6240,  -3391.4268, 4256.1309, -46.6240,  0, 127, 0
L -3405.7952, 4247.5151, -46.6240,  -3393.7227, 4253.5127, -46.6240,  0, 127, 0
L -3408.1099, 4248.0103, -46.1280,  -3405.7952, 4247.5151, -46.6240,  0, 127, 0
L -3407.9607, 4179.3882, -46.6166,  -3408.1099, 4248.0103, -46.1280,  0, 127, 0
L -3403.7576, 4173.8525, -46.6240,  -3407.9607, 4179.3882, -46.6166,  0, 127, 0
L -3405.2881, 4168.4629, -46.6240,  -3403.7576, 4173.8525, -46.6240,  0, 127, 0
L -3407.5254, 4163.9102, -46.6240,  -3405.2881, 4168.4629, -46.6240,  0, 127, 0
L -3407.9595, 4085.7776, -46.6240,  -3407.5254, 4163.9102, -46.6240,  0, 127, 0
L -3408.2383, 3980.5994, -6.9920,  -3407.9595, 4085.7776, -46.6240,  0, 127, 0
L -3363.5713, 3981.9910, -25.3753,  -3408.2383, 3980.5994, -6.9920,  0, 127, 0
L -3307.8572, 3980.7869, -46.5908,  -3363.5713, 3981.9910, -25.3753,  0, 127, 0
L -3308.0325, 3935.1226, -24.0056,  -3307.8572, 3980.7869, -46.5908,  0, 127, 0
L -3308.3462, 3881.0159, 3.3976,  -3308.0325, 3935.1226, -24.0056,  0, 127, 0
L -3251.8904, 3881.5081, -19.0166,  -3308.3462, 3881.0159, 3.3976,  0, 127, 0
L -3244.4607, 3905.8987, -24.3883,  -3251.8904, 3881.5081, -19.0166,  0, 127, 0
L -3243.3633, 3909.1006, -26.8077,  -3244.4607, 3905.8987, -24.3883,  0, 127, 0
L -3234.9319, 3911.8318, -30.4677,  -3243.3633, 3909.1006, -26.8077,  0, 127, 0
L -3237.8118, 3916.9158, -30.2150,  -3234.9319, 3911.8318, -30.4677,  0, 127, 0
L -3238.0535, 3925.6016, -31.4295,  -3237.8118, 3916.9158, -30.2150,  0, 127, 0
L -3235.6011, 3938.3938, -34.5562,  -3238.0535, 3925.6016, -31.4295,  0, 127, 0
L -3227.6160, 3947.3672, -38.8997,  -3235.6011, 3938.3938, -34.5562,  0, 127, 0
L -3216.4817, 3946.0447, -43.1595,  -3227.6160, 3947.3672, -38.8997,  0, 127, 0
L -3210.3079, 3942.5591, -44.9511,  -3216.4817, 3946.0447, -43.1595,  0, 127, 0
L -3193.1260, 3932.6143, -46.6316,  -3210.3079, 3942.5591, -44.9511,  0, 127, 0
L -3185.7122, 3925.8521, -46.7385,  -3193.1260, 3932.6143, -46.6316,  0, 127, 0
L -3185.2549, 3923.8643, -46.4874,  -3185.7122, 3925.8521, -46.7385,  0, 127, 0
L -3169.4761, 3909.5767, -46.1911,  -3185.2549, 3923.8643, -46.4874,  0, 127, 0
L -3149.5535, 3881.0608, -42.1322,  -3169.4761, 3909.5767, -46.1911,  0, 127, 0
L -2989.0276, 3881.0945, -46.6622,  -3149.5535, 3881.0608, -42.1322,  0, 127, 0
L -2989.1963, 3883.7183, -46.9431,  -2989.0276, 3881.0945, -46.6622,  64, 64, 64
L -2983.9063, 3810.5828, -35.6218,  -2983.9063, 3865.0313, -35.6218,  64, 64, 64
L -2979.9683, 3770.3179, -39.0615,  -2983.9063, 3810.5828, -35.6218,  64, 64, 64
L -2979.9688, 3722.9373, -39.0615,  -2979.9683, 3770.3179, -39.0615,  64, 64, 64
L -2934.5850, 3722.9373, -39.0615,  -2979.9688, 3722.9373, -39.0615,  64, 64, 64
L -2908.7183, 3722.9373, -39.0615,  -2934.4893, 3722.9373, -39.0615,  150, 0, 200
L -2908.7183, 3746.1868, -39.0615,  -2956.7188, 3746.1868, -39.0615,  64, 64, 64
L -2908.7183, 3746.1868, -39.0615,  -2908.7183, 3722.9373, -39.0615,  64, 64, 64
L -3043.2063, 1637.9019, 347.7614,  -2693.1028, 1215.1410, 381.4180,  0, 127, 0
L -2693.1028, 1215.1410, 381.4180,  -2658.7593, 1187.1438, 377.4018,  0, 127, 0
L -2658.7593, 1187.1438, 377.4018,  -2668.0984, 1125.9783, 394.3882,  0, 127, 0
L -2668.0984, 1125.9783, 394.3882,  -2661.7571, 884.5369, 330.9022,  0, 127, 0
L -2661.7571, 884.5369, 330.9022,  -2747.8521, 783.7309, 368.1888,  0, 127, 0
L -2747.8521, 783.7309, 368.1888,  -2754.6814, 682.2125, 353.2279,  0, 127, 0
L -2754.6814, 682.2125, 353.2279,  -2684.9583, 638.5226, 358.0501,  0, 127, 0
L -2684.9583, 638.5226, 358.0501,  -2604.5464, 734.2371, 348.4977,  0, 127, 0
L -2604.5464, 734.2371, 348.4977,  -2455.7803, 888.9156, 364.0741,  0, 127, 0
L -2455.7803, 888.9156, 364.0741,  -2456.5713, 995.4971, 348.3777,  0, 127, 0
L -2456.5713, 995.4971, 348.3777,  -2454.3101, 1197.2493, 332.3796,  0, 127, 0
L -2454.3101, 1197.2493, 332.3796,  -2271.7271, 1256.3329, 344.7571,  0, 127, 0
L -2271.7271, 1256.3329, 344.7571,  -2251.8545, 1595.3644, 322.9865,  0, 127, 0
L -2251.8545, 1595.3644, 322.9865,  -2211.8245, 1622.0403, 335.4241,  0, 127, 0
L -2211.8245, 1622.0403, 335.4241,  -1857.6748, 1984.0885, 376.1993,  0, 127, 0
L -1857.6748, 1984.0885, 376.1993,  -1856.2804, 2080.9705, 352.1541,  0, 127, 0
L -1856.2804, 2080.9705, 352.1541,  -1798.9800, 2124.0535, 354.9674,  0, 127, 0
L -1798.9800, 2124.0535, 354.9674,  -1675.9220, 2139.5806, 409.8950,  0, 127, 0
L -1675.9220, 2139.5806, 409.8950,  -1605.2726, 2231.3855, 361.7317,  0, 127, 0
L -1605.2726, 2231.3855, 361.7317,  -1365.4164, 2220.4329, 426.5630,  0, 127, 0
L -1365.4164, 2220.4329, 426.5630,  -1276.7594, 2203.8633, 416.5995,  0, 127, 0
L -1276.7594, 2203.8633, 416.5995,  -1291.1454, 2049.2161, 318.9606,  0, 127, 0
L -1291.1454, 2049.2161, 318.9606,  -1367.5055, 1971.5763, 315.6853,  0, 127, 0
L -1367.5055, 1971.5763, 315.6853,  -1458.8855, 1863.3280, 393.0044,  0, 127, 0
L -1458.8855, 1863.3280, 393.0044,  -1461.6239, 1700.6991, 399.5577,  0, 127, 0
L -1461.6239, 1700.6991, 399.5577,  -1379.3280, 1608.5033, 385.5862,  0, 127, 0
L -1379.3280, 1608.5033, 385.5862,  -1263.7588, 1481.4401, 343.5942,  0, 127, 0
L -1263.7588, 1481.4401, 343.5942,  -1266.0032, 1301.6067, 368.5656,  0, 127, 0
L -1266.0032, 1301.6067, 368.5656,  -1189.6244, 1220.8777, 381.1514,  0, 127, 0
L -1189.6244, 1220.8777, 381.1514,  -1069.8251, 1220.5829, 361.9088,  0, 127, 0
L -1069.8251, 1220.5829, 361.9088,  -971.5637, 1210.2135, 340.2014,  0, 127, 0
L -971.5637, 1210.2135, 340.2014,  -956.6470, 1081.0457, 364.1410,  0, 127, 0
L -956.6470, 1081.0457, 364.1410,  -1034.3467, 1040.5149, 347.0695,  0, 127, 0
L -1034.3467, 1040.5149, 347.0695,  -1094.7581, 1038.9126, 366.9435,  0, 127, 0
L -1094.7581, 1038.9126, 366.9435,  -1258.2388, 878.0244, 340.6992,  0, 127, 0
L -1258.2388, 878.0244, 340.6992,  -1213.1664, 736.8696, 337.3602,  0, 127, 0
L -1213.1664, 736.8696, 337.3602,  -1080.6863, 710.0059, 343.7617,  0, 127, 0
L -1080.6863, 710.0059, 343.7617,  -1030.1648, 641.7155, 342.8363,  0, 127, 0
L -1030.1648, 641.7155, 342.8363,  -802.9632, 628.1716, 367.3304,  0, 127, 0
L -802.9632, 628.1716, 367.3304,  -710.9202, 718.7909, 346.4510,  0, 127, 0
L -710.9202, 718.7909, 346.4510,  -377.4248, 719.9218, 352.1818,  0, 127, 0
L -377.4248, 719.9218, 352.1818,  -268.7972, 698.9437, 341.5093,  0, 127, 0
L -268.7972, 698.9437, 341.5093,  -181.1215, 622.0317, 373.9621,  0, 127, 0
L -181.1215, 622.0317, 373.9621,  -9.7357, 624.9020, 370.3330,  0, 127, 0
L -9.7357, 624.9020, 370.3330,  177.5367, 622.5715, 354.7217,  0, 127, 0
L 177.5367, 622.5715, 354.7217,  425.4112, 861.3744, 331.6948,  0, 127, 0
L 425.4112, 861.3744, 331.6948,  446.2939, 978.3425, 325.1076,  0, 127, 0
L 446.2939, 978.3425, 325.1076,  607.8864, 1115.2771, 356.3935,  0, 127, 0
L 607.8864, 1115.2771, 356.3935,  878.4362, 1121.7582, 340.3430,  0, 127, 0
L 878.4362, 1121.7582, 340.3430,  919.9488, 1162.4873, 342.2447,  0, 127, 0
L 919.9488, 1162.4873, 342.2447,  908.3679, 1218.1277, 330.1619,  0, 127, 0
L 908.3679, 1218.1277, 330.1619,  662.7154, 1247.9047, 361.3681,  0, 127, 0
L 662.7154, 1247.9047, 361.3681,  644.7108, 1378.8666, 334.2715,  0, 127, 0
L 644.7108, 1378.8666, 334.2715,  810.2484, 1523.4186, 346.2659,  0, 127, 0
L 810.2484, 1523.4186, 346.2659,  922.8774, 1551.8263, 347.4190,  0, 127, 0
L 922.8774, 1551.8263, 347.4190,  946.3408, 1677.0918, 344.6058,  0, 127, 0
L 946.3408, 1677.0918, 344.6058,  1030.5546, 1760.2626, 374.1992,  0, 127, 0
L 1030.5546, 1760.2626, 374.1992,  1015.6045, 1820.4905, 376.6749,  0, 127, 0
L 1015.6045, 1820.4905, 376.6749,  866.0804, 1856.3992, 359.3058,  0, 127, 0
L 866.0804, 1856.3992, 359.3058,  764.4119, 1950.2494, 351.9618,  0, 127, 0
L 764.4119, 1950.2494, 351.9618,  748.9023, 2011.9080, 335.6006,  0, 127, 0
L 748.9023, 2011.9080, 335.6006,  744.8104, 2075.8372, 344.4637,  0, 127, 0
L 744.8104, 2075.8372, 344.4637,  797.3145, 2128.9207, 376.5729,  0, 127, 0
L 797.3145, 2128.9207, 376.5729,  990.0992, 2128.6785, 378.5244,  0, 127, 0
L 990.0992, 2128.6785, 378.5244,  1087.3545, 2125.9839, 332.0220,  0, 127, 0
L 1087.3545, 2125.9839, 332.0220,  1163.3169, 2064.4070, 321.4078,  0, 127, 0
L 1163.3169, 2064.4070, 321.4078,  1215.9894, 2012.4745, 331.4406,  0, 127, 0
L 1215.9894, 2012.4745, 331.4406,  1242.5420, 1884.7278, 369.6677,  0, 127, 0
L 1242.5420, 1884.7278, 369.6677,  1307.6984, 1840.7952, 339.2982,  0, 127, 0
L 1307.6984, 1840.7952, 339.2982,  1390.9391, 1918.7461, 320.0861,  0, 127, 0
L 1390.9391, 1918.7461, 320.0861,  1488.8224, 1931.4292, 402.1859,  0, 127, 0
L 1488.8224, 1931.4292, 402.1859,  1536.5402, 1847.3820, 370.5868,  0, 127, 0
L 1536.5402, 1847.3820, 370.5868,  1551.5564, 1775.7644, 341.6678,  0, 127, 0
L 1551.5564, 1775.7644, 341.6678,  1627.9828, 1694.5253, 323.5294,  0, 127, 0
L 1627.9828, 1694.5253, 323.5294,  1635.5453, 1593.6608, 327.5963,  0, 127, 0
L 1635.5453, 1593.6608, 327.5963,  1718.3870, 1507.5514, 343.6536,  0, 127, 0
L 1718.3870, 1507.5514, 343.6536,  1735.2820, 1452.4518, 352.9641,  0, 127, 0
L 1735.2820, 1452.4518, 352.9641,  1739.3269, 1307.5779, 374.6476,  0, 127, 0
L 1739.3269, 1307.5779, 374.6476,  1799.2925, 1237.7743, 380.3157,  0, 127, 0
L 1799.2925, 1237.7743, 380.3157,  1893.8455, 1317.3593, 333.8867,  0, 127, 0
L 1893.8455, 1317.3593, 333.8867,  2032.5374, 1312.9120, 323.7016,  0, 127, 0
L 2032.5374, 1312.9120, 323.7016,  2041.9362, 997.6287, 368.2616,  0, 127, 0
L 2041.9362, 997.6287, 368.2616,  2156.8621, 903.1049, 366.3011,  0, 127, 0
L 2156.8621, 903.1049, 366.3011,  2397.3567, 919.3602, 351.1402,  0, 127, 0
L 2397.3567, 919.3602, 351.1402,  2515.9666, 913.3270, 341.9211,  0, 127, 0
L 2515.9666, 913.3270, 341.9211,  2572.7698, 844.1003, 350.1718,  0, 127, 0
L 2572.7698, 844.1003, 350.1718,  2638.4661, 817.2922, 361.4661,  0, 127, 0
L 2638.4661, 817.2922, 361.4661,  2685.7449, 827.5914, 348.0781,  0, 127, 0
L 2685.7449, 827.5914, 348.0781,  2787.2322, 835.4465, 344.7915,  0, 127, 0
L 2787.2322, 835.4465, 344.7915,  2816.8433, 812.1019, 353.7273,  0, 127, 0
L 2816.8433, 812.1019, 353.7273,  2920.8953, 704.9807, 352.3352,  0, 127, 0
L 2920.8953, 704.9807, 352.3352,  2946.1548, 483.4782, 351.7780,  0, 127, 0
L 2946.1548, 483.4782, 351.7780,  3000.6575, 427.4490, 350.8520,  0, 127, 0
L 3000.6575, 427.4490, 350.8520,  3061.1265, 415.9445, 352.0197,  0, 127, 0
L 3061.1265, 415.9445, 352.0197,  3221.3091, 440.3067, 361.7963,  0, 127, 0
L 3221.3091, 440.3067, 361.7963,  3286.0623, 518.5911, 362.7543,  0, 127, 0
L 3286.0623, 518.5911, 362.7543,  3335.3240, 574.3113, 356.2313,  0, 127, 0
L 3335.3240, 574.3113, 356.2313,  3351.1729, 634.6614, 354.6805,  0, 127, 0
L 3351.1729, 634.6614, 354.6805,  3342.5110, 720.3348, 349.6148,  0, 127, 0
L 3342.5110, 720.3348, 349.6148,  3508.8826, 1231.7173, 451.9024,  0, 127, 0
L -3321.4336, 4355.7769, -46.6240,  -3320.3870, 4355.3813, -46.6240,  100, 50, 0
L -3320.3870, 4355.3813, -46.6240,  -3312.9324, 4358.7192, -46.6240,  100, 50, 0
L -3312.9324, 4358.7192, -46.6240,  -3309.9146, 4366.6792, -46.6240,  100, 50, 0
L -3309.9146, 4366.6792, -46.6240,  -3313.3838, 4374.2261, -46.6240,  100, 50, 0
L -3313.3838, 4374.2261, -46.6240,  -3321.1580, 4377.1226, -46.6240,  100, 50, 0
L -3321.1580, 4377.1226, -46.6240,  -3328.4983, 4373.8350, -46.6240,  100, 50, 0
L -3328.4983, 4373.8350, -46.6240,  -3331.6431, 4365.8604, -46.6240,  100, 50, 0
L -3331.6431, 4365.8604, -46.6240,  -3328.2837, 4358.3311, -46.6240,  100, 50, 0
L -3328.2837, 4358.3311, -46.6240,  -3326.9573, 4357.7607, -46.6240,  100, 50, 0
L -3358.0237, 4362.4375, -46.6240,  -3357.6045, 4363.5962, -46.6240,  100, 50, 0
L -3357.6045, 4363.5962, -46.6240,  -3360.7095, 4371.0918, -46.6240,  100, 50, 0
L -3360.7095, 4371.0918, -46.6240,  -3368.3279, 4374.2559, -46.6240,  100, 50, 0
L -3368.3279, 4374.2559, -46.6240,  -3375.9485, 4371.1636, -46.6240,  100, 50, 0
L -3375.9485, 4371.1636, -46.6240,  -3379.1160, 4363.4302, -46.6240,  100, 50, 0
L -3379.1160, 4363.4302, -46.6240,  -3376.1360, 4355.8569, -46.6240,  100, 50, 0
L -3376.1360, 4355.8569, -46.6240,  -3368.2874, 4352.6880, -46.6240,  100, 50, 0
L -3368.2874, 4352.6880, -46.6240,  -3360.6602, 4355.9502, -46.6240,  100, 50, 0
L -3360.6602, 4355.9502, -46.6240,  -3360.1575, 4357.1860, -46.6240,  100, 50, 0
L -3365.0010, 4335.4229, -46.6240,  -3364.1868, 4337.3687, -46.6240,  100, 50, 0
L -3364.1868, 4337.3687, -46.6240,  -3369.5442, 4350.0601, -46.6240,  100, 50, 0
L -3369.5442, 4350.0601, -46.6240,  -3382.3230, 4355.3311, -46.6240,  100, 50, 0
L -3382.3230, 4355.3311, -46.6240,  -3395.0674, 4350.1279, -46.6240,  100, 50, 0
L -3395.0674, 4350.1279, -46.6240,  -3400.5198, 4337.4756, -46.6240,  100, 50, 0
L -3400.5198, 4337.4756, -46.6240,  -3395.1702, 4324.4126, -46.6240,  100, 50, 0
L -3395.1702, 4324.4126, -46.6240,  -3382.3245, 4319.1714, -46.6240,  100, 50, 0
L -3382.3245, 4319.1714, -46.6240,  -3369.5022, 4324.5195, -46.6240,  100, 50, 0
L -3369.5022, 4324.5195, -46.6240,  -3368.5154, 4326.8667, -46.6240,  100, 50, 0
L -3367.7134, 4224.0142, -46.6240,  -3367.5303, 4225.9902, -46.6240,  100, 50, 0
L -3367.5303, 4225.9902, -46.6240,  -3376.2122, 4236.6001, -46.6240,  100, 50, 0
L -3376.2122, 4236.6001, -46.6240,  -3390.1021, 4237.9600, -46.6240,  100, 50, 0
L -3390.1021, 4237.9600, -46.6240,  -3400.9722, 4229.0396, -46.6240,  100, 50, 0
L -3400.9722, 4229.0396, -46.6240,  -3402.1404, 4215.2974, -46.6240,  100, 50, 0
L -3402.1404, 4215.2974, -46.6240,  -3393.1636, 4204.6733, -46.6240,  100, 50, 0
L -3393.1636, 4204.6733, -46.6240,  -3379.6155, 4203.3228, -46.6240,  100, 50, 0
L -3379.6155, 4203.3228, -46.6240,  -3368.8865, 4212.1851, -46.6240,  100, 50, 0
L -3368.8865, 4212.1851, -46.6240,  -3368.5823, 4214.5854, -46.6240,  100, 50, 0
L -3374.7786, 4193.0840, -46.6240,  -3374.6917, 4194.2798, -46.6240,  100, 50, 0
L -3374.6917, 4194.2798, -46.6240,  -3380.0171, 4200.5103, -46.6240,  100, 50, 0
L -3380.0171, 4200.5103, -46.6240,  -3388.1233, 4201.2378, -46.6240,  100, 50, 0
L -3388.1233, 4201.2378, -46.6240,  -3394.5237, 4195.8477, -46.6240,  100, 50, 0
L -3394.5237, 4195.8477, -46.6240,  -3395.1736, 4187.7061, -46.6240,  100, 50, 0
L -3395.1736, 4187.7061, -46.6240,  -3389.8997, 4181.4263, -46.6240,  100, 50, 0
L -3389.8997, 4181.4263, -46.6240,  -3381.6714, 4180.7300, -46.6240,  100, 50, 0
L -3381.6714, 4180.7300, -46.6240,  -3375.3938, 4186.0181, -46.6240,  100, 50, 0
L -3375.3938, 4186.0181, -46.6240,  -3375.2598, 4187.4067, -46.6240,  100, 50, 0
L -3335.9385, 4133.1006, -46.6240,  -3337.0596, 4134.8921, -46.6240,  100, 50, 0
L -3337.0596, 4134.8921, -46.6240,  -3350.3877, 4138.5176, -46.6240,  100, 50, 0
L -3350.3877, 4138.5176, -46.6240,  -3362.3777, 4131.7437, -46.6240,  100, 50, 0
L -3362.3777, 4131.7437, -46.6240,  -3366.1028, 4118.3984, -46.6240,  100, 50, 0
L -3366.1028, 4118.3984, -46.6240,  -3359.3047, 4106.3267, -46.6240,  100, 50, 0
L -3359.3047, 4106.3267, -46.6240,  -3345.5745, 4102.7476, -46.6240,  100, 50, 0
L -3345.5745, 4102.7476, -46.6240,  -3333.8721, 4109.4448, -46.6240,  100, 50, 0
L -3333.8721, 4109.4448, -46.6240,  -3330.4446, 4123.2974, -46.6240,  100, 50, 0
L -3330.4446, 4123.2974, -46.6240,  -3331.4209, 4125.0811, -46.6240,  100, 50, 0
L -3295.5352, 4124.7969, -46.6240,  -3296.6204, 4124.2563, -46.6240,  100, 50, 0
L -3296.6204, 4124.2563, -46.6240,  -3299.3655, 4116.4761, -46.6240,  100, 50, 0
L -3299.3655, 4116.4761, -46.6240,  -3295.7002, 4109.0596, -46.6240,  100, 50, 0
L -3295.7002, 4109.0596, -46.6240,  -3288.0984, 4106.3447, -46.6240,  100, 50, 0
L -3288.0984, 4106.3447, -46.6240,  -3280.6238, 4109.9761, -46.6240,  100, 50, 0
L -3280.6238, 4109.9761, -46.6240,  -3277.9163, 4117.7275, -46.6240,  100, 50, 0
L -3277.9163, 4117.7275, -46.6240,  -3281.4207, 4125.0513, -46.6240,  100, 50, 0
L -3281.4207, 4125.0513, -46.6240,  -3289.1309, 4127.8013, -46.6240,  100, 50, 0
L -3289.1309, 4127.8013, -46.6240,  -3290.7029, 4127.2051, -46.6240,  100, 50, 0
L -2426.8257, 4024.7305, -46.6240,  -2426.7881, 4026.8677, -46.6240,  100, 50, 0
L -2426.7881, 4026.8677, -46.6240,  -2435.8477, 4037.2439, -46.6240,  100, 50, 0
L -2435.8477, 4037.2439, -46.6240,  -2449.8948, 4038.0730, -46.6240,  100, 50, 0
L -2449.8948, 4038.0730, -46.6240,  -2460.1719, 4028.8079, -46.6258,  100, 50, 0
L -2460.1719, 4028.8079, -46.6258,  -2460.9800, 4014.8921, -46.6240,  100, 50, 0
L -2460.9800, 4014.8921, -46.6240,  -2451.7886, 4004.6111, -46.6240,  100, 50, 0
L -2451.7886, 4004.6111, -46.6240,  -2451.7886, 4004.6111, -46.6240,  100, 50, 0
L -2451.7886, 4004.6111, -46.6240,  -2437.8909, 4003.8416, -46.6240,  100, 50, 0
L -2437.8909, 4003.8416, -46.6240,  -2427.6414, 4012.9844, -46.6240,  100, 50, 0
L -2427.6414, 4012.9844, -46.6240,  -2427.2886, 4015.7417, -46.6240,  100, 50, 0
L -2376.9568, 4010.4126, -48.2443,  -2377.7393, 4008.6226, -48.1462,  100, 50, 0
L -2377.7393, 4008.6226, -48.1462,  -2373.3125, 3995.5906, -47.4320,  100, 50, 0
L -2373.3125, 3995.5906, -47.4320,  -2361.1343, 3989.4092, -47.0932,  100, 50, 0
L -2361.1343, 3989.4092, -47.0932,  -2348.1150, 3993.4756, -47.3161,  100, 50, 0
L -2348.1150, 3993.4756, -47.3161,  -2341.6875, 4005.4246, -47.9709,  100, 50, 0
L -2341.6875, 4005.4246, -47.9709,  -2345.5889, 4018.8555, -48.7070,  100, 50, 0
L -2345.5889, 4018.8555, -48.7070,  -2358.1990, 4025.5518, -49.0740,  100, 50, 0
L -2358.1990, 4025.5518, -49.0740,  -2371.4756, 4021.1663, -48.6306,  100, 50, 0
L -2371.4756, 4021.1663, -48.6306,  -2372.8667, 4018.7261, -48.5544,  100, 50, 0
L -2394.4434, 4042.6824, -47.3719,  -2393.2781, 4042.7554, -47.4357,  100, 50, 0
L -2393.2781, 4042.7554, -47.4357,  -2387.7544, 4048.9280, -47.7385,  100, 50, 0
L -2387.7544, 4048.9280, -47.7385,  -2388.2747, 4057.2117, -47.7100,  100, 50, 0
L -2388.2747, 4057.2117, -47.7100,  -2394.4673, 4062.6204, -47.3705,  100, 50, 0
L -2394.4673, 4062.6204, -47.3705,  -2402.6780, 4062.0503, -46.9206,  100, 50, 0
L -2402.6780, 4062.0503, -46.9206,  -2408.0901, 4055.8516, -46.6240,  100, 50, 0
L -2408.0901, 4055.8516, -46.6240,  -2407.5481, 4047.7642, -46.6537,  100, 50, 0
L -2407.5481, 4047.7642, -46.6537,  -2401.5220, 4042.3318, -46.9839,  100, 50, 0
L -2401.5220, 4042.3318, -46.9839,  -2400.0142, 4042.3716, -47.0666,  100, 50, 0
L -1135.0448, 4795.6777, -46.6240,  -1134.2078, 4793.5781, -46.6240,  100, 50, 0
L -1134.2078, 4793.5781, -46.6240,  -1122.4069, 4786.4336, -46.6240,  100, 50, 0
L -1122.4069, 4786.4336, -46.6240,  -1109.0508, 4789.6973, -46.6240,  100, 50, 0
L -1109.0508, 4789.6973, -46.6240,  -1101.8999, 4801.3433, -46.6240,  100, 50, 0
L -1101.8999, 4801.3433, -46.6240,  -1104.9966, 4814.8262, -46.6240,  100, 50, 0
L -1104.9966, 4814.8262, -46.6240,  -1116.9788, 4822.2017, -46.6240,  100, 50, 0
L -1116.9788, 4822.2017, -46.6240,  -1130.2415, 4819.0239, -46.6240,  100, 50, 0
L -1130.2415, 4819.0239, -46.6240,  -1137.6099, 4807.2085, -46.6240,  100, 50, 0
L -1137.6099, 4807.2085, -46.6240,  -1137.1005, 4804.5342, -46.6240,  100, 50, 0
L -1162.6559, 4854.5923, -46.6240,  -1161.4889, 4854.6768, -46.6240,  100, 50, 0
L -1161.4889, 4854.6768, -46.6240,  -1156.0315, 4860.8223, -46.6240,  100, 50, 0
L -1156.0315, 4860.8223, -46.6240,  -1156.5353, 4869.0903, -46.6240,  100, 50, 0
L -1156.5353, 4869.0903, -46.6240,  -1162.7118, 4874.5015, -46.6240,  100, 50, 0
L -1162.7118, 4874.5015, -46.6240,  -1170.8804, 4874.0059, -46.6240,  100, 50, 0
L -1170.8804, 4874.0059, -46.6240,  -1176.3484, 4867.8311, -46.6240,  100, 50, 0
L -1176.3484, 4867.8311, -46.6240,  -1175.8733, 4859.6553, -46.6240,  100, 50, 0
L -1175.8733, 4859.6553, -46.6240,  -1169.6665, 4854.1802, -46.6240,  100, 50, 0
L -1169.6665, 4854.1802, -46.6240,  -1167.9889, 4854.1309, -46.6240,  100, 50, 0
L -1196.4667, 4805.2310, -46.6240,  -1196.3749, 4807.1519, -46.6240,  100, 50, 0
L -1196.3749, 4807.1519, -46.6240,  -1205.8755, 4817.2012, -46.6240,  100, 50, 0
L -1205.8755, 4817.2012, -46.6240,  -1219.7676, 4817.5645, -46.6240,  100, 50, 0
L -1219.7676, 4817.5645, -46.6240,  -1229.9922, 4807.9233, -46.6240,  100, 50, 0
L -1229.9922, 4807.9233, -46.6240,  -1230.2205, 4794.1060, -46.6240,  100, 50, 0
L -1230.2205, 4794.1060, -46.6240,  -1220.8219, 4784.2729, -46.6240,  100, 50, 0
L -1220.8219, 4784.2729, -46.6240,  -1207.4148, 4783.7646, -46.6240,  100, 50, 0
L -1207.4148, 4783.7646, -46.6240,  -1196.8798, 4793.1729, -46.6240,  100, 50, 0
L -1196.8798, 4793.1729, -46.6240,  -1196.6139, 4795.6846, -46.6240,  100, 50, 0
L 3419.8704, 4435.3311, -188.6798,  3421.0352, 4435.9351, -188.5100,  100, 50, 0
L 3421.0352, 4435.9351, -188.5100,  3424.0276, 4443.4810, -187.8456,  100, 50, 0
L 3424.0276, 4443.4810, -187.8456,  3420.9292, 4450.9146, -187.9523,  100, 50, 0
L 3420.9292, 4450.9146, -187.9523,  3413.6631, 4454.0479, -188.7480,  100, 50, 0
L 3413.6631, 4454.0479, -188.7480,  3406.1438, 4451.1304, -189.8061,  100, 50, 0
L 3406.1438, 4451.1304, -189.8061,  3402.7681, 4443.5938, -190.5186,  100, 50, 0
L 3402.7681, 4443.5938, -190.5186,  3405.7747, 4435.7925, -190.4374,  100, 50, 0
L 3405.7747, 4435.7925, -190.4374,  3413.3904, 4432.6270, -189.5990,  100, 50, 0
L 3413.3904, 4432.6270, -189.5990,  3415.0518, 4433.1172, -189.3710,  100, 50, 0
L 3398.9512, 4424.0137, -191.7458,  3398.4373, 4426.0859, -191.7315,  100, 50, 0
L 3398.4373, 4426.0859, -191.7315,  3387.5430, 4433.7393, -192.9772,  100, 50, 0
L 3387.5430, 4433.7393, -192.9772,  3374.3157, 4431.6421, -195.2273,  100, 50, 0
L 3374.3157, 4431.6421, -195.2273,  3366.3589, 4420.3691, -196.9624,  100, 50, 0
L 3366.3589, 4420.3691, -196.9624,  3368.8267, 4406.6777, -197.0795,  100, 50, 0
L 3368.8267, 4406.6777, -197.0795,  3380.2593, 4398.9072, -195.5001,  100, 50, 0
L 3380.2593, 4398.9072, -195.5001,  3393.5811, 4401.6797, -193.2736,  100, 50, 0
L 3393.5811, 4401.6797, -193.2736,  3400.9893, 4412.8560, -191.9145,  100, 50, 0
L 3400.9893, 4412.8560, -191.9145,  3400.6277, 4415.4517, -191.8611,  100, 50, 0
L 2714.1331, 649.7001, 357.8814,  2714.7227, 650.9189, 357.8369,  100, 50, 0
L 2714.7227, 650.9189, 357.8369,  2712.7649, 658.9454, 357.5174,  100, 50, 0
L 2712.7649, 658.9454, 357.5174,  2705.7161, 663.2126, 357.3206,  100, 50, 0
L 2705.7161, 663.2126, 357.3206,  2697.6719, 661.1716, 357.3654,  100, 50, 0
L 2697.6719, 661.1716, 357.3654,  2693.4690, 654.0674, 357.6314,  100, 50, 0
L 2693.4690, 654.0674, 357.6314,  2695.4529, 646.2814, 357.9421,  100, 50, 0
L 2695.4529, 646.2814, 357.9421,  2702.5767, 641.9200, 358.1352,  100, 50, 0
L 2702.5767, 641.9200, 358.1352,  2710.4690, 643.8990, 358.0896,  100, 50, 0
L 2710.4690, 643.8990, 358.0896,  2711.2322, 645.0978, 358.0466,  100, 50, 0
L 2714.1797, 649.9803, 357.8708,  2714.7378, 650.9397, 357.8361,  100, 50, 0
L 2714.7378, 650.9397, 357.8361,  2712.7654, 658.9719, 357.5163,  100, 50, 0
L 2712.7654, 658.9719, 357.5163,  2705.7017, 663.1891, 357.3214,  100, 50, 0
L 2705.7017, 663.1891, 357.3214,  2697.6851, 661.1857, 357.3649,  100, 50, 0
L 2697.6851, 661.1857, 357.3649,  2693.4595, 654.0554, 357.6319,  100, 50, 0
L 2693.4595, 654.0554, 357.6319,  2693.4595, 654.0554, 357.6319,  100, 50, 0
L 2721.0303, 615.5282, 359.2315,  2719.6360, 617.0116, 359.1694,  100, 50, 0
L 2719.6360, 617.0116, 359.1694,  2705.9102, 617.5989, 359.0980,  100, 50, 0
L 2705.9102, 617.5989, 359.0980,  2695.6956, 608.1568, 359.4389,  100, 50, 0
L 2695.6956, 608.1568, 359.4389,  2695.1531, 594.5502, 359.9715,  100, 50, 0
L 2695.1531, 594.5502, 359.9715,  2704.4114, 584.5237, 360.3691,  100, 50, 0
L 2704.4114, 584.5237, 360.3691,  2717.9114, 583.8288, 360.3948,  100, 50, 0
L 2717.9114, 583.8288, 360.3948,  2728.1150, 592.9123, 360.0650,  100, 50, 0
L 2728.1150, 592.9123, 360.0650,  2729.0149, 606.5455, 359.5367,  100, 50, 0
L 2729.0149, 606.5455, 359.5367,  2727.3704, 608.7458, 359.4622,  100, 50, 0
L 933.1000, -3732.7488, 1168.3759,  933.2112, -3731.5403, 1168.3759,  100, 50, 0
L 933.2112, -3731.5403, 1168.3759,  928.4727, -3724.8987, 1168.3759,  100, 50, 0
L 928.4727, -3724.8987, 1168.3759,  920.2845, -3723.5867, 1168.3759,  100, 50, 0
L 920.2845, -3723.5867, 1168.3759,  913.6343, -3728.3577, 1168.3759,  100, 50, 0
L 913.6343, -3728.3577, 1168.3759,  912.3071, -3736.5132, 1168.3759,  100, 50, 0
L 912.3071, -3736.5132, 1168.3759,  917.0906, -3743.1680, 1168.3759,  100, 50, 0
L 917.0906, -3743.1680, 1168.3759,  925.2256, -3744.4954, 1168.3759,  100, 50, 0
L 925.2256, -3744.4954, 1168.3759,  931.9489, -3739.6575, 1168.3759,  100, 50, 0
L 931.9489, -3739.6575, 1168.3759,  932.2264, -3738.2593, 1168.3759,  100, 50, 0
L 944.1403, -3772.3357, 1168.3759,  943.0270, -3772.2498, 1168.3760,  100, 50, 0
L 943.0270, -3772.2498, 1168.3760,  936.6837, -3777.4419, 1168.3760,  100, 50, 0
L 936.6837, -3777.4419, 1168.3760,  935.8654, -3785.6343, 1168.3759,  100, 50, 0
L 935.8654, -3785.6343, 1168.3759,  941.0745, -3791.9905, 1168.3759,  100, 50, 0
L 941.0745, -3791.9905, 1168.3759,  949.3138, -3792.8018, 1168.3759,  100, 50, 0
L 949.3138, -3792.8018, 1168.3759,  955.6147, -3787.6570, 1168.3760,  100, 50, 0
L 955.6147, -3787.6570, 1168.3760,  956.4277, -3779.3689, 1168.3759,  100, 50, 0
L 956.4277, -3779.3689, 1168.3759,  951.3375, -3773.0691, 1168.3759,  100, 50, 0
L 951.3375, -3773.0691, 1168.3759,  949.7911, -3772.8760, 1168.3759,  100, 50, 0
L 972.2087, -3771.3506, 1168.3759,  970.0831, -3771.1587, 1168.3759,  100, 50, 0
L 970.0831, -3771.1587, 1168.3759,  959.3266, -3779.8987, 1168.3759,  100, 50, 0
L 959.3266, -3779.8987, 1168.3759,  958.0764, -3793.7256, 1168.3759,  100, 50, 0
L 958.0764, -3793.7256, 1168.3759,  966.6501, -3804.4041, 1168.3759,  100, 50, 0
L 966.6501, -3804.4041, 1168.3759,  980.5912, -3805.8191, 1168.3760,  100, 50, 0
L 980.5912, -3805.8191, 1168.3760,  991.3340, -3796.9988, 1168.3760,  100, 50, 0
L 991.3340, -3796.9988, 1168.3760,  992.7604, -3783.0254, 1168.3759,  100, 50, 0
L 992.7604, -3783.0254, 1168.3759,  983.8797, -3772.4712, 1168.3759,  100, 50, 0
L 983.8797, -3772.4712, 1168.3759,  981.4327, -3772.2786, 1168.3759,  100, 50, 0
L 1003.0396, -3778.2051, 1168.3760,  1001.9023, -3778.1072, 1168.3759,  100, 50, 0
L 1001.9023, -3778.1072, 1168.3759,  995.6957, -3783.1436, 1168.3760,  100, 50, 0
L 995.6957, -3783.1436, 1168.3760,  994.7560, -3791.5347, 1168.3759,  100, 50, 0
L 994.7560, -3791.5347, 1168.3759,  999.9857, -3797.8638, 1168.3759,  100, 50, 0
L 999.9857, -3797.8638, 1168.3759,  1008.1769, -3798.6558, 1168.3759,  100, 50, 0
L 1008.1769, -3798.6558, 1168.3759,  1014.4943, -3793.5015, 1168.3759,  100, 50, 0
L 1014.4943, -3793.5015, 1168.3759,  1015.3275, -3785.2903, 1168.3759,  100, 50, 0
L 1015.3275, -3785.2903, 1168.3759,  1010.1622, -3778.9202, 1168.3759,  100, 50, 0
L 1010.1622, -3778.9202, 1168.3759,  1008.6635, -3778.7183, 1168.3759,  100, 50, 0
L 1025.6431, -3751.1541, 1168.3759,  1025.7018, -3752.3611, 1168.3759,  100, 50, 0
L 1025.7018, -3752.3611, 1168.3759,  1031.6364, -3757.9976, 1168.3759,  100, 50, 0
L 1031.6364, -3757.9976, 1168.3759,  1039.8384, -3757.8235, 1168.3759,  100, 50, 0
L 1039.8384, -3757.8235, 1168.3759,  1045.6206, -3751.7476, 1168.3759,  100, 50, 0
L 1045.6206, -3751.7476, 1168.3759,  1045.3257, -3743.5601, 1168.3759,  100, 50, 0
L 1045.3257, -3743.5601, 1168.3759,  1039.4120, -3737.9639, 1168.3759,  100, 50, 0
L 1039.4120, -3737.9639, 1168.3759,  1031.2306, -3738.0955, 1168.3759,  100, 50, 0
L 1031.2306, -3738.0955, 1168.3759,  1025.4982, -3744.1055, 1168.3759,  100, 50, 0
L 1025.4982, -3744.1055, 1168.3759,  1025.4944, -3745.6641, 1168.3759,  100, 50, 0
L -3034.9607, -3779.7942, 1190.2510,  -3036.0552, -3777.9031, 1190.2510,  100, 50, 0
L -3036.0552, -3777.9031, 1190.2510,  -3049.4834, -3774.2598, 1190.2510,  100, 50, 0
L -3049.4834, -3774.2598, 1190.2510,  -3061.6016, -3781.1985, 1190.2510,  100, 50, 0
L -3061.6016, -3781.1985, 1190.2510,  -3065.1692, -3794.3672, 1190.2510,  100, 50, 0
L -3065.1692, -3794.3672, 1190.2510,  -3058.3499, -3806.4678, 1190.2509,  100, 50, 0
L -3058.3499, -3806.4678, 1190.2509,  -3044.9058, -3810.1836, 1190.2509,  100, 50, 0
L -3044.9058, -3810.1836, 1190.2509,  -3032.8179, -3803.4268, 1190.2509,  100, 50, 0
L -3032.8179, -3803.4268, 1190.2509,  -3029.2217, -3789.9644, 1190.2509,  100, 50, 0
L -3029.2217, -3789.9644, 1190.2509,  -3030.4397, -3787.8545, 1190.2509,  100, 50, 0
L -2986.9319, -3782.7012, 1190.2509,  -2987.9556, -3783.2046, 1190.2509,  100, 50, 0
L -2987.9556, -3783.2046, 1190.2509,  -2990.6963, -3790.9163, 1190.2509,  100, 50, 0
L -2990.6963, -3790.9163, 1190.2509,  -2987.2007, -3798.2935, 1190.2483,  100, 50, 0
L -2987.2007, -3798.2935, 1190.2483,  -2979.4822, -3801.2642, 1189.0823,  100, 50, 0
L -2979.4822, -3801.2642, 1189.0823,  -2971.8755, -3797.7471, 1188.6359,  100, 50, 0
L -2971.8755, -3797.7471, 1188.6359,  -2969.1875, -3789.7549, 1189.2140,  100, 50, 0
L -2969.1875, -3789.7549, 1189.2140,  -2972.6797, -3782.7720, 1190.2509,  100, 50, 0
L -2972.6797, -3782.7720, 1190.2509,  -2980.5154, -3779.6851, 1190.2509,  100, 50, 0
L -2980.5154, -3779.6851, 1190.2509,  -2981.8748, -3780.2710, 1190.2509,  100, 50, 0
L -2961.9695, -3750.9998, 1190.2510,  -2960.8025, -3752.7771, 1190.2510,  100, 50, 0
L -2960.8025, -3752.7771, 1190.2510,  -2947.6187, -3756.8228, 1190.2509,  100, 50, 0
L -2947.6187, -3756.8228, 1190.2509,  -2935.2764, -3750.2146, 1189.8267,  100, 50, 0
L -2935.2764, -3750.2146, 1189.8267,  -2931.4146, -3736.8870, 1190.2510,  100, 50, 0
L -2931.4146, -3736.8870, 1190.2510,  -2937.9302, -3724.6973, 1190.2510,  100, 50, 0
L -2937.9302, -3724.6973, 1190.2510,  -2951.1475, -3720.6504, 1190.2510,  100, 50, 0
L -2951.1475, -3720.6504, 1190.2510,  -2963.3726, -3727.1624, 1190.2510,  100, 50, 0
L -2963.3726, -3727.1624, 1190.2510,  -2967.4817, -3740.2908, 1190.2510,  100, 50, 0
L -2967.4817, -3740.2908, 1190.2510,  -2966.2439, -3742.8953, 1190.2510,  100, 50, 0
L 671.5353, -1403.3899, 1025.5680,  676.7204, -1399.6244, 1025.5630,  100, 50, 0
L 676.7204, -1399.6244, 1025.5562,  683.1530, -1399.6249, 1025.5508,  100, 50, 0
L 683.1530, -1399.6249, 1025.5458,  688.5970, -1403.5718, 1025.5441,  100, 50, 0
L 690.5305, -1409.5751, 1025.5359,  688.4568, -1415.6891, 1025.5381,  100, 50, 0
L 683.4153, -1419.3749, 1025.5442,  688.4568, -1415.6891, 1025.5403,  100, 50, 0
L 671.5353, -1403.3899, 1025.5730,  669.5524, -1409.4994, 1025.5740,  100, 50, 0
L 669.5524, -1409.4994, 1025.5730,  671.5338, -1415.6066, 1025.5713,  100, 50, 0
L 671.5338, -1415.6066, 1025.5690,  676.7310, -1419.3749, 1025.5641,  100, 50, 0
L 676.7310, -1419.3749, 1026.4823,  683.4153, -1419.3749, 1026.4778,  100, 50, 0
L 690.5305, -1409.5751, 1025.5358,  688.5970, -1403.5718, 1025.5370,  100, 50, 0
L 682.5278, -1180.3787, 1025.5033,  683.4741, -1320.3069, 1025.5663,  100, 50, 0
L 683.4741, -1320.3069, 1025.5663,  688.3553, -1323.9081, 1025.5718,  100, 50, 0
L 688.3553, -1323.9081, 1025.5695,  690.3318, -1330.0000, 1025.5652,  100, 50, 0
L 690.3318, -1330.0000, 1025.5635,  688.3530, -1336.0978, 1025.5645,  100, 50, 0
L 688.3530, -1336.0978, 1025.5685,  683.1639, -1339.8749, 1025.5708,  100, 50, 0
L 683.1639, -1339.8749, 1025.5862,  676.7220, -1339.8748, 1025.5923,  100, 50, 0
L 676.7220, -1339.8748, 1025.5979,  671.5245, -1336.1067, 1025.6017,  100, 50, 0
L 671.5245, -1336.1067, 1025.5972,  669.5430, -1329.9999, 1025.5933,  100, 50, 0
L 669.5430, -1329.9999, 1025.5857,  671.5246, -1323.8926, 1025.5779,  100, 50, 0
L 671.5246, -1323.8926, 1025.5724,  676.5001, -1320.2776, 1025.5662,  100, 50, 0
L 676.5001, -1320.2776, 1025.5662,  676.5068, -1311.0121, 1025.4937,  100, 50, 0
L 682.5278, -1180.3787, 1023.7711,  688.4200, -1176.1071, 1023.7543,  100, 50, 0
L 688.4200, -1176.1071, 1023.7303,  690.4016, -1169.9999, 1023.7156,  100, 50, 0
L 690.4016, -1169.9999, 1023.7087,  688.4109, -1163.8649, 1023.6974,  100, 50, 0
L 688.4109, -1163.8649, 1023.6934,  683.1750, -1160.1249, 1023.6921,  100, 50, 0
L 683.1750, -1160.1249, 1023.6941,  676.7833, -1160.1249, 1023.6993,  100, 50, 0
L 676.7833, -1160.1249, 1023.7159,  671.8425, -1163.7300, 1023.7278,  100, 50, 0
L 671.8425, -1163.7300, 1023.7278,  520.3170, -1139.6654, 1023.0894,  100, 50, 0
L 520.3170, -1139.6654, 1023.0894,  518.3201, -1133.5110, 1022.9547,  100, 50, 0
L 518.3201, -1133.5110, 1022.8423,  512.5500, -1130.1249, 1022.7104,  100, 50, 0
L 512.5500, -1130.1249, 1022.6232,  506.7845, -1130.1249, 1022.5638,  100, 50, 0
L 506.7845, -1130.1249, 1022.5174,  501.5949, -1133.8871, 1022.4922,  100, 50, 0
L 501.5949, -1133.8871, 1022.4706,  499.7224, -1139.6592, 1022.5045,  100, 50, 0
L 499.7224, -1139.6592, 1022.5045,  318.4107, -1163.7051, 1023.8152,  100, 50, 0
L 318.4107, -1163.7051, 1023.8152,  313.1881, -1160.1248, 1023.9327,  100, 50, 0
L 313.1881, -1160.1248, 1023.9868,  306.7718, -1160.1248, 1024.0209,  100, 50, 0
L 306.7718, -1160.1248, 1024.0380,  301.5953, -1163.8931, 1024.0396,  100, 50, 0
L 301.5953, -1163.8931, 1024.0011,  299.6136, -1169.9999, 1023.9814,  100, 50, 0
L 299.6136, -1169.9999, 1023.9249,  301.5952, -1176.1067, 1023.8906,  100, 50, 0
L 301.5952, -1176.1067, 1023.7977,  306.5605, -1179.7068, 1023.7184,  100, 50, 0
L 306.5605, -1179.7068, 1023.7184,  323.7326, -1301.8163, 1024.0900,  100, 50, 0
L 323.7326, -1301.8163, 1024.0900,  320.1250, -1306.7926, 1024.1321,  100, 50, 0
L 320.1250, -1306.7926, 1024.1642,  320.1248, -1313.2228, 1024.2217,  100, 50, 0
L 320.1248, -1313.2228, 1024.2775,  324.2675, -1318.9369, 1024.3152,  100, 50, 0
L 324.2675, -1318.9369, 1024.9900,  329.3377, -1320.5822, 1025.0094,  100, 50, 0
L 329.3377, -1320.5822, 1025.0094,  343.3014, -1401.7328, 1025.4447,  100, 50, 0
L 343.3014, -1401.7328, 1025.4447,  339.7499, -1406.6731, 1025.4502,  100, 50, 0
L 339.7499, -1406.6731, 1025.4600,  339.7499, -1413.3457, 1025.4722,  100, 50, 0
L 339.7499, -1413.3457, 1025.4939,  343.6609, -1418.7405, 1025.5049,  100, 50, 0
L 343.6609, -1418.7405, 1026.0912,  350.0013, -1420.8008, 1026.3678,  100, 50, 0
L 355.7245, -1418.9401, 1026.6764,  350.0013, -1420.8008, 1027.8080,  100, 50, 0
L 357.2024, -1416.9047, 1024.9126,  357.2024, -1416.9047, 1024.9126,  100, 50, 0
L 360.3205, -1412.6010, 1024.9080,  355.7245, -1418.9401, 1024.9104,  100, 50, 0
L 360.3205, -1412.6010, 1024.8936,  359.2830, -1405.9672, 1024.8788,  100, 50, 0
L 359.2830, -1405.9672, 1024.8738,  356.1093, -1401.5966, 1024.8599,  100, 50, 0
L 356.1093, -1401.5966, 1024.8373,  350.2999, -1399.7217, 1024.8302,  100, 50, 0
L 350.2999, -1399.7217, 1024.8302,  336.2713, -1318.1934, 1024.3805,  100, 50, 0
L 336.2713, -1318.1934, 1024.3805,  339.8749, -1313.2145, 1024.3252,  100, 50, 0
L 339.8749, -1313.2145, 1024.2953,  339.8750, -1306.7831, 1024.2448,  100, 50, 0
L 339.8750, -1306.7831, 1024.1935,  336.1125, -1301.5984, 1024.1543,  100, 50, 0
L 336.1125, -1301.5984, 1024.1088,  330.3152, -1299.7234, 1024.0796,  100, 50, 0
L 330.3152, -1299.7234, 1024.0796,  313.6944, -1180.0751, 1023.6107,  100, 50, 0
L 313.6944, -1180.0751, 1023.6107,  318.6242, -1175.7217, 1023.6125,  100, 50, 0
L 318.6242, -1175.7217, 1023.6339,  320.5972, -1170.4330, 1023.6750,  100, 50, 0
L 320.5972, -1170.4330, 1023.6750,  501.7375, -1146.2765, 1022.6750,  100, 50, 0
L 501.7375, -1146.2765, 1022.6750,  506.8296, -1149.8749, 1022.8154,  100, 50, 0
L 512.4460, -1149.8748, 1022.9847,  506.8296, -1149.8749, 1022.9061,  100, 50, 0
L 512.4460, -1149.8748, 1023.0953,  518.2902, -1146.6642, 1023.7642,  100, 50, 0
L 518.2902, -1146.6642, 1023.7642,  669.4365, -1170.6686, 1024.3866,  100, 50, 0
L 669.4365, -1170.6686, 1024.3866,  671.2759, -1176.3385, 1024.3960,  100, 50, 0
L 671.2759, -1176.3385, 1024.4081,  676.1642, -1179.8816, 1024.4126,  100, 50, 0
L 676.1642, -1179.8816, 1024.4126,  676.5068, -1311.0121, 1025.4323,  100, 50, 0
L 396.3549, -1401.2813, 1024.8145,  410.3311, -1320.2776, 1024.7483,  100, 50, 0
L 410.3311, -1320.2776, 1024.7483,  416.1065, -1318.4037, 1024.7748,  100, 50, 0
L 414.8976, -1318.7959, 1024.7748,  414.8976, -1318.7959, 1024.7748,  100, 50, 0
L 416.1065, -1318.4037, 1024.7344,  419.8750, -1313.2063, 1024.7196,  100, 50, 0
L 419.8750, -1313.2063, 1024.6663,  419.8750, -1306.7760, 1024.6150,  100, 50, 0
L 419.8750, -1306.7760, 1024.5752,  416.1070, -1301.5790, 1024.5127,  100, 50, 0
L 416.1070, -1301.5790, 1024.4551,  409.9801, -1299.5907, 1024.4098,  100, 50, 0
L 409.9801, -1299.5907, 1024.3969,  403.9635, -1301.2477, 1024.3899,  100, 50, 0
L 403.9635, -1301.2477, 1024.4065,  400.1250, -1306.5779, 1024.4186,  100, 50, 0
L 400.1250, -1306.5779, 1024.4988,  400.1250, -1313.2211, 1024.5498,  100, 50, 0
L 400.1250, -1313.2211, 1024.6062,  403.6171, -1318.0248, 1024.6697,  100, 50, 0
L 403.6171, -1318.0248, 1024.6697,  389.4996, -1399.6244, 1024.9131,  100, 50, 0
L 389.4996, -1399.6244, 1024.9131,  383.8358, -1401.3595, 1024.9146,  100, 50, 0
L 383.8358, -1401.3595, 1024.9219,  379.8342, -1406.9585, 1024.9252,  100, 50, 0
L 379.8342, -1406.9585, 1024.9412,  380.0313, -1412.8589, 1024.9485,  100, 50, 0
L 380.0313, -1412.8589, 1024.9646,  383.6405, -1418.7317, 1024.9684,  100, 50, 0
L 396.3549, -1401.2813, 1025.5962,  400.2500, -1406.6532, 1025.6210,  100, 50, 0
L 400.2500, -1406.6532, 1025.6421,  400.2500, -1413.3274, 1025.6592,  100, 50, 0
L 400.2500, -1413.3274, 1025.6620,  396.3389, -1418.7222, 1025.6576,  100, 50, 0
L 396.3389, -1418.7222, 1026.0746,  390.0003, -1420.7754, 1027.6239,  100, 50, 0
L 390.0003, -1420.7754, 1028.3434,  383.6405, -1418.7317, 1027.4585,  100, 50, 0
L 609.9592, -1284.5221, 1024.5645,  662.5989, -1242.3921, 1024.3457,  100, 50, 0
L 662.5989, -1242.3921, 1024.1769,  612.1404, -1179.3467, 1024.0215,  100, 50, 0
L 612.1404, -1179.3467, 1024.1790,  559.5002, -1221.4772, 1024.0265,  100, 50, 0
L 559.5002, -1221.4772, 1024.2610,  581.8406, -1249.3882, 1024.5326,  100, 50, 0
L 587.6199, -1256.6104, 1024.7295,  609.9592, -1284.5221, 1024.8429,  100, 50, 0
L 581.8406, -1249.3882, 1025.4983,  584.3788, -1247.3567, 1025.4983,  100, 50, 0
L 590.1581, -1254.5796, 1025.4983,  587.6199, -1256.6104, 1025.4983,  100, 50, 0
L 584.3788, -1247.3567, 1024.9983,  563.7576, -1221.5933, 1024.9983,  100, 50, 0
L 563.7576, -1221.5933, 1024.9983,  611.3218, -1183.5260, 1024.9983,  100, 50, 0
L 611.3218, -1183.5260, 1024.9983,  658.3417, -1242.2764, 1024.9983,  100, 50, 0
L 658.3417, -1242.2764, 1024.9983,  610.7783, -1280.3438, 1024.9983,  100, 50, 0
L 610.7783, -1280.3438, 1024.9983,  590.1581, -1254.5796, 1024.9983,  100, 50, 0
L 556.0812, -1338.8080, 1025.5376,  520.3306, -1338.8080, 1025.5132,  100, 50, 0
L 520.3306, -1338.8080, 1025.5686,  520.3309, -1406.2310, 1025.6548,  100, 50, 0
L 520.3309, -1406.2310, 1025.6653,  601.0817, -1406.2306, 1025.7002,  100, 50, 0
L 601.0817, -1406.2306, 1025.6841,  601.0822, -1338.8080, 1025.6005,  100, 50, 0
L 601.0822, -1338.8080, 1025.5951,  565.3314, -1338.8080, 1025.5918,  100, 50, 0
L 565.3314, -1342.0603, 1026.2483,  565.3314, -1338.8080, 1026.2483,  100, 50, 0
L 556.0814, -1342.0581, 1026.2483,  556.0812, -1338.8080, 1026.2483,  100, 50, 0
L 565.3314, -1342.0603, 1025.7483,  598.3314, -1342.0569, 1025.7483,  100, 50, 0
L 598.3314, -1342.0569, 1025.7483,  598.3313, -1402.9801, 1025.7483,  100, 50, 0
L 598.3313, -1402.9801, 1025.7483,  523.0813, -1402.9801, 1025.7483,  100, 50, 0
L 523.0813, -1402.9801, 1025.7483,  523.0813, -1342.0585, 1025.7483,  100, 50, 0
L 523.0813, -1342.0585, 1025.7483,  556.0814, -1342.0581, 1025.7483,  100, 50, 0
L 506.0090, -1338.6149, 1025.5099,  506.0089, -1406.0381, 1025.6305,  100, 50, 0
L 506.0089, -1406.0381, 1025.6277,  425.2574, -1406.0376, 1025.2621,  100, 50, 0
L 425.2574, -1406.0376, 1025.1333,  425.2578, -1338.6149, 1024.9701,  100, 50, 0
L 425.2578, -1338.6149, 1024.9961,  461.0084, -1338.6149, 1025.1576,  100, 50, 0
L 470.2584, -1338.6149, 1025.3761,  506.0090, -1338.6149, 1025.4690,  100, 50, 0
L 470.2584, -1338.6149, 1026.2035,  470.2584, -1341.8671, 1026.2035,  100, 50, 0
L 461.0084, -1341.8655, 1026.2035,  461.0084, -1338.6149, 1026.2035,  100, 50, 0
L 470.2584, -1341.8671, 1025.7035,  503.2584, -1341.8643, 1025.7035,  100, 50, 0
L 503.2584, -1341.8643, 1025.7035,  503.2584, -1402.7875, 1025.7035,  100, 50, 0
L 503.2584, -1402.7875, 1025.7035,  428.0084, -1402.7875, 1025.7035,  100, 50, 0
L 428.0084, -1402.7875, 1025.7035,  428.0084, -1341.8655, 1025.7035,  100, 50, 0
L 428.0084, -1341.8655, 1025.7035,  461.0084, -1341.8655, 1025.7035,  100, 50, 0
L 447.0870, -1267.0127, 1023.8400,  346.3357, -1267.0127, 1023.6595,  100, 50, 0
L 346.3357, -1267.0127, 1023.4745,  346.3358, -1186.2615, 1023.2947,  100, 50, 0
L 346.3358, -1186.2615, 1023.2648,  447.0869, -1186.2610, 1022.7692,  100, 50, 0
L 447.0869, -1186.2610, 1022.9700,  447.0870, -1222.0121, 1023.2009,  100, 50, 0
L 447.0869, -1231.2621, 1023.7076,  447.0870, -1267.0127, 1024.0210,  100, 50, 0
L 443.8336, -1231.2621, 1024.6271,  447.0869, -1231.2621, 1024.6271,  100, 50, 0
L 443.8354, -1222.0121, 1024.6270,  447.0870, -1222.0121, 1024.6270,  100, 50, 0
L 443.8336, -1231.2621, 1024.1271,  443.8364, -1264.2621, 1024.1271,  100, 50, 0
L 443.8364, -1264.2621, 1024.1271,  349.5864, -1264.2621, 1024.1270,  100, 50, 0
L 349.5864, -1264.2621, 1024.1270,  349.5864, -1189.0121, 1024.1270,  100, 50, 0
L 349.5864, -1189.0121, 1024.1270,  443.8364, -1189.0099, 1024.1270,  100, 50, 0
L 443.8364, -1189.0099, 1024.1270,  443.8354, -1222.0121, 1024.1270,  100, 50, 0
L 380.1003, -1420.7710, 1030.7759,  380.1003, -1429.8694, 1030.7759,  64, 64, 64
L 380.1003, -1429.8694, 1030.7759,  376.3419, -1468.0016, 1020.7582,  64, 64, 64
L 376.3419, -1468.0016, 1020.7582,  360.7023, -1516.4379, 1001.0754,  64, 64, 64
L 360.7023, -1516.4379, 1001.0754,  348.6430, -1571.4292, 987.1418,  64, 64, 64
L 348.6430, -1571.4292, 987.1418,  338.8384, -1622.5586, 978.3860,  64, 64, 64
L 338.8384, -1622.5586, 978.3860,  318.3308, -1683.3650, 974.4191,  64, 64, 64
L 318.3308, -1683.3650, 974.4191,  283.3342, -1727.0276, 975.9795,  64, 64, 64
L 283.3342, -1727.0276, 975.9795,  237.1398, -1760.8239, 966.4091,  64, 64, 64
L 237.1398, -1760.8239, 966.4091,  181.2560, -1787.5116, 954.8326,  64, 64, 64
L 181.2560, -1787.5116, 954.8326,  135.4688, -1789.0447, 948.8351,  64, 64, 64
L 135.4688, -1789.0447, 948.8351,  102.3937, -1805.8755, 948.8116,  64, 64, 64
L 102.3937, -1805.8755, 948.8116,  82.3458, -1838.4756, 948.8170,  64, 64, 64
L 82.3458, -1838.4756, 948.8170,  77.0810, -1872.8506, 948.8066,  64, 64, 64
L 77.0810, -1872.8506, 948.8066,  89.0494, -1910.2106, 948.8080,  64, 64, 64
L 89.0494, -1910.2106, 948.8080,  115.8775, -1928.3289, 941.1011,  64, 64, 64
L 115.8775, -1928.3289, 941.1011,  171.7824, -1927.7051, 927.6880,  64, 64, 64
L 171.7824, -1927.7051, 927.6880,  233.0259, -1947.4065, 916.1974,  64, 64, 64
L 233.0259, -1947.4065, 916.1974,  293.2935, -1978.0785, 904.9117,  64, 64, 64
L 293.2935, -1978.0785, 904.9117,  308.5873, -2008.8750, 895.1410,  64, 64, 64
L 308.5873, -2008.8750, 895.1410,  335.6431, -2035.0287, 887.5717,  64, 64, 64
L 335.6431, -2035.0287, 887.5717,  368.0846, -2076.8018, 879.7375,  64, 64, 64
L 368.0846, -2076.8018, 879.7375,  406.5757, -2084.4395, 870.2173,  64, 64, 64
L 406.5757, -2084.4395, 870.2173,  448.9378, -2075.7029, 858.9677,  64, 64, 64
L 448.9378, -2075.7029, 858.9677,  479.4893, -2054.6248, 849.3458,  64, 64, 64
L 479.4893, -2054.6248, 849.3458,  502.8099, -2024.1670, 841.4927,  64, 64, 64
L 502.8099, -2024.1670, 841.4927,  526.0854, -1979.9595, 830.1493,  64, 64, 64
L 526.0854, -1979.9595, 830.1493,  569.9177, -1953.4119, 818.9531,  64, 64, 64
L 569.9177, -1953.4119, 818.9531,  626.9173, -1947.4529, 807.5168,  64, 64, 64
L 626.9173, -1947.4529, 807.5168,  676.2224, -1980.5658, 796.2047,  64, 64, 64
L 676.2224, -1980.5658, 796.2047,  672.1599, -2038.5917, 788.5486,  64, 64, 64
L 672.1599, -2038.5917, 788.5486,  646.1356, -2083.4290, 788.5698,  64, 64, 64
L 646.1356, -2083.4290, 788.5698,  624.1682, -2115.7212, 782.8005,  64, 64, 64
L 624.1682, -2115.7212, 782.8005,  618.2805, -2156.8650, 782.7421,  64, 64, 64
L 618.2805, -2156.8650, 782.7421,  633.4675, -2189.0469, 782.8024,  64, 64, 64
L 633.4675, -2189.0469, 782.8024,  626.3783, -2189.9612, 777.5009,  64, 64, 64
L 626.3783, -2189.9612, 777.5009,  622.1285, -2193.2808, 777.5009,  64, 64, 64
L 622.1285, -2193.2808, 777.5009,  617.1959, -2200.3306, 777.5009,  64, 64, 64
L 617.1959, -2200.3306, 777.5009,  614.4188, -2201.2422, 777.5009,  64, 64, 64
L 614.4188, -2201.2422, 777.5009,  611.5146, -2202.3477, 777.5035,  64, 64, 64
L 611.5146, -2202.3477, 777.5035,  603.3761, -2208.8340, 777.5043,  64, 64, 64
L 603.3761, -2208.8340, 777.5043,  601.6990, -2209.5408, 777.5010,  64, 64, 64
L 601.6990, -2209.5408, 777.5010,  596.3356, -2213.4534, 777.5009,  64, 64, 64
L 596.3356, -2213.4534, 777.5009,  591.0842, -2219.0491, 782.7801,  64, 64, 64
L 591.0842, -2219.0491, 782.7801,  575.9810, -2167.2288, 782.8090,  64, 64, 64
L 575.9810, -2167.2288, 782.8090,  590.7190, -2112.2078, 782.8109,  64, 64, 64
L 590.7190, -2112.2078, 782.8109,  626.8588, -2069.3899, 788.5026,  64, 64, 64
L 626.8588, -2069.3899, 788.5026,  638.9227, -2032.6189, 788.6417,  64, 64, 64
L 638.9227, -2032.6189, 788.6417,  637.9023, -2002.0414, 796.0193,  64, 64, 64
L 637.9023, -2002.0414, 796.0193,  611.6233, -1977.5480, 807.5720,  64, 64, 64
L 611.6233, -1977.5480, 807.5720,  574.5555, -1976.5746, 818.8605,  64, 64, 64
L 574.5555, -1976.5746, 818.8605,  543.1456, -1996.5341, 830.1042,  64, 64, 64
L 543.1456, -1996.5341, 830.1042,  525.5892, -2030.8528, 841.5153,  64, 64, 64
L 525.5892, -2030.8528, 841.5153,  500.1205, -2066.5613, 849.2357,  64, 64, 64
L 500.1205, -2066.5613, 849.2357,  463.1479, -2095.1211, 858.7637,  64, 64, 64
L 463.1479, -2095.1211, 858.7637,  416.3827, -2116.7986, 870.0928,  64, 64, 64
L 416.3827, -2116.7986, 870.0928,  365.2220, -2120.4893, 879.6024,  64, 64, 64
L 365.2220, -2120.4893, 879.6024,  317.7849, -2096.6458, 887.2758,  64, 64, 64
L 317.7849, -2096.6458, 887.2758,  276.6120, -2038.8777, 895.2417,  64, 64, 64
L 276.6120, -2038.8777, 895.2417,  233.3755, -1999.1393, 904.9731,  64, 64, 64
L 233.3755, -1999.1393, 904.9731,  197.7597, -1973.3014, 916.0757,  64, 64, 64
L 197.7597, -1973.3014, 916.0757,  157.4286, -1958.2854, 927.6061,  64, 64, 64
L 157.4286, -1958.2854, 927.6061,  115.2010, -1952.1454, 941.1208,  64, 64, 64
L 115.2010, -1952.1454, 941.1208,  70.9244, -1938.6403, 948.8149,  64, 64, 64
L 70.9244, -1938.6403, 948.8149,  35.6120, -1887.0708, 948.8279,  64, 64, 64
L 35.6120, -1887.0708, 948.8279,  19.0656, -1830.8356, 948.8196,  64, 64, 64
L 19.0656, -1830.8356, 948.8196,  65.2218, -1783.0481, 948.8053,  64, 64, 64
L 65.2218, -1783.0481, 948.8053,  121.6456, -1758.4170, 948.8573,  64, 64, 64
L 121.6456, -1758.4170, 948.8573,  180.1892, -1763.8400, 954.8188,  64, 64, 64
L 180.1892, -1763.8400, 954.8188,  228.6679, -1738.7654, 966.3000,  64, 64, 64
L 228.6679, -1738.7654, 966.3000,  267.6626, -1709.2139, 975.9852,  64, 64, 64
L 267.6626, -1709.2139, 975.9852,  287.6574, -1669.3300, 974.4150,  64, 64, 64
L 287.6574, -1669.3300, 974.4150,  295.6092, -1615.4319, 978.2363,  64, 64, 64
L 295.6092, -1615.4319, 978.2363,  316.3777, -1564.2952, 988.1552,  64, 64, 64
L 316.3777, -1564.2952, 988.1552,  337.1247, -1515.6454, 1001.2574,  64, 64, 64
L 337.1247, -1515.6454, 1001.2574,  352.6393, -1467.9595, 1020.7372,  64, 64, 64
L 352.6393, -1467.9595, 1020.7372,  356.9947, -1429.5967, 1029.1758,  64, 64, 64
L 356.9947, -1429.5967, 1029.1758,  357.9184, -1420.1963, 1030.8185,  64, 64, 64
P 1522.2826, 4196.7100, -380.7474,  0, 0, 0,  3,  to_The_Gulf_of_Gunthak
P -2919.7024, 3724.0481, -39.6865,  0, 0, 0,  3,  to_The_Warrens
